Workbook
Name FUNGSI_JABATAN: [1]database!$E$54:$E$56
Name KLASIFIKASI_JABATAN: [1]database!$E$60:$E$65

Sheet CONTROL MP HR
A2: MP SIS & MITRA KERJA 2022 (DATA HR)
A4: NO | B4: ID CONTROL | C4: ID PERUSAHAN | D4: MINE PERMIT ID | E4: NAMA | F4: PERUSAHAN | G4: POSISI | H4: SECTION | I4: KLASIFIKASI JABATAN | J4: FUNGSI JABATAN
A5: 1 | B5: =TEXT(C5,"00000000") -> BAGONG-005 | C5: BAGONG-005 | E5: WALIJO | F5: CV. BAGONG MOTOR | G5: OPERATOR MAN HAUL | H5: HRGA | I5: =IF(J5="A","OPERASIONAL",IF(J5="B","ADMINISTRASI",IF(J5="C","PENGAWAS",IF(J5="D","TEMPORERY")))) -> OPERASIONAL | J5: A | M5: BAGONG-005
A6: =A5+1 -> 2 | B6: =TEXT(C6,"00000000") -> MP/AR | C6: MP/AR | E6: IRHAM MAULANA | F6: PT. ABADI RAYA COMMERCE | G6: GENERAL SERVICE KITCHEN | H6: HRGA | I6: =IF(J6="A","OPERASIONAL",IF(J6="B","ADMINISTRASI",IF(J6="C","PENGAWAS",IF(J6="D","TEMPORERY")))) -> OPERASIONAL | J6: A | M6: MP/AR
A7: =A6+1 -> 3 | B7: =TEXT(C7,"00000000") -> MP/ARCO0141 | C7: MP/ARCO0141 | E7: SAPRI | F7: PT. ABADI RAYA COMMERCE | G7: CHIEF COOK | H7: HRGA | I7: =IF(J7="A","OPERASIONAL",IF(J7="B","ADMINISTRASI",IF(J7="C","PENGAWAS",IF(J7="D","TEMPORERY")))) -> OPERASIONAL | J7: A | M7: MP/ARCO0141
A8: =A7+1 -> 4 | B8: =TEXT(C8,"00000000") -> 3696-0420 | C8: 3696-0420 | E8: RIO MEIDI HERMAWAN | F8: PT. ABADI RAYA COMMERCE | G8: SITE ADMIN | H8: HRGA | I8: =IF(J8="A","OPERASIONAL",IF(J8="B","ADMINISTRASI",IF(J8="C","PENGAWAS",IF(J8="D","TEMPORERY")))) -> ADMINISTRASI | J8: B | M8: 3696-0420
A9: =A8+1 -> 5 | B9: =TEXT(C9,"00000000") -> MP/ARCO0210 | C9: MP/ARCO0210 | E9: YONDI ERPRIANTO | F9: PT. ABADI RAYA COMMERCE | G9: COOK 2 | H9: HRGA | I9: =IF(J9="A","OPERASIONAL",IF(J9="B","ADMINISTRASI",IF(J9="C","PENGAWAS",IF(J9="D","TEMPORERY")))) -> OPERASIONAL | J9: A | M9: MP/ARCO0210
A10: =A9+1 -> 6 | B10: =TEXT(C10,"00000000") -> MP/ARCO0211 | C10: MP/ARCO0211 | E10: ALI MARDANI | F10: PT. ABADI RAYA COMMERCE | G10: DRIVER | H10: HRGA | I10: =IF(J10="A","OPERASIONAL",IF(J10="B","ADMINISTRASI",IF(J10="C","PENGAWAS",IF(J10="D","TEMPORERY")))) -> OPERASIONAL | J10: A | M10: MP/ARCO0211
A11: =A10+1 -> 7 | B11: =TEXT(C11,"00000000") -> MP/ARCO0189 | C11: MP/ARCO0189 | E11: SANDY | F11: PT. ABADI RAYA COMMERCE | G11: GS FACILITIES | H11: HRGA | I11: =IF(J11="A","OPERASIONAL",IF(J11="B","ADMINISTRASI",IF(J11="C","PENGAWAS",IF(J11="D","TEMPORERY")))) -> OPERASIONAL | J11: A | M11: MP/ARCO0189
A12: =A11+1 -> 8 | B12: =TEXT(C12,"00000000") -> ISAC-21120545 | C12: ISAC-21120545 | E12: RUDI AMRI ALFIAN SITORUS | F12: PT. ABADI RAYA COMMERCE | G12: CHIEF COOK | H12: HRGA | I12: =IF(J12="A","OPERASIONAL",IF(J12="B","ADMINISTRASI",IF(J12="C","PENGAWAS",IF(J12="D","TEMPORERY")))) -> OPERASIONAL | J12: A | M12: ISAC-21120545
A13: =A12+1 -> 9 | B13: =TEXT(C13,"00000000") -> ISAC-22082330 | C13: ISAC-22082330 | E13: MUH. ARFAH | F13: PT. ABADI RAYA COMMERCE | G13: SAFETY OFFICER | H13: QHSE | I13: =IF(J13="A","OPERASIONAL",IF(J13="B","ADMINISTRASI",IF(J13="C","PENGAWAS",IF(J13="D","TEMPORERY")))) -> OPERASIONAL | J13: A | M13: ISAC-22082330
A14: =A13+1 -> 10 | B14: =TEXT(C14,"00000000") -> ISAC-21110428 | C14: ISAC-21110428 | E14: SANTI RATNAWATI | F14: PT. ABADI RAYA COMMERCE | G14: SAFETY OFFICER | H14: HRGA | I14: =IF(J14="A","OPERASIONAL",IF(J14="B","ADMINISTRASI",IF(J14="C","PENGAWAS",IF(J14="D","TEMPORERY")))) -> OPERASIONAL | J14: A | M14: ISAC-21110428
A15: =A14+1 -> 11 | B15: =TEXT(C15,"00000000") -> MP/ARCO0129 | C15: MP/ARCO0129 | E15: MUHTADIN | F15: PT. ABADI RAYA COMMERCE | G15: BAKERY | H15: HRGA | I15: =IF(J15="A","OPERASIONAL",IF(J15="B","ADMINISTRASI",IF(J15="C","PENGAWAS",IF(J15="D","TEMPORERY")))) -> OPERASIONAL | J15: A | M15: MP/ARCO0129
A16: =A15+1 -> 12 | B16: =TEXT(C16,"00000000") -> MP/ARCO-0008 | C16: MP/ARCO-0008 | E16: AGUS AMIRUDDIN | F16: PT. ABADI RAYA COMMERCE | G16: BAKERY | H16: HRGA | I16: =IF(J16="A","OPERASIONAL",IF(J16="B","ADMINISTRASI",IF(J16="C","PENGAWAS",IF(J16="D","TEMPORERY")))) -> OPERASIONAL | J16: A | M16: MP/ARCO-0008
A17: =A16+1 -> 13 | B17: =TEXT(C17,"00000000") -> MP/ARCO-0364 | C17: MP/ARCO-0364 | E17: ANDRIANO SONDAKH | F17: PT. ABADI RAYA COMMERCE | G17: GS FACILITIES | H17: HRGA | I17: =IF(J17="A","OPERASIONAL",IF(J17="B","ADMINISTRASI",IF(J17="C","PENGAWAS",IF(J17="D","TEMPORERY")))) -> OPERASIONAL | J17: A | M17: MP/ARCO-0364
... A21: =A20+1 -> 17 | B21: =TEXT(C21,"00000000") -> ISAC-0000078 | C21: ISAC-0000078 | E21: ADELIA | F21: PT. ABADI RAYA COMMERCE | G21: GENERAL SERVICE MESHALL | H21: HRGA | I21: =IF(J21="A","OPERASIONAL",IF(J21="B","ADMINISTRASI",IF(J21="C","PENGAWAS",IF(J21="D","TEMPORERY")))) -> OPERASIONAL | J21: A | M21: ISAC-0000078
A22: =A21+1 -> 18 | B22: =TEXT(C22,"00000000") -> 00000000 | E22: AFDAL WIJAYA | F22: PT. ABADI RAYA COMMERCE | G22: GENERAL SERVICE | H22: HRGA | I22: =IF(J22="A","OPERASIONAL",IF(J22="B","ADMINISTRASI",IF(J22="C","PENGAWAS",IF(J22="D","TEMPORERY")))) -> OPERASIONAL | J22: A | M22: ISAC-22082327
A23: =A22+1 -> 19 | B23: =TEXT(C23,"00000000") -> MP/ARCO329 | C23: MP/ARCO329 | E23: AINI NUDIN | F23: PT. ABADI RAYA COMMERCE | G23: GS FACILITIES | H23: HRGA | I23: =IF(J23="A","OPERASIONAL",IF(J23="B","ADMINISTRASI",IF(J23="C","PENGAWAS",IF(J23="D","TEMPORERY")))) -> OPERASIONAL | J23: A | M23: MP/ARCO329
A24: =A23+1 -> 20 | B24: =TEXT(C24,"00000000") -> ISAC-22011045 | C24: ISAC-22011045 | E24: ARDI TRI FISANTO | F24: PT. ABADI RAYA COMMERCE | G24: GS-HOUSE KEEPING | H24: HRGA | I24: =IF(J24="A","OPERASIONAL",IF(J24="B","ADMINISTRASI",IF(J24="C","PENGAWAS",IF(J24="D","TEMPORERY")))) -> OPERASIONAL | J24: A | M24: ISAC-22011045
A25: =A24+1 -> 21 | B25: =TEXT(C25,"00000000") -> MP/ARCO-137 | C25: MP/ARCO-137 | E25: ARTATY | F25: PT. ABADI RAYA COMMERCE | G25: GENERAL SERVICE MESHALL | H25: HRGA | I25: =IF(J25="A","OPERASIONAL",IF(J25="B","ADMINISTRASI",IF(J25="C","PENGAWAS",IF(J25="D","TEMPORERY")))) -> OPERASIONAL | J25: A | M25: MP/ARCO-137
A26: =A25+1 -> 22 | B26: =TEXT(C26,"00000000") -> MP/ARCO-0375 | C26: MP/ARCO-0375 | E26: CICIT TORO | F26: PT. ABADI RAYA COMMERCE | G26: GS-HKL | H26: HRGA | I26: =IF(J26="A","OPERASIONAL",IF(J26="B","ADMINISTRASI",IF(J26="C","PENGAWAS",IF(J26="D","TEMPORERY")))) -> OPERASIONAL | J26: A | M26: MP/ARCO-0375
A27: =A26+1 -> 23 | B27: =TEXT(C27,"00000000") -> ISAC-000000 | C27: ISAC-000000 | E27: CRIS ADITYA PRATAMA | F27: PT. ABADI RAYA COMMERCE | G27: GS-HKL | H27: HRGA | I27: =IF(J27="A","OPERASIONAL",IF(J27="B","ADMINISTRASI",IF(J27="C","PENGAWAS",IF(J27="D","TEMPORERY")))) -> OPERASIONAL | J27: A | M27: ISAC-000000
A28: =A27+1 -> 24 | B28: =TEXT(C28,"00000000") -> ISAC-22082328 | C28: ISAC-22082328 | E28: DANDI | F28: PT. ABADI RAYA COMMERCE | G28: GENERAL SERVICE | H28: HRGA | I28: =IF(J28="A","OPERASIONAL",IF(J28="B","ADMINISTRASI",IF(J28="C","PENGAWAS",IF(J28="D","TEMPORERY")))) -> OPERASIONAL | J28: A | M28: ISAC-22082328
A29: =A28+1 -> 25 | B29: =TEXT(C29,"00000000") -> ISAC-21100373 | C29: ISAC-21100373 | E29: DICKY WAHYUDI | F29: PT. ABADI RAYA COMMERCE | G29: GS-HKL | H29: HRGA | I29: =IF(J29="A","OPERASIONAL",IF(J29="B","ADMINISTRASI",IF(J29="C","PENGAWAS",IF(J29="D","TEMPORERY")))) -> OPERASIONAL | J29: A | M29: ISAC-21100373
A30: =A29+1 -> 26 | B30: =TEXT(C30,"00000000") -> MP/ARCO-132 | C30: MP/ARCO-132 | E30: EGIUNA SUTERA | F30: PT. ABADI RAYA COMMERCE | G30: GS-HKL | H30: HRGA | I30: =IF(J30="A","OPERASIONAL",IF(J30="B","ADMINISTRASI",IF(J30="C","PENGAWAS",IF(J30="D","TEMPORERY")))) -> OPERASIONAL | J30: A | M30: MP/ARCO-132
A31: =A30+1 -> 27 | B31: =TEXT(C31,"00000000") -> ISAC-22082329 | C31: ISAC-22082329 | E31: ERWIN SUPANDI | F31: PT. ABADI RAYA COMMERCE | G31: GENERAL SERVICE | H31: HRGA | I31: =IF(J31="A","OPERASIONAL",IF(J31="B","ADMINISTRASI",IF(J31="C","PENGAWAS",IF(J31="D","TEMPORERY")))) -> OPERASIONAL | J31: A | M31: ISAC-22082329
A32: =A31+1 -> 28 | B32: =TEXT(C32,"00000000") -> MP/ARCO-19 | C32: MP/ARCO-19 | E32: ESA ITA PURNAMA SARI | F32: PT. ABADI RAYA COMMERCE | G32: GS-HKL | H32: HRGA | I32: =IF(J32="A","OPERASIONAL",IF(J32="B","ADMINISTRASI",IF(J32="C","PENGAWAS",IF(J32="D","TEMPORERY")))) -> OPERASIONAL | J32: A | M32: MP/ARCO-19
A33: =A32+1 -> 29 | B33: =TEXT(C33,"00000000") -> MP/ARCO0335 | C33: MP/ARCO0335 | E33: f | F33: PT. ABADI RAYA COMMERCE | G33: GS-HKL | H33: HRGA | I33: =IF(J33="A","OPERASIONAL",IF(J33="B","ADMINISTRASI",IF(J33="C","PENGAWAS",IF(J33="D","TEMPORERY")))) -> OPERASIONAL | J33: A | M33: MP/ARCO0335
A34: =A33+1 -> 30 | B34: =TEXT(C34,"00000000") -> MP/ARCO-0356 | C34: MP/ARCO-0356 | E34: FERRY DHARMA SAPUTRA | F34: PT. ABADI RAYA COMMERCE | G34: GS-HKL | H34: HRGA | I34: =IF(J34="A","OPERASIONAL",IF(J34="B","ADMINISTRASI",IF(J34="C","PENGAWAS",IF(J34="D","TEMPORERY")))) -> OPERASIONAL | J34: A | M34: MP/ARCO-0356
... A41: =A40+1 -> 37 | B41: =TEXT(C41,"00000000") -> ISAC-000003 | C41: ISAC-000003 | E41: PATIMAH AZAHARA | F41: PT. ABADI RAYA COMMERCE | G41: GENERAL SERVICE MESHALL | H41: HRGA | I41: =IF(J41="A","OPERASIONAL",IF(J41="B","ADMINISTRASI",IF(J41="C","PENGAWAS",IF(J41="D","TEMPORERY")))) -> OPERASIONAL | J41: A | M41: ISAC-000003
A42: =A41+1 -> 38 | B42: =TEXT(C42,"00000000") -> 00000312 | C42: 312 | E42: RAHMANTO | F42: PT. ABADI RAYA COMMERCE | G42: GS-HKL | H42: HRGA | I42: =IF(J42="A","OPERASIONAL",IF(J42="B","ADMINISTRASI",IF(J42="C","PENGAWAS",IF(J42="D","TEMPORERY")))) -> OPERASIONAL | J42: A | M42: 00000312
A43: =A42+1 -> 39 | B43: =TEXT(C43,"00000000") -> MP/ARCO-4002 | C43: MP/ARCO-4002 | E43: RANISA ADE RAHAYU | F43: PT. ABADI RAYA COMMERCE | G43: GENERAL SERVICE MESHALL | H43: HRGA | I43: =IF(J43="A","OPERASIONAL",IF(J43="B","ADMINISTRASI",IF(J43="C","PENGAWAS",IF(J43="D","TEMPORERY")))) -> OPERASIONAL | J43: A | M43: MP/ARCO-4002
A44: =A43+1 -> 40 | B44: =TEXT(C44,"00000000") -> ISAC-21110502 | C44: ISAC-21110502 | E44: RENDANA WANAHARI | F44: PT. ABADI RAYA COMMERCE | G44: GS-HKL | H44: HRGA | I44: =IF(J44="A","OPERASIONAL",IF(J44="B","ADMINISTRASI",IF(J44="C","PENGAWAS",IF(J44="D","TEMPORERY")))) -> OPERASIONAL | J44: A | M44: ISAC-21110502
A45: =A44+1 -> 41 | B45: =TEXT(C45,"00000000") -> MP/ARCO-0354 | C45: MP/ARCO-0354 | E45: RONALDO | F45: PT. ABADI RAYA COMMERCE | G45: DRIVER | H45: HRGA | I45: =IF(J45="A","OPERASIONAL",IF(J45="B","ADMINISTRASI",IF(J45="C","PENGAWAS",IF(J45="D","TEMPORERY")))) -> OPERASIONAL | J45: A | M45: MP/ARCO-0354
A46: =A45+1 -> 42 | B46: =TEXT(C46,"00000000") -> ISAC-000001 | C46: ISAC-000001 | E46: SEPDA SABANO | F46: PT. ABADI RAYA COMMERCE | G46: GS-HKL | H46: HRGA | I46: =IF(J46="A","OPERASIONAL",IF(J46="B","ADMINISTRASI",IF(J46="C","PENGAWAS",IF(J46="D","TEMPORERY")))) -> OPERASIONAL | J46: A | M46: ISAC-000001
A47: =A46+1 -> 43 | B47: =TEXT(C47,"00000000") -> ISAC-21110479 | C47: ISAC-21110479 | E47: SIHANDIKA | F47: PT. ABADI RAYA COMMERCE | G47: GS-HKL | H47: HRGA | I47: =IF(J47="A","OPERASIONAL",IF(J47="B","ADMINISTRASI",IF(J47="C","PENGAWAS",IF(J47="D","TEMPORERY")))) -> OPERASIONAL | J47: A | M47: ISAC-21110479
A48: =A47+1 -> 44 | B48: =TEXT(C48,"00000000") -> ISAC-21110501 | C48: ISAC-21110501 | E48: SRI WULANDARI | F48: PT. ABADI RAYA COMMERCE | G48: GS-HKL | H48: HRGA | I48: =IF(J48="A","OPERASIONAL",IF(J48="B","ADMINISTRASI",IF(J48="C","PENGAWAS",IF(J48="D","TEMPORERY")))) -> OPERASIONAL | J48: A | M48: ISAC-21110501
A49: =A48+1 -> 45 | B49: =TEXT(C49,"00000000") -> ISAC-22021092 | C49: ISAC-22021092 | E49: SYAHRUL SETIAWAN | F49: PT. ABADI RAYA COMMERCE | G49: GS-HKL | H49: HRGA | I49: =IF(J49="A","OPERASIONAL",IF(J49="B","ADMINISTRASI",IF(J49="C","PENGAWAS",IF(J49="D","TEMPORERY")))) -> OPERASIONAL | J49: A | M49: ISAC-22021092
A50: =A49+1 -> 46 | B50: =TEXT(C50,"00000000") -> MP/ARCO0162 | C50: MP/ARCO0162 | E50: TAMJIDILLAH | F50: PT. ABADI RAYA COMMERCE | G50: SUPERVISOR HOUSEKEEPING | H50: HRGA | I50: =IF(J50="A","OPERASIONAL",IF(J50="B","ADMINISTRASI",IF(J50="C","PENGAWAS",IF(J50="D","TEMPORERY")))) -> PENGAWAS | J50: C | M50: MP/ARCO0162
A51: =A50+1 -> 47 | B51: =TEXT(C51,"00000000") -> ISAC-22082356 | C51: ISAC-22082356 | E51: TANTRIADI | F51: PT. ABADI RAYA COMMERCE | G51: GENERAL SERVICE | H51: HRGA | I51: =IF(J51="A","OPERASIONAL",IF(J51="B","ADMINISTRASI",IF(J51="C","PENGAWAS",IF(J51="D","TEMPORERY")))) -> OPERASIONAL | J51: A | M51: ISAC-22082356
A52: =A51+1 -> 48 | B52: =TEXT(C52,"00000000") -> MP/ARCO0208 | C52: MP/ARCO0208 | E52: TITIN AGUSTINA | F52: PT. ABADI RAYA COMMERCE | G52: GS-HKL | H52: HRGA | I52: =IF(J52="A","OPERASIONAL",IF(J52="B","ADMINISTRASI",IF(J52="C","PENGAWAS",IF(J52="D","TEMPORERY")))) -> OPERASIONAL | J52: A | M52: MP/ARCO0208
A53: =A52+1 -> 49 | B53: =TEXT(C53,"00000000") -> ISAC-21110497 | C53: ISAC-21110497 | E53: UJANG | F53: PT. ABADI RAYA COMMERCE | G53: GS FACILITIES | H53: HRGA | I53: =IF(J53="A","OPERASIONAL",IF(J53="B","ADMINISTRASI",IF(J53="C","PENGAWAS",IF(J53="D","TEMPORERY")))) -> OPERASIONAL | J53: A | M53: ISAC-21110497
A54: =A53+1 -> 50 | B54: =TEXT(C54,"00000000") -> MP/ARCO-0371 | C54: MP/ARCO-0371 | E54: WAHYU DINNOR | F54: PT. ABADI RAYA COMMERCE | G54: GS-HKL | H54: HRGA | I54: =IF(J54="A","OPERASIONAL",IF(J54="B","ADMINISTRASI",IF(J54="C","PENGAWAS",IF(J54="D","TEMPORERY")))) -> OPERASIONAL | J54: A | M54: MP/ARCO-0371
... A81: =A80+1 -> 77 | B81: =TEXT(C81,"00000000") -> ISAC-22021071 | C81: ISAC-22021071 | E81: SEPTIAN HERYANTO | F81: PT. ABADI RAYA COMMERCE | G81: COOK 2 | H81: HRGA | I81: =IF(J81="A","OPERASIONAL",IF(J81="B","ADMINISTRASI",IF(J81="C","PENGAWAS",IF(J81="D","TEMPORERY")))) -> OPERASIONAL | J81: A | M81: ISAC-22021071
A82: =A81+1 -> 78 | B82: =TEXT(C82,"00000000") -> 00000317 | C82: 317 | E82: WAWAN KURNIAWAN | F82: PT. ABADI RAYA COMMERCE | G82: COOK 1 | H82: HRGA | I82: =IF(J82="A","OPERASIONAL",IF(J82="B","ADMINISTRASI",IF(J82="C","PENGAWAS",IF(J82="D","TEMPORERY")))) -> OPERASIONAL | J82: A | M82: 00000317
A83: =A82+1 -> 79 | B83: =TEXT(C83,"00000000") -> ISAC-22061745 | C83: ISAC-22061745 | E83: YANSEN SAMBOW | F83: PT. ABADI RAYA COMMERCE | G83: DRIVER | H83: HRGA | I83: =IF(J83="A","OPERASIONAL",IF(J83="B","ADMINISTRASI",IF(J83="C","PENGAWAS",IF(J83="D","TEMPORERY")))) -> OPERASIONAL | J83: A | M83: ISAC-22061745
A84: =A83+1 -> 80 | B84: =TEXT(C84,"00000000") -> MP/ARCO-0348 | C84: MP/ARCO-0348 | E84: GUNAWAN | F84: PT. ABADI RAYA COMMERCE | G84: GS-HKL | H84: HRGA | I84: =IF(J84="A","OPERASIONAL",IF(J84="B","ADMINISTRASI",IF(J84="C","PENGAWAS",IF(J84="D","TEMPORERY")))) -> OPERASIONAL | J84: A | M84: MP/ARCO-0348
A85: =A84+1 -> 81 | B85: =TEXT(C85,"00000000") -> 00212634 | C85: 212634 | E85: Wasino | F85: PT. Bandang Mining Coal | G85: OPERATOR DT | H85: Produksi | I85: =IF(J85="A","OPERASIONAL",IF(J85="B","ADMINISTRASI",IF(J85="C","PENGAWAS",IF(J85="D","TEMPORERY")))) -> OPERASIONAL | J85: A | M85: 00212634
A86: =A85+1 -> 82 | B86: =TEXT(C86,"00000000") -> 00212264 | C86: 212264 | E86: Teddy Adam | F86: PT. Bandang Mining Coal | G86: Junior Mekanik | H86: Produksi | I86: =IF(J86="A","OPERASIONAL",IF(J86="B","ADMINISTRASI",IF(J86="C","PENGAWAS",IF(J86="D","TEMPORERY")))) -> OPERASIONAL | J86: A | M86: 00212264
A87: =A86+1 -> 83 | B87: =TEXT(C87,"00000000") -> 00192256 | C87: 192256 | E87: Amser Pakpahan | F87: PT. Bandang Mining Coal | G87: OPERATOR EXCAVATOR | H87: Produksi | I87: =IF(J87="A","OPERASIONAL",IF(J87="B","ADMINISTRASI",IF(J87="C","PENGAWAS",IF(J87="D","TEMPORERY")))) -> OPERASIONAL | J87: A | M87: 00192256
A88: =A87+1 -> 84 | B88: =TEXT(C88,"00000000") -> 00291057 | C88: 291057 | E88: Suyoni Setyana | F88: PT. Bandang Mining Coal | G88: PJO | H88: Produksi | I88: =IF(J88="A","OPERASIONAL",IF(J88="B","ADMINISTRASI",IF(J88="C","PENGAWAS",IF(J88="D","TEMPORERY")))) -> PENGAWAS | J88: C | M88: 00291057
A89: =A88+1 -> 85 | B89: =TEXT(C89,"00000000") -> 00212518 | C89: 212518 | E89: Al Ihya Maulana | F89: PT. Bandang Mining Coal | G89: OPERATOR DT | H89: Produksi | I89: =IF(J89="A","OPERASIONAL",IF(J89="B","ADMINISTRASI",IF(J89="C","PENGAWAS",IF(J89="D","TEMPORERY")))) -> OPERASIONAL | J89: A | M89: 00212518
A90: =A89+1 -> 86 | B90: =TEXT(C90,"00000000") -> 00212447 | C90: 212447 | E90: Heri Susanto | F90: PT. Bandang Mining Coal | G90: OPERATOR DT | H90: Produksi | I90: =IF(J90="A","OPERASIONAL",IF(J90="B","ADMINISTRASI",IF(J90="C","PENGAWAS",IF(J90="D","TEMPORERY")))) -> OPERASIONAL | J90: A | M90: 00212447
A91: =A90+1 -> 87 | B91: =TEXT(C91,"00000000") -> 00192276 | C91: 192276 | E91: Joy Manris Manullang | F91: PT. Bandang Mining Coal | G91: HELPER ALAT BERAT | H91: Produksi | I91: =IF(J91="A","OPERASIONAL",IF(J91="B","ADMINISTRASI",IF(J91="C","PENGAWAS",IF(J91="D","TEMPORERY")))) -> OPERASIONAL | J91: A | M91: 00192276
A92: =A91+1 -> 88 | B92: =TEXT(C92,"00000000") -> 00212503 | C92: 212503 | E92: Juhelmi | F92: PT. Bandang Mining Coal | G92: OPERATOR DT | H92: Produksi | I92: =IF(J92="A","OPERASIONAL",IF(J92="B","ADMINISTRASI",IF(J92="C","PENGAWAS",IF(J92="D","TEMPORERY")))) -> OPERASIONAL | J92: A | M92: 00212503
A93: =A92+1 -> 89 | B93: =TEXT(C93,"00000000") -> 00212505 | C93: 212505 | E93: Niko Adiatnor | F93: PT. Bandang Mining Coal | G93: OPERATOR DT | H93: Produksi | I93: =IF(J93="A","OPERASIONAL",IF(J93="B","ADMINISTRASI",IF(J93="C","PENGAWAS",IF(J93="D","TEMPORERY")))) -> OPERASIONAL | J93: A | M93: 00212505
A94: =A93+1 -> 90 | B94: =TEXT(C94,"00000000") -> 00212516 | C94: 212516 | E94: Wahyuni Efendi | F94: PT. Bandang Mining Coal | G94: OPERATOR DT | H94: Produksi | I94: =IF(J94="A","OPERASIONAL",IF(J94="B","ADMINISTRASI",IF(J94="C","PENGAWAS",IF(J94="D","TEMPORERY")))) -> OPERASIONAL | J94: A | M94: 00212516
A95: =A94+1 -> 91 | B95: =TEXT(C95,"00000000") -> 00192091 | C95: 192091 | E95: Adrian Erwin Mamait | F95: PT. Bandang Mining Coal | G95: GROUP LEADER PRODUKSI | H95: Produksi | I95: =IF(J95="A","OPERASIONAL",IF(J95="B","ADMINISTRASI",IF(J95="C","PENGAWAS",IF(J95="D","TEMPORERY")))) -> PENGAWAS | J95: C | M95: 00192091
A96: =A95+1 -> 92 | B96: =TEXT(C96,"00000000") -> 00172047 | C96: 172047 | E96: Buliher Napitupulu | F96: PT. Bandang Mining Coal | G96: GL. PRODUKSI | H96: Produksi | I96: =IF(J96="A","OPERASIONAL",IF(J96="B","ADMINISTRASI",IF(J96="C","PENGAWAS",IF(J96="D","TEMPORERY")))) -> OPERASIONAL | J96: A | M96: 00172047
... A110: =A109+1 -> 106 | B110: =TEXT(C110,"00000000") -> 00212159 | C110: 212159 | E110: Nugroho Dwi Susanto | F110: PT. Bandang Mining Coal | G110: OPERATOR DT | H110: Produksi | I110: =IF(J110="A","OPERASIONAL",IF(J110="B","ADMINISTRASI",IF(J110="C","PENGAWAS",IF(J110="D","TEMPORERY")))) -> OPERASIONAL | J110: A | M110: 00212159
A111: =A110+1 -> 107 | B111: =TEXT(C111,"00000000") -> 00000000 | E111: Agus Riyadi | F111: PT. Bandang Mining Coal | G111: DRIVER DT | H111: Produksi | I111: =IF(J111="A","OPERASIONAL",IF(J111="B","ADMINISTRASI",IF(J111="C","PENGAWAS",IF(J111="D","TEMPORERY")))) -> OPERASIONAL | J111: A | M111: 00000000
A112: =A111+1 -> 108 | B112: =TEXT(C112,"00000000") -> 00000000 | E112: M. Hida Nur Yazid | F112: PT. Bandang Mining Coal | G112: DRIVER DT | H112: Produksi | I112: =IF(J112="A","OPERASIONAL",IF(J112="B","ADMINISTRASI",IF(J112="C","PENGAWAS",IF(J112="D","TEMPORERY")))) -> OPERASIONAL | J112: A | M112: 00000000
A113: =A112+1 -> 109 | B113: =TEXT(C113,"00000000") -> 00000000 | E113: Syaefulloh | F113: PT. Bandang Mining Coal | G113: DRIVER DT | H113: Produksi | I113: =IF(J113="A","OPERASIONAL",IF(J113="B","ADMINISTRASI",IF(J113="C","PENGAWAS",IF(J113="D","TEMPORERY")))) -> OPERASIONAL | J113: A | M113: 00000000
A114: =A113+1 -> 110 | B114: =TEXT(C114,"00000000") -> 00000000 | E114: Adji Dinnor | F114: PT. Bandang Mining Coal | G114: DRIVER DT | H114: Produksi | I114: =IF(J114="A","OPERASIONAL",IF(J114="B","ADMINISTRASI",IF(J114="C","PENGAWAS",IF(J114="D","TEMPORERY")))) -> OPERASIONAL | J114: A | M114: 00000000
A115: =A114+1 -> 111 | B115: =TEXT(C115,"00000000") -> 00000000 | E115: Dio Satrio | F115: PT. Bandang Mining Coal | G115: ADMIN PRODUKSI | H115: Produksi | I115: =IF(J115="A","OPERASIONAL",IF(J115="B","ADMINISTRASI",IF(J115="C","PENGAWAS",IF(J115="D","TEMPORERY")))) -> ADMINISTRASI | J115: B | M115: 00000000
A116: =A115+1 -> 112 | B116: =TEXT(C116,"00000000") -> 00000000 | E116: Sihar Hasitongan Purba | F116: PT. Bandang Mining Coal | G116: OPERATOR DT | H116: Produksi | I116: =IF(J116="A","OPERASIONAL",IF(J116="B","ADMINISTRASI",IF(J116="C","PENGAWAS",IF(J116="D","TEMPORERY")))) -> OPERASIONAL | J116: A | M116: 00000000
A117: =A116+1 -> 113 | B117: =TEXT(C117,"00000000") -> 00000000 | E117: Heri Kuswanto | F117: PT. Bandang Mining Coal | G117: DRIVER DT | H117: Produksi | I117: =IF(J117="A","OPERASIONAL",IF(J117="B","ADMINISTRASI",IF(J117="C","PENGAWAS",IF(J117="D","TEMPORERY")))) -> OPERASIONAL | J117: A | M117: 00000000
A118: =A117+1 -> 114 | B118: =TEXT(C118,"00000000") -> 00212826 | C118: 212826 | E118: Agus Efendi | F118: PT. Bandang Mining Coal | G118: DRIVER DT | H118: Produksi | I118: =IF(J118="A","OPERASIONAL",IF(J118="B","ADMINISTRASI",IF(J118="C","PENGAWAS",IF(J118="D","TEMPORERY")))) -> OPERASIONAL | J118: A | M118: 00212826
A119: =A118+1 -> 115 | B119: =TEXT(C119,"00000000") -> 00222431 | C119: 222431 | E119: Benteng Andi Saputra Harahap | F119: PT. Bandang Mining Coal | G119: DRIVER DT | H119: Produksi | I119: =IF(J119="A","OPERASIONAL",IF(J119="B","ADMINISTRASI",IF(J119="C","PENGAWAS",IF(J119="D","TEMPORERY")))) -> OPERASIONAL | J119: A | M119: 00222431
A120: =A119+1 -> 116 | B120: =TEXT(C120,"00000000") -> 00000000 | E120: Davit Efendi | F120: PT. Bandang Mining Coal | G120: MEKANIK | H120: Produksi | I120: =IF(J120="A","OPERASIONAL",IF(J120="B","ADMINISTRASI",IF(J120="C","PENGAWAS",IF(J120="D","TEMPORERY")))) -> OPERASIONAL | J120: A | M120: 00000000
A121: =A120+1 -> 117 | B121: =TEXT(C121,"00000000") -> 00000000 | E121: Devy Batu Fany | F121: PT. Bandang Mining Coal | G121: DRIVER DT | H121: Produksi | I121: =IF(J121="A","OPERASIONAL",IF(J121="B","ADMINISTRASI",IF(J121="C","PENGAWAS",IF(J121="D","TEMPORERY")))) -> OPERASIONAL | J121: A | M121: 00000000
A122: =A121+1 -> 118 | B122: =TEXT(C122,"00000000") -> 00000000 | E122: Joko Triono | F122: PT. Bandang Mining Coal | G122: DRIVER DT | H122: Produksi | I122: =IF(J122="A","OPERASIONAL",IF(J122="B","ADMINISTRASI",IF(J122="C","PENGAWAS",IF(J122="D","TEMPORERY")))) -> OPERASIONAL | J122: A | M122: 00000000
A123: =A122+1 -> 119 | B123: =TEXT(C123,"00000000") -> 00000000 | E123: Martin Simatupang | F123: PT. Bandang Mining Coal | G123: MEKANIK | H123: Produksi | I123: =IF(J123="A","OPERASIONAL",IF(J123="B","ADMINISTRASI",IF(J123="C","PENGAWAS",IF(J123="D","TEMPORERY")))) -> OPERASIONAL | J123: A | M123: 00000000
A124: =A123+1 -> 120 | B124: =TEXT(C124,"00000000") -> 00000000 | E124: Muhamad Riansyah | F124: PT. Bandang Mining Coal | G124: DRIVER DT | H124: Produksi | I124: =IF(J124="A","OPERASIONAL",IF(J124="B","ADMINISTRASI",IF(J124="C","PENGAWAS",IF(J124="D","TEMPORERY")))) -> OPERASIONAL | J124: A | M124: 00000000
A125: =A124+1 -> 121 | B125: =TEXT(C125,"00000000") -> 00222427 | C125: 222427 | E125: Muhammad Robit Bawafie | F125: PT. Bandang Mining Coal | G125: MEKANIK | H125: Produksi | I125: =IF(J125="A","OPERASIONAL",IF(J125="B","ADMINISTRASI",IF(J125="C","PENGAWAS",IF(J125="D","TEMPORERY")))) -> OPERASIONAL | J125: A | M125: 00222427
A126: =A125+1 -> 122 | B126: =TEXT(C126,"00000000") -> 00000000 | E126: Rahmat Anugrah | F126: PT. Bandang Mining Coal | G126: DRIVER DT | H126: Produksi | I126: =IF(J126="A","OPERASIONAL",IF(J126="B","ADMINISTRASI",IF(J126="C","PENGAWAS",IF(J126="D","TEMPORERY")))) -> OPERASIONAL | J126: A | M126: 00000000
A127: =A126+1 -> 123 | B127: =TEXT(C127,"00000000") -> 00212597 | C127: 212597 | E127: Rizal Hotmatua Siregar | F127: PT. Bandang Mining Coal | G127: GL LOGISTIK | H127: Produksi | I127: =IF(J127="A","OPERASIONAL",IF(J127="B","ADMINISTRASI",IF(J127="C","PENGAWAS",IF(J127="D","TEMPORERY")))) -> OPERASIONAL | J127: A | M127: 00212597
A128: =A127+1 -> 124 | B128: =TEXT(C128,"00000000") -> LSS-001 | C128: LSS-001 | E128: Tofa Aprian Dwi Saputra | F128: PT. Bandang Mining Coal | G128: Mekanik | H128: Produksi | I128: =IF(J128="A","OPERASIONAL",IF(J128="B","ADMINISTRASI",IF(J128="C","PENGAWAS",IF(J128="D","TEMPORERY")))) -> OPERASIONAL | J128: A | M128: LSS-001
A129: =A128+1 -> 125 | B129: =TEXT(C129,"00000000") -> 00000000 | E129: Ibrahim | F129: PT. Bandang Mining Coal | G129: DRIVER DT | H129: Produksi | I129: =IF(J129="A","OPERASIONAL",IF(J129="B","ADMINISTRASI",IF(J129="C","PENGAWAS",IF(J129="D","TEMPORERY")))) -> OPERASIONAL | J129: A | M129: 00000000
A130: =A129+1 -> 126 | B130: =TEXT(C130,"00000000") -> 00000000 | E130: Solikhun | F130: PT. Bandang Mining Coal | G130: DRIVER DT | H130: Produksi | I130: =IF(J130="A","OPERASIONAL",IF(J130="B","ADMINISTRASI",IF(J130="C","PENGAWAS",IF(J130="D","TEMPORERY")))) -> OPERASIONAL | J130: A | M130: 00000000
A131: =A130+1 -> 127 | B131: =TEXT(C131,"00000000") -> 00222049 | C131: 222049 | E131: Novendri Febri Aldy | F131: PT. Bandang Mining Coal | G131: ADMIN LOGISTIK | H131: Produksi | I131: =IF(J131="A","OPERASIONAL",IF(J131="B","ADMINISTRASI",IF(J131="C","PENGAWAS",IF(J131="D","TEMPORERY")))) -> ADMINISTRASI | J131: B | M131: 00222049
A132: =A131+1 -> 128 | B132: =TEXT(C132,"00000000") -> 00222050 | C132: 222050 | E132: Andrean bagus Saputra | F132: PT. Bandang Mining Coal | G132: HELPER ALAT BERAT | H132: Produksi | I132: =IF(J132="A","OPERASIONAL",IF(J132="B","ADMINISTRASI",IF(J132="C","PENGAWAS",IF(J132="D","TEMPORERY")))) -> OPERASIONAL | J132: A | M132: 00222050
A133: =A132+1 -> 129 | B133: =TEXT(C133,"00000000") -> 00000000 | E133: Dedi Andika PUTRA | F133: PT. Bandang Mining Coal | G133: OPERATOR DT | H133: Produksi | I133: =IF(J133="A","OPERASIONAL",IF(J133="B","ADMINISTRASI",IF(J133="C","PENGAWAS",IF(J133="D","TEMPORERY")))) -> OPERASIONAL | J133: A | M133: 00000000
A134: =A133+1 -> 130 | B134: =TEXT(C134,"00000000") -> 00000000 | E134: M. Sena Brilyan A | F134: PT. Bandang Mining Coal | G134: GL Hauling | H134: Produksi | I134: =IF(J134="A","OPERASIONAL",IF(J134="B","ADMINISTRASI",IF(J134="C","PENGAWAS",IF(J134="D","TEMPORERY")))) -> PENGAWAS | J134: C | M134: 00000000
A135: =A134+1 -> 131 | B135: =TEXT(C135,"00000000") -> 00000000 | E135: Renda Adi Pratama | F135: PT. Bandang Mining Coal | G135: DRIVER DT | H135: Produksi | I135: =IF(J135="A","OPERASIONAL",IF(J135="B","ADMINISTRASI",IF(J135="C","PENGAWAS",IF(J135="D","TEMPORERY")))) -> OPERASIONAL | J135: A | M135: 00000000
A136: =A135+1 -> 132 | B136: =TEXT(C136,"00000000") -> 00000000 | E136: Syavik Udin Febrianto | F136: PT. Bandang Mining Coal | G136: DRIVER DT | H136: Produksi | I136: =IF(J136="A","OPERASIONAL",IF(J136="B","ADMINISTRASI",IF(J136="C","PENGAWAS",IF(J136="D","TEMPORERY")))) -> OPERASIONAL | J136: A | M136: 00000000
A137: =A136+1 -> 133 | B137: =TEXT(C137,"00000000") -> 00000000 | E137: Tersera Dwi Irianto | F137: PT. Bandang Mining Coal | G137: DRIVER DT | H137: Produksi | I137: =IF(J137="A","OPERASIONAL",IF(J137="B","ADMINISTRASI",IF(J137="C","PENGAWAS",IF(J137="D","TEMPORERY")))) -> OPERASIONAL | J137: A | M137: 00000000
A138: =A137+1 -> 134 | B138: =TEXT(C138,"00000000") -> 00222197 | C138: 222197 | E138: Junaedi Tri Mulyono | F138: PT. Bandang Mining Coal | G138: GL MEKANIK | H138: Produksi | I138: =IF(J138="A","OPERASIONAL",IF(J138="B","ADMINISTRASI",IF(J138="C","PENGAWAS",IF(J138="D","TEMPORERY")))) -> OPERASIONAL | J138: A | M138: 00222197
A139: =A138+1 -> 135 | B139: =TEXT(C139,"00000000") -> 00000000 | E139: Hendro | F139: PT. Bandang Mining Coal | G139: DRIVER DT | H139: Produksi | I139: =IF(J139="A","OPERASIONAL",IF(J139="B","ADMINISTRASI",IF(J139="C","PENGAWAS",IF(J139="D","TEMPORERY")))) -> OPERASIONAL | J139: A | M139: 00000000
A140: =A139+1 -> 136 | B140: =TEXT(C140,"00000000") -> 00000000 | E140: Jefrianto Rangga Padulang | F140: PT. Bandang Mining Coal | G140: DRIVER DT | H140: Produksi | I140: =IF(J140="A","OPERASIONAL",IF(J140="B","ADMINISTRASI",IF(J140="C","PENGAWAS",IF(J140="D","TEMPORERY")))) -> OPERASIONAL | J140: A | M140: 00000000
A141: =A140+1 -> 137 | B141: =TEXT(C141,"00000000") -> 00000000 | E141: Jully Halif | F141: PT. Bandang Mining Coal | G141: OPERATOR DT | H141: Produksi | I141: =IF(J141="A","OPERASIONAL",IF(J141="B","ADMINISTRASI",IF(J141="C","PENGAWAS",IF(J141="D","TEMPORERY")))) -> OPERASIONAL | J141: A | M141: 00000000
A142: =A141+1 -> 138 | B142: =TEXT(C142,"00000000") -> 00000000 | E142: Krismon | F142: PT. Bandang Mining Coal | G142: OPERATOR DT | H142: Produksi | I142: =IF(J142="A","OPERASIONAL",IF(J142="B","ADMINISTRASI",IF(J142="C","PENGAWAS",IF(J142="D","TEMPORERY")))) -> OPERASIONAL | J142: A | M142: 00000000
A143: =A142+1 -> 139 | B143: =TEXT(C143,"00000000") -> 00000000 | E143: Ramun Taujan | F143: PT. Bandang Mining Coal | G143: DRIVER DT | H143: Produksi | I143: =IF(J143="A","OPERASIONAL",IF(J143="B","ADMINISTRASI",IF(J143="C","PENGAWAS",IF(J143="D","TEMPORERY")))) -> OPERASIONAL | J143: A | M143: 00000000
A144: =A143+1 -> 140 | B144: =TEXT(C144,"00000000") -> 00000000 | E144: Sadi | F144: PT. Bandang Mining Coal | G144: OPERATOR DT | H144: Produksi | I144: =IF(J144="A","OPERASIONAL",IF(J144="B","ADMINISTRASI",IF(J144="C","PENGAWAS",IF(J144="D","TEMPORERY")))) -> OPERASIONAL | J144: A | M144: 00000000
A145: =A144+1 -> 141 | B145: =TEXT(C145,"00000000") -> 00000000 | E145: Ali Ansori | F145: PT. Bandang Mining Coal | G145: DRIVER DT | H145: Produksi | I145: =IF(J145="A","OPERASIONAL",IF(J145="B","ADMINISTRASI",IF(J145="C","PENGAWAS",IF(J145="D","TEMPORERY")))) -> OPERASIONAL | J145: A | M145: 00000000
A146: =A145+1 -> 142 | B146: =TEXT(C146,"00000000") -> 00000000 | E146: Arif Septyan Handyanto | F146: PT. Bandang Mining Coal | G146: DRIVER DT | H146: Produksi | I146: =IF(J146="A","OPERASIONAL",IF(J146="B","ADMINISTRASI",IF(J146="C","PENGAWAS",IF(J146="D","TEMPORERY")))) -> OPERASIONAL | J146: A | M146: 00000000
A147: =A146+1 -> 143 | B147: =TEXT(C147,"00000000") -> 00000000 | E147: Heri Dwi Prianto | F147: PT. Bandang Mining Coal | G147: DRIVER DT | H147: Produksi | I147: =IF(J147="A","OPERASIONAL",IF(J147="B","ADMINISTRASI",IF(J147="C","PENGAWAS",IF(J147="D","TEMPORERY")))) -> OPERASIONAL | J147: A | M147: 00000000
A148: =A147+1 -> 144 | B148: =TEXT(C148,"00000000") -> 00000000 | E148: Ekawanto | F148: PT. Bandang Mining Coal | G148: DRIVER DT | H148: Produksi | I148: =IF(J148="A","OPERASIONAL",IF(J148="B","ADMINISTRASI",IF(J148="C","PENGAWAS",IF(J148="D","TEMPORERY")))) -> OPERASIONAL | J148: A | M148: 00000000
A149: =A148+1 -> 145 | B149: =TEXT(C149,"00000000") -> 00222203 | C149: 222203 | E149: Jaka Satria | F149: PT. Bandang Mining Coal | G149: DRIVER DT | H149: Produksi | I149: =IF(J149="A","OPERASIONAL",IF(J149="B","ADMINISTRASI",IF(J149="C","PENGAWAS",IF(J149="D","TEMPORERY")))) -> OPERASIONAL | J149: A | M149: 00222203
A150: =A149+1 -> 146 | B150: =TEXT(C150,"00000000") -> 00000000 | E150: Waliadi | F150: PT. Bandang Mining Coal | G150: OPERATOR DT | H150: Produksi | I150: =IF(J150="A","OPERASIONAL",IF(J150="B","ADMINISTRASI",IF(J150="C","PENGAWAS",IF(J150="D","TEMPORERY")))) -> OPERASIONAL | J150: A | M150: 00000000
...

Sheet VALIDASI
A1: PERUSAHAAN
A2: PT. SAPTAINDRA SEJATI
A3: PT. ABADI RAYA COMMERCE
A4: PT. BANDANG MINING COAL
A5: PT. BORNEO MURA PERKASA
A6: PT. CHIESA MANDIRI UTAMA
A7: PT. CIPTA HYDROPOWER ABADI
A8: PT. DEMITRA KARSA PERDANA A5
A9: PT. EKA DHARMA JAYA SAKTI
A10: PT. EPIROC SOUTHERN ASIA
A11: PT. KINAYA MULTI KONSTRUKSI
A12: PT. LIEBHERR
... A21: PT. VERDANCO ENGINEERING

Sheet INDIVIDUAL RECORD
C6: INDIVIDUAL SHE TRAINING RECORD
C7: NRP | E7: : | F7: 80002071
C8: NAMA | E8: : | F8: =VLOOKUP($F$7,'Data Training 2022'!$B$6:$XFD$1048576,4,FALSE) -> DANCE TANGNGA
C9: PERUSAHAAN | E9: : | F9: =VLOOKUP($F$7,'Data Training 2022'!$B$6:$XFD$1048576,5,FALSE) -> PT. SAPTAINDRA SEJATI
C10: POSISI | E10: : | F10: =VLOOKUP($F$7,'Data Training 2022'!$B$6:$XFD$1048576,6,FALSE) -> GROUP LEADER
C11: SECTION | E11: : | F11: =VLOOKUP($F$7,'Data Training 2022'!$B$6:$XFD$1048576,7,FALSE) -> PRODUKSI
C12: FUNGSI JABATAN | E12: : | F12: =VLOOKUP($F$7,'Data Training 2022'!$B$6:$XFD$1048576,11,FALSE) -> PENGAWAS
C14: NO | D14: JENIS TRAINING | F14: TANGGAL TRAINING | G14: KETERANGAN
C15: 1 | D15: POP | F15: =VLOOKUP($F$7,'Data Training 2022'!$B$6:$XFD$1048576,14,FALSE) -> 44145
C16: 2 | D16: POM | F16: =VLOOKUP($F$7,'Data Training 2022'!$B$6:$XFD$1048576,15,FALSE)
C17: 3 | D17: POU | F17: =VLOOKUP($F$7,'Data Training 2022'!$B$6:$XFD$1048576,16,FALSE)
C18: 4 | D18: PEMBEKALAN POP | F18: =VLOOKUP($F$7,'Data Training 2022'!$B$6:$XFD$1048576,18,FALSE) | G18: =VLOOKUP($F$7,'Data Training 2022'!$B$6:$XFD$1048576,19,FALSE)
C19: 5 | D19: INDUKSI | F19: =VLOOKUP($F$7,'Data Training 2022'!$B$6:$XFD$1048576,21,FALSE) -> #N/A | G19: =VLOOKUP($F$7,'Data Training 2022'!$B$6:$XFD$1048576,22,FALSE) -> LULUS
C20: 6 | D20: REINDUKSI | F20: =VLOOKUP($F$7,'Data Training 2022'!$B$6:$XFD$1048576,24,FALSE) -> 44758 | G20: =VLOOKUP($F$7,'Data Training 2022'!$B$6:$XFD$1048576,25,FALSE) -> LULUS
C21: 7 | D21: BSA | F21: =VLOOKUP($F$7,'Data Training 2022'!$B$6:$XFD$1048576,27,FALSE) -> 0 | G21: =VLOOKUP($F$7,'Data Training 2022'!$B$6:$XFD$1048576,28,FALSE)
D22: BLS | F22: =VLOOKUP($F$7,'Data Training 2022'!$B$6:$XFD$1048576,30,FALSE) -> 0 | G22: =VLOOKUP($F$7,'Data Training 2022'!$B$6:$XFD$1048576,31,FALSE) -> 0
C23: 9 | D23: ISOLASI | F23: =VLOOKUP($F$7,'Data Training 2022'!$B$6:$XFD$1048576,33,FALSE) -> 0 | G23: =VLOOKUP($F$7,'Data Training 2022'!$B$6:$XFD$1048576,34,FALSE)
C24: 10 | D24: DEKAT AIR | F24: =VLOOKUP($F$7,'Data Training 2022'!$B$6:$XFD$1048576,36,FALSE) -> 0 | G24: =VLOOKUP($F$7,'Data Training 2022'!$B$6:$XFD$1048576,37,FALSE)
C25: 11 | D25: KETINGGIAN | F25: =VLOOKUP($F$7,'Data Training 2022'!$B$6:$XFD$1048576,39,FALSE) -> 0 | G25: =VLOOKUP($F$7,'Data Training 2022'!$B$6:$XFD$1048576,40,FALSE)
C26: 12 | D26: RUANG TERBATAS | F26: =VLOOKUP($F$7,'Data Training 2022'!$B$6:$XFD$1048576,42,FALSE) -> 0 | G26: =VLOOKUP($F$7,'Data Training 2022'!$B$6:$XFD$1048576,43,FALSE) -> 0
C27: 13 | D27: TOOLSKEEPER | F27: =VLOOKUP($F$7,'Data Training 2022'!$B$6:$XFD$1048576,45,FALSE) -> 0 | G27: =VLOOKUP($F$7,'Data Training 2022'!$B$6:$XFD$1048576,46,FALSE)

Sheet Dashboard
A1: TRAINING KARYAWAN 2022
A2: PERUSAHAAN | B2: SECTION | C2: PEMBEKALAN POP | F2: INDUKSI | I2: REINDUKSI | L2: BSA | O2: BLS | R2: ISOLASI | U2: DEKAT AIR | X2: KETINGGIAN | AA2: RUANG TERBATAS | AD2: TOOLS KEEPER
C3: PLAN | D3: ACTUAL | E3: ACH | F3: PLAN | G3: ACTUAL | H3: ACH | I3: PLAN | J3: ACTUAL | K3: ACH | L3: PLAN | M3: ACTUAL | N3: ACH | O3: PLAN | P3: ACTUAL | Q3: ACH | R3: PLAN | S3: ACTUAL | T3: ACH | U3: PLAN | V3: ACTUAL | W3: ACH | X3: PLAN | Y3: ACTUAL | Z3: ACH | AA3: PLAN | AB3: ACTUAL | AC3: ACH | AD3: PLAN | AE3: ACTUAL | AF3: ACH
A4: PT. SAPTAINDRA SEJATI | B4: OPERATION | C4: =COUNTIFS('Data Training 2022'!$F$6:$F$1048576,Dashboard!$A$4,'Data Training 2022'!$H$6:$H$1048576,Dashboard!B4,'Data Training 2022'!$R$6:$R$1048576,"TARGET") -> 0 | D4: =COUNTIFS('Data Training 2022'!$F$6:$F$1048576,Dashboard!$A$4,'Data Training 2022'!$H$6:$H$1048576,Dashboard!B4,'Data Training 2022'!$T$6:$T$1048576,"LULUS") -> 0 | E4: =IFERROR(D4/C4,"NA") -> NA | F4: =COUNTIFS('Data Training 2022'!$F$6:$F$1048576,Dashboard!$A$4,'Data Training 2022'!$H$6:$H$1048576,Dashboard!B4,'Data Training 2022'!$U$6:$U$1048576,"TARGET") -> 1 | G4: =COUNTIFS('Data Training 2022'!$F$6:$F$1048576,Dashboard!$A$4,'Data Training 2022'!$H$6:$H$1048576,Dashboard!B4,'Data Training 2022'!$W$6:$W$1048576,"LULUS") -> 1 | H4: =IFERROR(G4/F4,"NA") -> 1 | I4: =COUNTIFS('Data Training 2022'!$F$6:$F$1048576,Dashboard!$A$4,'Data Training 2022'!$H$6:$H$1048576,Dashboard!B4,'Data Training 2022'!$X$6:$X$1048576,"TARGET") -> 1 | J4: =COUNTIFS('Data Training 2022'!$F$6:$F$1048576,Dashboard!$A$4,'Data Training 2022'!$H$6:$H$1048576,Dashboard!B4,'Data Training 2022'!$Z$6:$Z$1048576,"LULUS") -> 0 | K4: =IFERROR(J4/I4,"NA") -> 0 | L4: =COUNTIFS('Data Training 2022'!$F$6:$F$1048576,Dashboard!$A$4,'Data Training 2022'!$H$6:$H$1048576,Dashboard!B4,'Data Training 2022'!$AA$6:$AA$1048576,"TARGET") -> 0 | M4: =COUNTIFS('Data Training 2022'!$F$6:$F$1048576,Dashboard!$A$4,'Data Training 2022'!$H$6:$H$1048576,Dashboard!B4,'Data Training 2022'!$AC$6:$AC$1048576,"LULUS") -> 0 | N4: =IFERROR(M4/L4,"NA") -> NA | O4: =COUNTIFS('Data Training 2022'!$F$6:$F$1048576,Dashboard!$A$4,'Data Training 2022'!$H$6:$H$1048576,Dashboard!B4,'Data Training 2022'!$AD$6:$AD$1048576,"TARGET") -> 1 | P4: =COUNTIFS('Data Training 2022'!$F$6:$F$1048576,Dashboard!$A$4,'Data Training 2022'!$H$6:$H$1048576,Dashboard!B4,'Data Training 2022'!$AF$6:$AF$1048576,"LULUS") -> 0 | Q4: =IFERROR(P4/O4,"NA") -> 0 | R4: =COUNTIFS('Data Training 2022'!$F$6:$F$1048576,Dashboard!$A$4,'Data Training 2022'!$H$6:$H$1048576,Dashboard!B4,'Data Training 2022'!$AG$6:$AG$1048576,"TARGET") -> 0 | S4: =COUNTIFS('Data Training 2022'!$F$6:$F$1048576,Dashboard!$A$4,'Data Training 2022'!$H$6:$H$1048576,Dashboard!B4,'Data Training 2022'!$AI$6:$AI$1048576,"LULUS") -> 0 | T4: =IFERROR(S4/R4,"NA") -> NA | U4: =COUNTIFS('Data Training 2022'!$F$6:$F$1048576,Dashboard!$A$4,'Data Training 2022'!$H$6:$H$1048576,Dashboard!B4,'Data Training 2022'!$AJ$6:$AJ$1048576,"TARGET") -> 0 | V4: =COUNTIFS('Data Training 2022'!$F$6:$F$1048576,Dashboard!$A$4,'Data Training 2022'!$H$6:$H$1048576,Dashboard!B4,'Data Training 2022'!$AL$6:$AL$1048576,"LULUS") -> 0 | W4: =IFERROR(V4/U4,"NA") -> NA | X4: =COUNTIFS('Data Training 2022'!$F$6:$F$1048576,Dashboard!$A$4,'Data Training 2022'!$H$6:$H$1048576,Dashboard!B4,'Data Training 2022'!$AM$6:$AM$1048576,"TARGET") -> 0 | Y4: =COUNTIFS('Data Training 2022'!$F$6:$F$1048576,Dashboard!$A$4,'Data Training 2022'!$H$6:$H$1048576,Dashboard!B4,'Data Training 2022'!$AO$6:$AO$1048576,"LULUS") -> 0 | Z4: =IFERROR(Y4/X4,"NA") -> NA | AA4: =COUNTIFS('Data Training 2022'!$F$6:$F$1048576,Dashboard!$A$4,'Data Training 2022'!$H$6:$H$1048576,Dashboard!B4,'Data Training 2022'!$AP$6:$AP$1048576,"TARGET") -> 0 | AB4: =COUNTIFS('Data Training 2022'!$F$6:$F$1048576,Dashboard!$A$4,'Data Training 2022'!$H$6:$H$1048576,Dashboard!B4,'Data Training 2022'!$AR$6:$AR$1048576,"LULUS") -> 0 | AC4: =IFERROR(AB4/AA4,"NA") -> NA | AD4: =COUNTIFS('Data Training 2022'!$F$6:$F$1048576,Dashboard!$A$4,'Data Training 2022'!$H$6:$H$1048576,Dashboard!B4,'Data Training 2022'!$AS$6:$AS$1048576,"TARGET") -> 0 | AE4: =COUNTIFS('Data Training 2022'!$F$6:$F$1048576,Dashboard!$A$4,'Data Training 2022'!$H$6:$H$1048576,Dashboard!B4,'Data Training 2022'!$AU$6:$AU$1048576,"LULUS") -> 0 | AF4: =IFERROR(AE4/AD4,"NA") -> NA
B5: PRODUKSI | C5: =COUNTIFS('Data Training 2022'!$F$6:$F$1048576,Dashboard!$A$4,'Data Training 2022'!$H$6:$H$1048576,Dashboard!B5,'Data Training 2022'!$R$6:$R$1048576,"TARGET") -> 11 | D5: =COUNTIFS('Data Training 2022'!$F$6:$F$1048576,Dashboard!$A$4,'Data Training 2022'!$H$6:$H$1048576,Dashboard!B5,'Data Training 2022'!$T$6:$T$1048576,"LULUS") -> 18 | E5: =IFERROR(D5/C5,"NA") -> 1.6363636 | F5: =COUNTIFS('Data Training 2022'!$F$6:$F$1048576,Dashboard!$A$4,'Data Training 2022'!$H$6:$H$1048576,Dashboard!B5,'Data Training 2022'!$U$6:$U$1048576,"TARGET") -> 736 | G5: =COUNTIFS('Data Training 2022'!$F$6:$F$1048576,Dashboard!$A$4,'Data Training 2022'!$H$6:$H$1048576,Dashboard!B5,'Data Training 2022'!$W$6:$W$1048576,"LULUS") -> 667 | H5: =IFERROR(G5/F5,"NA") -> 0.90625 | I5: =COUNTIFS('Data Training 2022'!$F$6:$F$1048576,Dashboard!$A$4,'Data Training 2022'!$H$6:$H$1048576,Dashboard!B5,'Data Training 2022'!$X$6:$X$1048576,"TARGET") -> 736 | J5: =COUNTIFS('Data Training 2022'!$F$6:$F$1048576,Dashboard!$A$4,'Data Training 2022'!$H$6:$H$1048576,Dashboard!B5,'Data Training 2022'!$Z$6:$Z$1048576,"LULUS") -> 491 | K5: =IFERROR(J5/I5,"NA") -> 0.66711957 | L5: =COUNTIFS('Data Training 2022'!$F$6:$F$1048576,Dashboard!$A$4,'Data Training 2022'!$H$6:$H$1048576,Dashboard!B5,'Data Training 2022'!$AA$6:$AA$1048576,"TARGET") -> 685 | M5: =COUNTIFS('Data Training 2022'!$F$6:$F$1048576,Dashboard!$A$4,'Data Training 2022'!$H$6:$H$1048576,Dashboard!B5,'Data Training 2022'!$AC$6:$AC$1048576,"LULUS") -> 109 | N5: =IFERROR(M5/L5,"NA") -> 0.15912409 | O5: =COUNTIFS('Data Training 2022'!$F$6:$F$1048576,Dashboard!$A$4,'Data Training 2022'!$H$6:$H$1048576,Dashboard!B5,'Data Training 2022'!$AD$6:$AD$1048576,"TARGET") -> 736 | P5: =COUNTIFS('Data Training 2022'!$F$6:$F$1048576,Dashboard!$A$4,'Data Training 2022'!$H$6:$H$1048576,Dashboard!B5,'Data Training 2022'!$AF$6:$AF$1048576,"LULUS") -> 0 | Q5: =IFERROR(P5/O5,"NA") -> 0 | R5: =COUNTIFS('Data Training 2022'!$F$6:$F$1048576,Dashboard!$A$4,'Data Training 2022'!$H$6:$H$1048576,Dashboard!B5,'Data Training 2022'!$AG$6:$AG$1048576,"TARGET") -> 0 | S5: =COUNTIFS('Data Training 2022'!$F$6:$F$1048576,Dashboard!$A$4,'Data Training 2022'!$H$6:$H$1048576,Dashboard!B5,'Data Training 2022'!$AI$6:$AI$1048576,"LULUS") -> 1 | T5: =IFERROR(S5/R5,"NA") -> NA | U5: =COUNTIFS('Data Training 2022'!$F$6:$F$1048576,Dashboard!$A$4,'Data Training 2022'!$H$6:$H$1048576,Dashboard!B5,'Data Training 2022'!$AJ$6:$AJ$1048576,"TARGET") -> 0 | V5: =COUNTIFS('Data Training 2022'!$F$6:$F$1048576,Dashboard!$A$4,'Data Training 2022'!$H$6:$H$1048576,Dashboard!B5,'Data Training 2022'!$AL$6:$AL$1048576,"LULUS") -> 0 | W5: =IFERROR(V5/U5,"NA") -> NA | X5: =COUNTIFS('Data Training 2022'!$F$6:$F$1048576,Dashboard!$A$4,'Data Training 2022'!$H$6:$H$1048576,Dashboard!B5,'Data Training 2022'!$AM$6:$AM$1048576,"TARGET") -> 0 | Y5: =COUNTIFS('Data Training 2022'!$F$6:$F$1048576,Dashboard!$A$4,'Data Training 2022'!$H$6:$H$1048576,Dashboard!B5,'Data Training 2022'!$AO$6:$AO$1048576,"LULUS") -> 0 | Z5: =IFERROR(Y5/X5,"NA") -> NA | AA5: =COUNTIFS('Data Training 2022'!$F$6:$F$1048576,Dashboard!$A$4,'Data Training 2022'!$H$6:$H$1048576,Dashboard!B5,'Data Training 2022'!$AP$6:$AP$1048576,"TARGET") -> 0 | AB5: =COUNTIFS('Data Training 2022'!$F$6:$F$1048576,Dashboard!$A$4,'Data Training 2022'!$H$6:$H$1048576,Dashboard!B5,'Data Training 2022'!$AR$6:$AR$1048576,"LULUS") -> 0 | AC5: =IFERROR(AB5/AA5,"NA") -> NA | AD5: =COUNTIFS('Data Training 2022'!$F$6:$F$1048576,Dashboard!$A$4,'Data Training 2022'!$H$6:$H$1048576,Dashboard!B5,'Data Training 2022'!$AS$6:$AS$1048576,"TARGET") -> 0 | AE5: =COUNTIFS('Data Training 2022'!$F$6:$F$1048576,Dashboard!$A$4,'Data Training 2022'!$H$6:$H$1048576,Dashboard!B5,'Data Training 2022'!$AU$6:$AU$1048576,"LULUS") -> 0 | AF5: =IFERROR(AE5/AD5,"NA") -> NA
B6: PLANT | C6: =COUNTIFS('Data Training 2022'!$F$6:$F$1048576,Dashboard!$A$4,'Data Training 2022'!$H$6:$H$1048576,Dashboard!B6,'Data Training 2022'!$R$6:$R$1048576,"TARGET") -> 26 | D6: =COUNTIFS('Data Training 2022'!$F$6:$F$1048576,Dashboard!$A$4,'Data Training 2022'!$H$6:$H$1048576,Dashboard!B6,'Data Training 2022'!$T$6:$T$1048576,"LULUS") -> 25 | E6: =IFERROR(D6/C6,"NA") -> 0.96153846 | F6: =COUNTIFS('Data Training 2022'!$F$6:$F$1048576,Dashboard!$A$4,'Data Training 2022'!$H$6:$H$1048576,Dashboard!B6,'Data Training 2022'!$U$6:$U$1048576,"TARGET") -> 304 | G6: =COUNTIFS('Data Training 2022'!$F$6:$F$1048576,Dashboard!$A$4,'Data Training 2022'!$H$6:$H$1048576,Dashboard!B6,'Data Training 2022'!$W$6:$W$1048576,"LULUS") -> 280 | H6: =IFERROR(G6/F6,"NA") -> 0.92105263 | I6: =COUNTIFS('Data Training 2022'!$F$6:$F$1048576,Dashboard!$A$4,'Data Training 2022'!$H$6:$H$1048576,Dashboard!B6,'Data Training 2022'!$X$6:$X$1048576,"TARGET") -> 304 | J6: =COUNTIFS('Data Training 2022'!$F$6:$F$1048576,Dashboard!$A$4,'Data Training 2022'!$H$6:$H$1048576,Dashboard!B6,'Data Training 2022'!$Z$6:$Z$1048576,"LULUS") -> 217 | K6: =IFERROR(J6/I6,"NA") -> 0.71381579 | L6: =COUNTIFS('Data Training 2022'!$F$6:$F$1048576,Dashboard!$A$4,'Data Training 2022'!$H$6:$H$1048576,Dashboard!B6,'Data Training 2022'!$AA$6:$AA$1048576,"TARGET") -> 230 | M6: =COUNTIFS('Data Training 2022'!$F$6:$F$1048576,Dashboard!$A$4,'Data Training 2022'!$H$6:$H$1048576,Dashboard!B6,'Data Training 2022'!$AC$6:$AC$1048576,"LULUS") -> 59 | N6: =IFERROR(M6/L6,"NA") -> 0.25652174 | O6: =COUNTIFS('Data Training 2022'!$F$6:$F$1048576,Dashboard!$A$4,'Data Training 2022'!$H$6:$H$1048576,Dashboard!B6,'Data Training 2022'!$AD$6:$AD$1048576,"TARGET") -> 304 | P6: =COUNTIFS('Data Training 2022'!$F$6:$F$1048576,Dashboard!$A$4,'Data Training 2022'!$H$6:$H$1048576,Dashboard!B6,'Data Training 2022'!$AF$6:$AF$1048576,"LULUS") -> 0 | Q6: =IFERROR(P6/O6,"NA") -> 0 | R6: =COUNTIFS('Data Training 2022'!$F$6:$F$1048576,Dashboard!$A$4,'Data Training 2022'!$H$6:$H$1048576,Dashboard!B6,'Data Training 2022'!$AG$6:$AG$1048576,"TARGET") -> 206 | S6: =COUNTIFS('Data Training 2022'!$F$6:$F$1048576,Dashboard!$A$4,'Data Training 2022'!$H$6:$H$1048576,Dashboard!B6,'Data Training 2022'!$AI$6:$AI$1048576,"LULUS") -> 218 | T6: =IFERROR(S6/R6,"NA") -> 1.0582524 | U6: =COUNTIFS('Data Training 2022'!$F$6:$F$1048576,Dashboard!$A$4,'Data Training 2022'!$H$6:$H$1048576,Dashboard!B6,'Data Training 2022'!$AJ$6:$AJ$1048576,"TARGET") -> 7 | V6: =COUNTIFS('Data Training 2022'!$F$6:$F$1048576,Dashboard!$A$4,'Data Training 2022'!$H$6:$H$1048576,Dashboard!B6,'Data Training 2022'!$AL$6:$AL$1048576,"LULUS") -> 7 | W6: =IFERROR(V6/U6,"NA") -> 1 | X6: =COUNTIFS('Data Training 2022'!$F$6:$F$1048576,Dashboard!$A$4,'Data Training 2022'!$H$6:$H$1048576,Dashboard!B6,'Data Training 2022'!$AM$6:$AM$1048576,"TARGET") -> 29 | Y6: =COUNTIFS('Data Training 2022'!$F$6:$F$1048576,Dashboard!$A$4,'Data Training 2022'!$H$6:$H$1048576,Dashboard!B6,'Data Training 2022'!$AO$6:$AO$1048576,"LULUS") -> 28 | Z6: =IFERROR(Y6/X6,"NA") -> 0.96551724 | AA6: =COUNTIFS('Data Training 2022'!$F$6:$F$1048576,Dashboard!$A$4,'Data Training 2022'!$H$6:$H$1048576,Dashboard!B6,'Data Training 2022'!$AP$6:$AP$1048576,"TARGET") -> 0 | AB6: =COUNTIFS('Data Training 2022'!$F$6:$F$1048576,Dashboard!$A$4,'Data Training 2022'!$H$6:$H$1048576,Dashboard!B6,'Data Training 2022'!$AR$6:$AR$1048576,"LULUS") -> 0 | AC6: =IFERROR(AB6/AA6,"NA") -> NA | AD6: =COUNTIFS('Data Training 2022'!$F$6:$F$1048576,Dashboard!$A$4,'Data Training 2022'!$H$6:$H$1048576,Dashboard!B6,'Data Training 2022'!$AS$6:$AS$1048576,"TARGET") -> 0 | AE6: =COUNTIFS('Data Training 2022'!$F$6:$F$1048576,Dashboard!$A$4,'Data Training 2022'!$H$6:$H$1048576,Dashboard!B6,'Data Training 2022'!$AU$6:$AU$1048576,"LULUS") -> 0 | AF6: =IFERROR(AE6/AD6,"NA") -> NA
B7: ENGINEERING | C7: =COUNTIFS('Data Training 2022'!$F$6:$F$1048576,Dashboard!$A$4,'Data Training 2022'!$H$6:$H$1048576,Dashboard!B7,'Data Training 2022'!$R$6:$R$1048576,"TARGET") -> 4 | D7: =COUNTIFS('Data Training 2022'!$F$6:$F$1048576,Dashboard!$A$4,'Data Training 2022'!$H$6:$H$1048576,Dashboard!B7,'Data Training 2022'!$T$6:$T$1048576,"LULUS") -> 1 | E7: =IFERROR(D7/C7,"NA") -> 0.25 | F7: =COUNTIFS('Data Training 2022'!$F$6:$F$1048576,Dashboard!$A$4,'Data Training 2022'!$H$6:$H$1048576,Dashboard!B7,'Data Training 2022'!$U$6:$U$1048576,"TARGET") -> 16 | G7: =COUNTIFS('Data Training 2022'!$F$6:$F$1048576,Dashboard!$A$4,'Data Training 2022'!$H$6:$H$1048576,Dashboard!B7,'Data Training 2022'!$W$6:$W$1048576,"LULUS") -> 16 | H7: =IFERROR(G7/F7,"NA") -> 1 | I7: =COUNTIFS('Data Training 2022'!$F$6:$F$1048576,Dashboard!$A$4,'Data Training 2022'!$H$6:$H$1048576,Dashboard!B7,'Data Training 2022'!$X$6:$X$1048576,"TARGET") -> 16 | J7: =COUNTIFS('Data Training 2022'!$F$6:$F$1048576,Dashboard!$A$4,'Data Training 2022'!$H$6:$H$1048576,Dashboard!B7,'Data Training 2022'!$Z$6:$Z$1048576,"LULUS") -> 11 | K7: =IFERROR(J7/I7,"NA") -> 0.6875 | L7: =COUNTIFS('Data Training 2022'!$F$6:$F$1048576,Dashboard!$A$4,'Data Training 2022'!$H$6:$H$1048576,Dashboard!B7,'Data Training 2022'!$AA$6:$AA$1048576,"TARGET") -> 0 | M7: =COUNTIFS('Data Training 2022'!$F$6:$F$1048576,Dashboard!$A$4,'Data Training 2022'!$H$6:$H$1048576,Dashboard!B7,'Data Training 2022'!$AC$6:$AC$1048576,"LULUS") -> 0 | N7: =IFERROR(M7/L7,"NA") -> NA | O7: =COUNTIFS('Data Training 2022'!$F$6:$F$1048576,Dashboard!$A$4,'Data Training 2022'!$H$6:$H$1048576,Dashboard!B7,'Data Training 2022'!$AD$6:$AD$1048576,"TARGET") -> 16 | P7: =COUNTIFS('Data Training 2022'!$F$6:$F$1048576,Dashboard!$A$4,'Data Training 2022'!$H$6:$H$1048576,Dashboard!B7,'Data Training 2022'!$AF$6:$AF$1048576,"LULUS") -> 0 | Q7: =IFERROR(P7/O7,"NA") -> 0 | R7: =COUNTIFS('Data Training 2022'!$F$6:$F$1048576,Dashboard!$A$4,'Data Training 2022'!$H$6:$H$1048576,Dashboard!B7,'Data Training 2022'!$AG$6:$AG$1048576,"TARGET") -> 0 | S7: =COUNTIFS('Data Training 2022'!$F$6:$F$1048576,Dashboard!$A$4,'Data Training 2022'!$H$6:$H$1048576,Dashboard!B7,'Data Training 2022'!$AI$6:$AI$1048576,"LULUS") -> 0 | T7: =IFERROR(S7/R7,"NA") -> NA | U7: =COUNTIFS('Data Training 2022'!$F$6:$F$1048576,Dashboard!$A$4,'Data Training 2022'!$H$6:$H$1048576,Dashboard!B7,'Data Training 2022'!$AJ$6:$AJ$1048576,"TARGET") -> 0 | V7: =COUNTIFS('Data Training 2022'!$F$6:$F$1048576,Dashboard!$A$4,'Data Training 2022'!$H$6:$H$1048576,Dashboard!B7,'Data Training 2022'!$AL$6:$AL$1048576,"LULUS") -> 0 | W7: =IFERROR(V7/U7,"NA") -> NA | X7: =COUNTIFS('Data Training 2022'!$F$6:$F$1048576,Dashboard!$A$4,'Data Training 2022'!$H$6:$H$1048576,Dashboard!B7,'Data Training 2022'!$AM$6:$AM$1048576,"TARGET") -> 0 | Y7: =COUNTIFS('Data Training 2022'!$F$6:$F$1048576,Dashboard!$A$4,'Data Training 2022'!$H$6:$H$1048576,Dashboard!B7,'Data Training 2022'!$AO$6:$AO$1048576,"LULUS") -> 0 | Z7: =IFERROR(Y7/X7,"NA") -> NA | AA7: =COUNTIFS('Data Training 2022'!$F$6:$F$1048576,Dashboard!$A$4,'Data Training 2022'!$H$6:$H$1048576,Dashboard!B7,'Data Training 2022'!$AP$6:$AP$1048576,"TARGET") -> 0 | AB7: =COUNTIFS('Data Training 2022'!$F$6:$F$1048576,Dashboard!$A$4,'Data Training 2022'!$H$6:$H$1048576,Dashboard!B7,'Data Training 2022'!$AR$6:$AR$1048576,"LULUS") -> 0 | AC7: =IFERROR(AB7/AA7,"NA") -> NA | AD7: =COUNTIFS('Data Training 2022'!$F$6:$F$1048576,Dashboard!$A$4,'Data Training 2022'!$H$6:$H$1048576,Dashboard!B7,'Data Training 2022'!$AS$6:$AS$1048576,"TARGET") -> 0 | AE7: =COUNTIFS('Data Training 2022'!$F$6:$F$1048576,Dashboard!$A$4,'Data Training 2022'!$H$6:$H$1048576,Dashboard!B7,'Data Training 2022'!$AU$6:$AU$1048576,"LULUS") -> 0 | AF7: =IFERROR(AE7/AD7,"NA") -> NA
B8: LOGISTIC | C8: =COUNTIFS('Data Training 2022'!$F$6:$F$1048576,Dashboard!$A$4,'Data Training 2022'!$H$6:$H$1048576,Dashboard!B8,'Data Training 2022'!$R$6:$R$1048576,"TARGET") -> 11 | D8: =COUNTIFS('Data Training 2022'!$F$6:$F$1048576,Dashboard!$A$4,'Data Training 2022'!$H$6:$H$1048576,Dashboard!B8,'Data Training 2022'!$T$6:$T$1048576,"LULUS") -> 11 | E8: =IFERROR(D8/C8,"NA") -> 1 | F8: =COUNTIFS('Data Training 2022'!$F$6:$F$1048576,Dashboard!$A$4,'Data Training 2022'!$H$6:$H$1048576,Dashboard!B8,'Data Training 2022'!$U$6:$U$1048576,"TARGET") -> 29 | G8: =COUNTIFS('Data Training 2022'!$F$6:$F$1048576,Dashboard!$A$4,'Data Training 2022'!$H$6:$H$1048576,Dashboard!B8,'Data Training 2022'!$W$6:$W$1048576,"LULUS") -> 26 | H8: =IFERROR(G8/F8,"NA") -> 0.89655172 | I8: =COUNTIFS('Data Training 2022'!$F$6:$F$1048576,Dashboard!$A$4,'Data Training 2022'!$H$6:$H$1048576,Dashboard!B8,'Data Training 2022'!$X$6:$X$1048576,"TARGET") -> 29 | J8: =COUNTIFS('Data Training 2022'!$F$6:$F$1048576,Dashboard!$A$4,'Data Training 2022'!$H$6:$H$1048576,Dashboard!B8,'Data Training 2022'!$Z$6:$Z$1048576,"LULUS") -> 18 | K8: =IFERROR(J8/I8,"NA") -> 0.62068966 | L8: =COUNTIFS('Data Training 2022'!$F$6:$F$1048576,Dashboard!$A$4,'Data Training 2022'!$H$6:$H$1048576,Dashboard!B8,'Data Training 2022'!$AA$6:$AA$1048576,"TARGET") -> 6 | M8: =COUNTIFS('Data Training 2022'!$F$6:$F$1048576,Dashboard!$A$4,'Data Training 2022'!$H$6:$H$1048576,Dashboard!B8,'Data Training 2022'!$AC$6:$AC$1048576,"LULUS") -> 1 | N8: =IFERROR(M8/L8,"NA") -> 0.16666667 | O8: =COUNTIFS('Data Training 2022'!$F$6:$F$1048576,Dashboard!$A$4,'Data Training 2022'!$H$6:$H$1048576,Dashboard!B8,'Data Training 2022'!$AD$6:$AD$1048576,"TARGET") -> 29 | P8: =COUNTIFS('Data Training 2022'!$F$6:$F$1048576,Dashboard!$A$4,'Data Training 2022'!$H$6:$H$1048576,Dashboard!B8,'Data Training 2022'!$AF$6:$AF$1048576,"LULUS") -> 0 | Q8: =IFERROR(P8/O8,"NA") -> 0 | R8: =COUNTIFS('Data Training 2022'!$F$6:$F$1048576,Dashboard!$A$4,'Data Training 2022'!$H$6:$H$1048576,Dashboard!B8,'Data Training 2022'!$AG$6:$AG$1048576,"TARGET") -> 0 | S8: =COUNTIFS('Data Training 2022'!$F$6:$F$1048576,Dashboard!$A$4,'Data Training 2022'!$H$6:$H$1048576,Dashboard!B8,'Data Training 2022'!$AI$6:$AI$1048576,"LULUS") -> 0 | T8: =IFERROR(S8/R8,"NA") -> NA | U8: =COUNTIFS('Data Training 2022'!$F$6:$F$1048576,Dashboard!$A$4,'Data Training 2022'!$H$6:$H$1048576,Dashboard!B8,'Data Training 2022'!$AJ$6:$AJ$1048576,"TARGET") -> 0 | V8: =COUNTIFS('Data Training 2022'!$F$6:$F$1048576,Dashboard!$A$4,'Data Training 2022'!$H$6:$H$1048576,Dashboard!B8,'Data Training 2022'!$AL$6:$AL$1048576,"LULUS") -> 0 | W8: =IFERROR(V8/U8,"NA") -> NA | X8: =COUNTIFS('Data Training 2022'!$F$6:$F$1048576,Dashboard!$A$4,'Data Training 2022'!$H$6:$H$1048576,Dashboard!B8,'Data Training 2022'!$AM$6:$AM$1048576,"TARGET") -> 0 | Y8: =COUNTIFS('Data Training 2022'!$F$6:$F$1048576,Dashboard!$A$4,'Data Training 2022'!$H$6:$H$1048576,Dashboard!B8,'Data Training 2022'!$AO$6:$AO$1048576,"LULUS") -> 0 | Z8: =IFERROR(Y8/X8,"NA") -> NA | AA8: =COUNTIFS('Data Training 2022'!$F$6:$F$1048576,Dashboard!$A$4,'Data Training 2022'!$H$6:$H$1048576,Dashboard!B8,'Data Training 2022'!$AP$6:$AP$1048576,"TARGET") -> 0 | AB8: =COUNTIFS('Data Training 2022'!$F$6:$F$1048576,Dashboard!$A$4,'Data Training 2022'!$H$6:$H$1048576,Dashboard!B8,'Data Training 2022'!$AR$6:$AR$1048576,"LULUS") -> 0 | AC8: =IFERROR(AB8/AA8,"NA") -> NA | AD8: =COUNTIFS('Data Training 2022'!$F$6:$F$1048576,Dashboard!$A$4,'Data Training 2022'!$H$6:$H$1048576,Dashboard!B8,'Data Training 2022'!$AS$6:$AS$1048576,"TARGET") -> 0 | AE8: =COUNTIFS('Data Training 2022'!$F$6:$F$1048576,Dashboard!$A$4,'Data Training 2022'!$H$6:$H$1048576,Dashboard!B8,'Data Training 2022'!$AU$6:$AU$1048576,"LULUS") -> 0 | AF8: =IFERROR(AE8/AD8,"NA") -> NA
B9: HRGA & FA | C9: =COUNTIFS('Data Training 2022'!$F$6:$F$1048576,Dashboard!$A$4,'Data Training 2022'!$H$6:$H$1048576,Dashboard!B9,'Data Training 2022'!$R$6:$R$1048576,"TARGET") -> 10 | D9: =COUNTIFS('Data Training 2022'!$F$6:$F$1048576,Dashboard!$A$4,'Data Training 2022'!$H$6:$H$1048576,Dashboard!B9,'Data Training 2022'!$T$6:$T$1048576,"LULUS") -> 7 | E9: =IFERROR(D9/C9,"NA") -> 0.7 | F9: =COUNTIFS('Data Training 2022'!$F$6:$F$1048576,Dashboard!$A$4,'Data Training 2022'!$H$6:$H$1048576,Dashboard!B9,'Data Training 2022'!$U$6:$U$1048576,"TARGET") -> 51 | G9: =COUNTIFS('Data Training 2022'!$F$6:$F$1048576,Dashboard!$A$4,'Data Training 2022'!$H$6:$H$1048576,Dashboard!B9,'Data Training 2022'!$W$6:$W$1048576,"LULUS") -> 49 | H9: =IFERROR(G9/F9,"NA") -> 0.96078431 | I9: =COUNTIFS('Data Training 2022'!$F$6:$F$1048576,Dashboard!$A$4,'Data Training 2022'!$H$6:$H$1048576,Dashboard!B9,'Data Training 2022'!$X$6:$X$1048576,"TARGET") -> 51 | J9: =COUNTIFS('Data Training 2022'!$F$6:$F$1048576,Dashboard!$A$4,'Data Training 2022'!$H$6:$H$1048576,Dashboard!B9,'Data Training 2022'!$Z$6:$Z$1048576,"LULUS") -> 24 | K9: =IFERROR(J9/I9,"NA") -> 0.47058824 | L9: =COUNTIFS('Data Training 2022'!$F$6:$F$1048576,Dashboard!$A$4,'Data Training 2022'!$H$6:$H$1048576,Dashboard!B9,'Data Training 2022'!$AA$6:$AA$1048576,"TARGET") -> 16 | M9: =COUNTIFS('Data Training 2022'!$F$6:$F$1048576,Dashboard!$A$4,'Data Training 2022'!$H$6:$H$1048576,Dashboard!B9,'Data Training 2022'!$AC$6:$AC$1048576,"LULUS") -> 3 | N9: =IFERROR(M9/L9,"NA") -> 0.1875 | O9: =COUNTIFS('Data Training 2022'!$F$6:$F$1048576,Dashboard!$A$4,'Data Training 2022'!$H$6:$H$1048576,Dashboard!B9,'Data Training 2022'!$AD$6:$AD$1048576,"TARGET") -> 51 | P9: =COUNTIFS('Data Training 2022'!$F$6:$F$1048576,Dashboard!$A$4,'Data Training 2022'!$H$6:$H$1048576,Dashboard!B9,'Data Training 2022'!$AF$6:$AF$1048576,"LULUS") -> 0 | Q9: =IFERROR(P9/O9,"NA") -> 0 | R9: =COUNTIFS('Data Training 2022'!$F$6:$F$1048576,Dashboard!$A$4,'Data Training 2022'!$H$6:$H$1048576,Dashboard!B9,'Data Training 2022'!$AG$6:$AG$1048576,"TARGET") -> 0 | S9: =COUNTIFS('Data Training 2022'!$F$6:$F$1048576,Dashboard!$A$4,'Data Training 2022'!$H$6:$H$1048576,Dashboard!B9,'Data Training 2022'!$AI$6:$AI$1048576,"LULUS") -> 1 | T9: =IFERROR(S9/R9,"NA") -> NA | U9: =COUNTIFS('Data Training 2022'!$F$6:$F$1048576,Dashboard!$A$4,'Data Training 2022'!$H$6:$H$1048576,Dashboard!B9,'Data Training 2022'!$AJ$6:$AJ$1048576,"TARGET") -> 0 | V9: =COUNTIFS('Data Training 2022'!$F$6:$F$1048576,Dashboard!$A$4,'Data Training 2022'!$H$6:$H$1048576,Dashboard!B9,'Data Training 2022'!$AL$6:$AL$1048576,"LULUS") -> 0 | W9: =IFERROR(V9/U9,"NA") -> NA | X9: =COUNTIFS('Data Training 2022'!$F$6:$F$1048576,Dashboard!$A$4,'Data Training 2022'!$H$6:$H$1048576,Dashboard!B9,'Data Training 2022'!$AM$6:$AM$1048576,"TARGET") -> 2 | Y9: =COUNTIFS('Data Training 2022'!$F$6:$F$1048576,Dashboard!$A$4,'Data Training 2022'!$H$6:$H$1048576,Dashboard!B9,'Data Training 2022'!$AO$6:$AO$1048576,"LULUS") -> 2 | Z9: =IFERROR(Y9/X9,"NA") -> 1 | AA9: =COUNTIFS('Data Training 2022'!$F$6:$F$1048576,Dashboard!$A$4,'Data Training 2022'!$H$6:$H$1048576,Dashboard!B9,'Data Training 2022'!$AP$6:$AP$1048576,"TARGET") -> 0 | AB9: =COUNTIFS('Data Training 2022'!$F$6:$F$1048576,Dashboard!$A$4,'Data Training 2022'!$H$6:$H$1048576,Dashboard!B9,'Data Training 2022'!$AR$6:$AR$1048576,"LULUS") -> 0 | AC9: =IFERROR(AB9/AA9,"NA") -> NA | AD9: =COUNTIFS('Data Training 2022'!$F$6:$F$1048576,Dashboard!$A$4,'Data Training 2022'!$H$6:$H$1048576,Dashboard!B9,'Data Training 2022'!$AS$6:$AS$1048576,"TARGET") -> 0 | AE9: =COUNTIFS('Data Training 2022'!$F$6:$F$1048576,Dashboard!$A$4,'Data Training 2022'!$H$6:$H$1048576,Dashboard!B9,'Data Training 2022'!$AU$6:$AU$1048576,"LULUS") -> 0 | AF9: =IFERROR(AE9/AD9,"NA") -> NA
B10: SHE | C10: =COUNTIFS('Data Training 2022'!$F$6:$F$1048576,Dashboard!$A$4,'Data Training 2022'!$H$6:$H$1048576,Dashboard!B10,'Data Training 2022'!$R$6:$R$1048576,"TARGET") -> 3 | D10: =COUNTIFS('Data Training 2022'!$F$6:$F$1048576,Dashboard!$A$4,'Data Training 2022'!$H$6:$H$1048576,Dashboard!B10,'Data Training 2022'!$T$6:$T$1048576,"LULUS") -> 4 | E10: =IFERROR(D10/C10,"NA") -> 1.3333333 | F10: =COUNTIFS('Data Training 2022'!$F$6:$F$1048576,Dashboard!$A$4,'Data Training 2022'!$H$6:$H$1048576,Dashboard!B10,'Data Training 2022'!$U$6:$U$1048576,"TARGET") -> 23 | G10: =COUNTIFS('Data Training 2022'!$F$6:$F$1048576,Dashboard!$A$4,'Data Training 2022'!$H$6:$H$1048576,Dashboard!B10,'Data Training 2022'!$W$6:$W$1048576,"LULUS") -> 23 | H10: =IFERROR(G10/F10,"NA") -> 1 | I10: =COUNTIFS('Data Training 2022'!$F$6:$F$1048576,Dashboard!$A$4,'Data Training 2022'!$H$6:$H$1048576,Dashboard!B10,'Data Training 2022'!$X$6:$X$1048576,"TARGET") -> 23 | J10: =COUNTIFS('Data Training 2022'!$F$6:$F$1048576,Dashboard!$A$4,'Data Training 2022'!$H$6:$H$1048576,Dashboard!B10,'Data Training 2022'!$Z$6:$Z$1048576,"LULUS") -> 13 | K10: =IFERROR(J10/I10,"NA") -> 0.56521739 | L10: =COUNTIFS('Data Training 2022'!$F$6:$F$1048576,Dashboard!$A$4,'Data Training 2022'!$H$6:$H$1048576,Dashboard!B10,'Data Training 2022'!$AA$6:$AA$1048576,"TARGET") -> 0 | M10: =COUNTIFS('Data Training 2022'!$F$6:$F$1048576,Dashboard!$A$4,'Data Training 2022'!$H$6:$H$1048576,Dashboard!B10,'Data Training 2022'!$AC$6:$AC$1048576,"LULUS") -> 1 | N10: =IFERROR(M10/L10,"NA") -> NA | O10: =COUNTIFS('Data Training 2022'!$F$6:$F$1048576,Dashboard!$A$4,'Data Training 2022'!$H$6:$H$1048576,Dashboard!B10,'Data Training 2022'!$AD$6:$AD$1048576,"TARGET") -> 23 | P10: =COUNTIFS('Data Training 2022'!$F$6:$F$1048576,Dashboard!$A$4,'Data Training 2022'!$H$6:$H$1048576,Dashboard!B10,'Data Training 2022'!$AF$6:$AF$1048576,"LULUS") -> 0 | Q10: =IFERROR(P10/O10,"NA") -> 0 | R10: =COUNTIFS('Data Training 2022'!$F$6:$F$1048576,Dashboard!$A$4,'Data Training 2022'!$H$6:$H$1048576,Dashboard!B10,'Data Training 2022'!$AG$6:$AG$1048576,"TARGET") -> 0 | S10: =COUNTIFS('Data Training 2022'!$F$6:$F$1048576,Dashboard!$A$4,'Data Training 2022'!$H$6:$H$1048576,Dashboard!B10,'Data Training 2022'!$AI$6:$AI$1048576,"LULUS") -> 3 | T10: =IFERROR(S10/R10,"NA") -> NA | U10: =COUNTIFS('Data Training 2022'!$F$6:$F$1048576,Dashboard!$A$4,'Data Training 2022'!$H$6:$H$1048576,Dashboard!B10,'Data Training 2022'!$AJ$6:$AJ$1048576,"TARGET") -> 1 | V10: =COUNTIFS('Data Training 2022'!$F$6:$F$1048576,Dashboard!$A$4,'Data Training 2022'!$H$6:$H$1048576,Dashboard!B10,'Data Training 2022'!$AL$6:$AL$1048576,"LULUS") -> 1 | W10: =IFERROR(V10/U10,"NA") -> 1 | X10: =COUNTIFS('Data Training 2022'!$F$6:$F$1048576,Dashboard!$A$4,'Data Training 2022'!$H$6:$H$1048576,Dashboard!B10,'Data Training 2022'!$AM$6:$AM$1048576,"TARGET") -> 0 | Y10: =COUNTIFS('Data Training 2022'!$F$6:$F$1048576,Dashboard!$A$4,'Data Training 2022'!$H$6:$H$1048576,Dashboard!B10,'Data Training 2022'!$AO$6:$AO$1048576,"LULUS") -> 1 | Z10: =IFERROR(Y10/X10,"NA") -> NA | AA10: =COUNTIFS('Data Training 2022'!$F$6:$F$1048576,Dashboard!$A$4,'Data Training 2022'!$H$6:$H$1048576,Dashboard!B10,'Data Training 2022'!$AP$6:$AP$1048576,"TARGET") -> 0 | AB10: =COUNTIFS('Data Training 2022'!$F$6:$F$1048576,Dashboard!$A$4,'Data Training 2022'!$H$6:$H$1048576,Dashboard!B10,'Data Training 2022'!$AR$6:$AR$1048576,"LULUS") -> 0 | AC10: =IFERROR(AB10/AA10,"NA") -> NA | AD10: =COUNTIFS('Data Training 2022'!$F$6:$F$1048576,Dashboard!$A$4,'Data Training 2022'!$H$6:$H$1048576,Dashboard!B10,'Data Training 2022'!$AS$6:$AS$1048576,"TARGET") -> 0 | AE10: =COUNTIFS('Data Training 2022'!$F$6:$F$1048576,Dashboard!$A$4,'Data Training 2022'!$H$6:$H$1048576,Dashboard!B10,'Data Training 2022'!$AU$6:$AU$1048576,"LULUS") -> 0 | AF10: =IFERROR(AE10/AD10,"NA") -> NA
B12: =A4 -> PT. SAPTAINDRA SEJATI

Sheet Data Training 2022
A2: DATA TRAINING SIS & MITRA KERJA 2022
A3: 0 | B3: 1 | C3: 2 | D3: 3 | E3: 4 | F3: 5 | G3: 6 | H3: 7 | I3: 8 | J3: 9 | K3: 10 | L3: 11 | M3: 12 | N3: 13 | O3: 14 | P3: 15 | Q3: 16 | R3: 17 | S3: 18 | T3: 19 | U3: 20 | V3: 21 | W3: 22 | X3: 23 | Y3: 24 | Z3: 25 | AA3: 26 | AB3: 27 | AC3: 28 | AD3: 29 | AE3: 30 | AF3: 31 | AG3: 32 | AH3: 33 | AI3: 34 | AJ3: 35 | AK3: 36 | AL3: 37 | AM3: 38 | AN3: 39 | AO3: 40 | AP3: 41 | AQ3: 42 | AR3: 43 | AS3: 44 | AT3: 45 | AU3: 46
A4: NO | B4: ID CONTROL | C4: ID PERUSAHAN | D4: MINE PERMIT ID | E4: NAMA | F4: PERUSAHAN | G4: POSISI | H4: SECTION | I4: LOKASI | J4: AREA PJA | K4: KLASIFIKASIJABATAN | L4: FUNGSI JABATAN | M4: SERTIFIKASI POP/POM/POU | N4: STATUS POP/POM/POU | O4: SERTIFIKASI | R4: TRAINING INTERNAL | U4: TRAINING INTERNAL | X4: TRAINING INTERNAL | AA4: TRAINING INTERNAL | AD4: TRAINING INTERNAL | AG4: TRAINING INTERNAL | AJ4: TRAINING INTERNAL | AM4: TRAINING INTERNAL | AP4: TRAINING INTERNAL | AS4: TRAINING INTERNAL
O5: POP | P5: POM | Q5: POU | R5: Target Pelatihan | S5: Pra POP | T5: Status | U5: Target Pelatihan | V5: Induksi | W5: Status | X5: Target Pelatihan | Y5: Re-Induksi Pasca Cuti | Z5: Status | AA5: Target Pelatihan | AB5: BSA | AC5: Status | AD5: Target Pelatihan | AE5: BLS | AF5: Status | AG5: Target Pelatihan | AH5: Isolasi | AI5: Status | AJ5: Target Pelatihan | AK5: Bekerja Dekat Air | AL5: Status | AM5: Target Pelatihan | AN5: Bekerja di Ketinggian | AO5: Status | AP5: Target Pelatihan | AQ5: Bekerja di Ruang Terbatas | AR5: Status | AS5: Target Pelatihan | AT5: Basic Tools Keeper | AU5: Status
A6: 1 | B6: =TEXT(C6,"00000000") -> 00125489 | C6: 00125489 | E6: EKO ISWANTO | F6: PT. SAPTAINDRA SEJATI | G6: PROJECT MANAGER | H6: OPERATION | I6: MINING-HAULING-PORT | K6: S | L6: PENGAWAS | M6: TARGET | N6: SUDAH | O6: =IFERROR(VLOOKUP(B6,POP!$B$5:$I$1048576,7,0),"") | P6: =IFERROR(VLOOKUP(B6,POM!$B$5:$I$1048576,7,0),"") | Q6: =IFERROR(VLOOKUP(B6,POU!$B$5:$I$1048576,7,0),"") -> 39154 | R6: =IF(AND(L6="PENGAWAS",M6="TARGET",N6=""),"TARGET","") | S6: =IFERROR(VLOOKUP(B6,'PEMBEKALAN POP'!$B$5:$I$1048576,7,0),"") | T6: =IFERROR(VLOOKUP(B6,'PEMBEKALAN POP'!$B$5:$I$1048576,8,0),"") | U6: TARGET | V6: {=MAX(IF(INDUKSI!$B$5:$B$1048576='Data Training 2022'!B6,INDUKSI!$H$5:$H$1048576))} -> #N/A | W6: =IFERROR(VLOOKUP(B6,INDUKSI!$B$5:$I$1048576,8,0),"") -> LULUS | X6: TARGET | Y6: {=MAX(IF(REINDUKSI!$B$5:$B$1048576='Data Training 2022'!B6,REINDUKSI!$H$5:$H$1048576))} -> 0 | Z6: =IFERROR(VLOOKUP(B6,REINDUKSI!$B$5:$I$1048576,8,0),"") | AA6: =IF(L6="OPERATOR","TARGET",IF(L6="MEKANIK","TARGET","")) | AB6: {=MAX(IF(BSA!$B$5:$B$1048576='Data Training 2022'!B6,BSA!$H$5:$H$1048576))} -> 0 | AC6: =IFERROR(VLOOKUP(B6,BSA!$B$5:$I$1048576,8,0),"") | AD6: TARGET | AG6: =IF(L6="MEKANIK","TARGET","") | AH6: {=MAX(IF(ISOLASI!$B$5:$B$1048576='Data Training 2022'!B6,ISOLASI!$H$5:$H$1048576))} -> 0 | AI6: =IFERROR(VLOOKUP(B6,ISOLASI!$B$5:$I$1048576,8,0),"") | AK6: {=MAX(IF('DEKAT AIR'!$B$5:$B$1048576='Data Training 2022'!B6,'DEKAT AIR'!$H$5:$H$1048576))} -> 0 | AL6: =IFERROR(VLOOKUP(B6,'DEKAT AIR'!$B$5:$I$1048576,8,0),"") | AN6: {=MAX(IF(KETINGGIAN!$B$5:$B$1048576='Data Training 2022'!B6,KETINGGIAN!$H$5:$H$1048576))} -> 0 | AO6: =IFERROR(VLOOKUP(B6,KETINGGIAN!$B$5:$I$1048576,8,0),"") | AT6: {=MAX(IF(TOOLSKEEPER!$B$5:$B$1048576='Data Training 2022'!B6,TOOLSKEEPER!$H$5:$H$1048576))} -> 0 | AU6: =IFERROR(VLOOKUP(B6,TOOLSKEEPER!$B$5:$I$1048576,8,0),"")
A7: =A6+1 -> 2 | B7: =TEXT(C7,"00000000") -> 00108258 | C7: 00108258 | E7: BENNY PERMANA | F7: PT. SAPTAINDRA SEJATI | G7: SECTION HEAD | H7: SHE | I7: MINING-HAULING-PORT | K7: S | L7: PENGAWAS | M7: TARGET | N7: SUDAH | O7: =IFERROR(VLOOKUP(B7,POP!$B$5:$I$1048576,7,0),"") | P7: =IFERROR(VLOOKUP(B7,POM!$B$5:$I$1048576,7,0),"") -> 42013 | Q7: =IFERROR(VLOOKUP(B7,POU!$B$5:$I$1048576,7,0),"") | R7: =IF(AND(L7="PENGAWAS",M7="TARGET",N7=""),"TARGET","") | S7: =IFERROR(VLOOKUP(B7,'PEMBEKALAN POP'!$B$5:$I$1048576,7,0),"") | T7: =IFERROR(VLOOKUP(B7,'PEMBEKALAN POP'!$B$5:$I$1048576,8,0),"") | U7: TARGET | V7: {=MAX(IF(INDUKSI!$B$5:$B$1048576='Data Training 2022'!B7,INDUKSI!$H$5:$H$1048576))} -> #N/A | W7: =IFERROR(VLOOKUP(B7,INDUKSI!$B$5:$I$1048576,8,0),"") -> LULUS | X7: TARGET | Y7: {=MAX(IF(REINDUKSI!$B$5:$B$1048576='Data Training 2022'!B7,REINDUKSI!$H$5:$H$1048576))} -> 44693 | Z7: =IFERROR(VLOOKUP(B7,REINDUKSI!$B$5:$I$1048576,8,0),"") -> LULUS | AA7: =IF(L7="OPERATOR","TARGET",IF(L7="MEKANIK","TARGET","")) | AB7: {=MAX(IF(BSA!$B$5:$B$1048576='Data Training 2022'!B7,BSA!$H$5:$H$1048576))} -> 0 | AC7: =IFERROR(VLOOKUP(B7,BSA!$B$5:$I$1048576,8,0),"") | AD7: TARGET | AG7: =IF(L7="MEKANIK","TARGET","") | AH7: {=MAX(IF(ISOLASI!$B$5:$B$1048576='Data Training 2022'!B7,ISOLASI!$H$5:$H$1048576))} -> 0 | AI7: =IFERROR(VLOOKUP(B7,ISOLASI!$B$5:$I$1048576,8,0),"") | AK7: {=MAX(IF('DEKAT AIR'!$B$5:$B$1048576='Data Training 2022'!B7,'DEKAT AIR'!$H$5:$H$1048576))} -> 0 | AL7: =IFERROR(VLOOKUP(B7,'DEKAT AIR'!$B$5:$I$1048576,8,0),"") | AN7: {=MAX(IF(KETINGGIAN!$B$5:$B$1048576='Data Training 2022'!B7,KETINGGIAN!$H$5:$H$1048576))} -> 0 | AO7: =IFERROR(VLOOKUP(B7,KETINGGIAN!$B$5:$I$1048576,8,0),"") | AT7: {=MAX(IF(TOOLSKEEPER!$B$5:$B$1048576='Data Training 2022'!B7,TOOLSKEEPER!$H$5:$H$1048576))} -> 0 | AU7: =IFERROR(VLOOKUP(B7,TOOLSKEEPER!$B$5:$I$1048576,8,0),"")
A8: =A7+1 -> 3 | B8: =TEXT(C8,"00000000") -> 00118157 | C8: 00118157 | E8: SIMSON SONY ROSIDI | F8: PT. SAPTAINDRA SEJATI | G8: UNIT HEAD | H8: SHE | I8: MINING-HAULING-PORT | K8: S | L8: PENGAWAS | M8: TARGET | N8: SUDAH | O8: =IFERROR(VLOOKUP(B8,POP!$B$5:$I$1048576,7,0),"") -> 43444 | P8: =IFERROR(VLOOKUP(B8,POM!$B$5:$I$1048576,7,0),"") | Q8: =IFERROR(VLOOKUP(B8,POU!$B$5:$I$1048576,7,0),"") | R8: =IF(AND(L8="PENGAWAS",M8="TARGET",N8=""),"TARGET","") | S8: =IFERROR(VLOOKUP(B8,'PEMBEKALAN POP'!$B$5:$I$1048576,7,0),"") | T8: =IFERROR(VLOOKUP(B8,'PEMBEKALAN POP'!$B$5:$I$1048576,8,0),"") | U8: TARGET | V8: {=MAX(IF(INDUKSI!$B$5:$B$1048576='Data Training 2022'!B8,INDUKSI!$H$5:$H$1048576))} -> #N/A | W8: =IFERROR(VLOOKUP(B8,INDUKSI!$B$5:$I$1048576,8,0),"") -> LULUS | X8: TARGET | Y8: {=MAX(IF(REINDUKSI!$B$5:$B$1048576='Data Training 2022'!B8,REINDUKSI!$H$5:$H$1048576))} -> 0 | Z8: =IFERROR(VLOOKUP(B8,REINDUKSI!$B$5:$I$1048576,8,0),"") | AA8: =IF(L8="OPERATOR","TARGET",IF(L8="MEKANIK","TARGET","")) | AB8: {=MAX(IF(BSA!$B$5:$B$1048576='Data Training 2022'!B8,BSA!$H$5:$H$1048576))} -> 0 | AC8: =IFERROR(VLOOKUP(B8,BSA!$B$5:$I$1048576,8,0),"") | AD8: TARGET | AG8: =IF(L8="MEKANIK","TARGET","") | AH8: {=MAX(IF(ISOLASI!$B$5:$B$1048576='Data Training 2022'!B8,ISOLASI!$H$5:$H$1048576))} -> 0 | AI8: =IFERROR(VLOOKUP(B8,ISOLASI!$B$5:$I$1048576,8,0),"") | AK8: {=MAX(IF('DEKAT AIR'!$B$5:$B$1048576='Data Training 2022'!B8,'DEKAT AIR'!$H$5:$H$1048576))} -> 0 | AL8: =IFERROR(VLOOKUP(B8,'DEKAT AIR'!$B$5:$I$1048576,8,0),"") | AN8: {=MAX(IF(KETINGGIAN!$B$5:$B$1048576='Data Training 2022'!B8,KETINGGIAN!$H$5:$H$1048576))} -> 0 | AO8: =IFERROR(VLOOKUP(B8,KETINGGIAN!$B$5:$I$1048576,8,0),"") | AT8: {=MAX(IF(TOOLSKEEPER!$B$5:$B$1048576='Data Training 2022'!B8,TOOLSKEEPER!$H$5:$H$1048576))} -> 0 | AU8: =IFERROR(VLOOKUP(B8,TOOLSKEEPER!$B$5:$I$1048576,8,0),"")
A9: =A8+1 -> 4 | B9: =TEXT(C9,"00000000") -> 01111018 | C9: 01111018 | E9: PRASETYA JOKO PRANOTO | F9: PT. SAPTAINDRA SEJATI | G9: UNIT HEAD | H9: SHE | I9: MINING-HAULING-PORT | K9: S | L9: PENGAWAS | M9: TARGET | N9: SUDAH | O9: =IFERROR(VLOOKUP(B9,POP!$B$5:$I$1048576,7,0),"") -> 42475 | P9: =IFERROR(VLOOKUP(B9,POM!$B$5:$I$1048576,7,0),"") | Q9: =IFERROR(VLOOKUP(B9,POU!$B$5:$I$1048576,7,0),"") | R9: =IF(AND(L9="PENGAWAS",M9="TARGET",N9=""),"TARGET","") | S9: =IFERROR(VLOOKUP(B9,'PEMBEKALAN POP'!$B$5:$I$1048576,7,0),"") | T9: =IFERROR(VLOOKUP(B9,'PEMBEKALAN POP'!$B$5:$I$1048576,8,0),"") | U9: TARGET | V9: {=MAX(IF(INDUKSI!$B$5:$B$1048576='Data Training 2022'!B9,INDUKSI!$H$5:$H$1048576))} -> #N/A | W9: =IFERROR(VLOOKUP(B9,INDUKSI!$B$5:$I$1048576,8,0),"") -> LULUS | X9: TARGET | Y9: {=MAX(IF(REINDUKSI!$B$5:$B$1048576='Data Training 2022'!B9,REINDUKSI!$H$5:$H$1048576))} -> 44476 | Z9: =IFERROR(VLOOKUP(B9,REINDUKSI!$B$5:$I$1048576,8,0),"") -> LULUS | AA9: =IF(L9="OPERATOR","TARGET",IF(L9="MEKANIK","TARGET","")) | AB9: {=MAX(IF(BSA!$B$5:$B$1048576='Data Training 2022'!B9,BSA!$H$5:$H$1048576))} -> 0 | AC9: =IFERROR(VLOOKUP(B9,BSA!$B$5:$I$1048576,8,0),"") | AD9: TARGET | AG9: =IF(L9="MEKANIK","TARGET","") | AH9: {=MAX(IF(ISOLASI!$B$5:$B$1048576='Data Training 2022'!B9,ISOLASI!$H$5:$H$1048576))} -> 0 | AI9: =IFERROR(VLOOKUP(B9,ISOLASI!$B$5:$I$1048576,8,0),"") | AK9: {=MAX(IF('DEKAT AIR'!$B$5:$B$1048576='Data Training 2022'!B9,'DEKAT AIR'!$H$5:$H$1048576))} -> 0 | AL9: =IFERROR(VLOOKUP(B9,'DEKAT AIR'!$B$5:$I$1048576,8,0),"") | AN9: {=MAX(IF(KETINGGIAN!$B$5:$B$1048576='Data Training 2022'!B9,KETINGGIAN!$H$5:$H$1048576))} -> 0 | AO9: =IFERROR(VLOOKUP(B9,KETINGGIAN!$B$5:$I$1048576,8,0),"") | AT9: {=MAX(IF(TOOLSKEEPER!$B$5:$B$1048576='Data Training 2022'!B9,TOOLSKEEPER!$H$5:$H$1048576))} -> 0 | AU9: =IFERROR(VLOOKUP(B9,TOOLSKEEPER!$B$5:$I$1048576,8,0),"")
A10: =A9+1 -> 5 | B10: =TEXT(C10,"00000000") -> 00108425 | C10: 00108425 | E10: ROBBY | F10: PT. SAPTAINDRA SEJATI | G10: UNIT HEAD | H10: SHE | I10: MINING-HAULING-PORT | K10: S | L10: PENGAWAS | M10: TARGET | N10: SUDAH | O10: =IFERROR(VLOOKUP(B10,POP!$B$5:$I$1048576,7,0),"") -> 42041 | P10: =IFERROR(VLOOKUP(B10,POM!$B$5:$I$1048576,7,0),"") | Q10: =IFERROR(VLOOKUP(B10,POU!$B$5:$I$1048576,7,0),"") | R10: =IF(AND(L10="PENGAWAS",M10="TARGET",N10=""),"TARGET","") | S10: =IFERROR(VLOOKUP(B10,'PEMBEKALAN POP'!$B$5:$I$1048576,7,0),"") | T10: =IFERROR(VLOOKUP(B10,'PEMBEKALAN POP'!$B$5:$I$1048576,8,0),"") | U10: TARGET | V10: {=MAX(IF(INDUKSI!$B$5:$B$1048576='Data Training 2022'!B10,INDUKSI!$H$5:$H$1048576))} -> #N/A | W10: =IFERROR(VLOOKUP(B10,INDUKSI!$B$5:$I$1048576,8,0),"") -> LULUS | X10: TARGET | Y10: {=MAX(IF(REINDUKSI!$B$5:$B$1048576='Data Training 2022'!B10,REINDUKSI!$H$5:$H$1048576))} -> 0 | Z10: =IFERROR(VLOOKUP(B10,REINDUKSI!$B$5:$I$1048576,8,0),"") | AA10: =IF(L10="OPERATOR","TARGET",IF(L10="MEKANIK","TARGET","")) | AB10: {=MAX(IF(BSA!$B$5:$B$1048576='Data Training 2022'!B10,BSA!$H$5:$H$1048576))} -> 0 | AC10: =IFERROR(VLOOKUP(B10,BSA!$B$5:$I$1048576,8,0),"") | AD10: TARGET | AG10: =IF(L10="MEKANIK","TARGET","") | AH10: {=MAX(IF(ISOLASI!$B$5:$B$1048576='Data Training 2022'!B10,ISOLASI!$H$5:$H$1048576))} -> 0 | AI10: =IFERROR(VLOOKUP(B10,ISOLASI!$B$5:$I$1048576,8,0),"") | AK10: {=MAX(IF('DEKAT AIR'!$B$5:$B$1048576='Data Training 2022'!B10,'DEKAT AIR'!$H$5:$H$1048576))} -> 0 | AL10: =IFERROR(VLOOKUP(B10,'DEKAT AIR'!$B$5:$I$1048576,8,0),"") | AN10: {=MAX(IF(KETINGGIAN!$B$5:$B$1048576='Data Training 2022'!B10,KETINGGIAN!$H$5:$H$1048576))} -> 0 | AO10: =IFERROR(VLOOKUP(B10,KETINGGIAN!$B$5:$I$1048576,8,0),"") | AT10: {=MAX(IF(TOOLSKEEPER!$B$5:$B$1048576='Data Training 2022'!B10,TOOLSKEEPER!$H$5:$H$1048576))} -> 0 | AU10: =IFERROR(VLOOKUP(B10,TOOLSKEEPER!$B$5:$I$1048576,8,0),"")
A11: =A10+1 -> 6 | B11: =TEXT(C11,"00000000") -> 00117238 | C11: 00117238 | E11: WAHYU SETIYO WIBOWO | F11: PT. SAPTAINDRA SEJATI | G11: GROUP LEADER | H11: SHE | I11: MINING-HAULING-PORT | K11: S | L11: PENGAWAS | M11: TARGET | N11: SUDAH | O11: =IFERROR(VLOOKUP(B11,POP!$B$5:$I$1048576,7,0),"") -> 43523 | P11: =IFERROR(VLOOKUP(B11,POM!$B$5:$I$1048576,7,0),"") | Q11: =IFERROR(VLOOKUP(B11,POU!$B$5:$I$1048576,7,0),"") | R11: =IF(AND(L11="PENGAWAS",M11="TARGET",N11=""),"TARGET","") | S11: =IFERROR(VLOOKUP(B11,'PEMBEKALAN POP'!$B$5:$I$1048576,7,0),"") | T11: =IFERROR(VLOOKUP(B11,'PEMBEKALAN POP'!$B$5:$I$1048576,8,0),"") | U11: TARGET | V11: {=MAX(IF(INDUKSI!$B$5:$B$1048576='Data Training 2022'!B11,INDUKSI!$H$5:$H$1048576))} -> #N/A | W11: =IFERROR(VLOOKUP(B11,INDUKSI!$B$5:$I$1048576,8,0),"") -> LULUS | X11: TARGET | Y11: {=MAX(IF(REINDUKSI!$B$5:$B$1048576='Data Training 2022'!B11,REINDUKSI!$H$5:$H$1048576))} -> 44549 | Z11: =IFERROR(VLOOKUP(B11,REINDUKSI!$B$5:$I$1048576,8,0),"") -> LULUS | AA11: =IF(L11="OPERATOR","TARGET",IF(L11="MEKANIK","TARGET","")) | AB11: {=MAX(IF(BSA!$B$5:$B$1048576='Data Training 2022'!B11,BSA!$H$5:$H$1048576))} -> 0 | AC11: =IFERROR(VLOOKUP(B11,BSA!$B$5:$I$1048576,8,0),"") | AD11: TARGET | AG11: =IF(L11="MEKANIK","TARGET","") | AH11: {=MAX(IF(ISOLASI!$B$5:$B$1048576='Data Training 2022'!B11,ISOLASI!$H$5:$H$1048576))} -> 0 | AI11: =IFERROR(VLOOKUP(B11,ISOLASI!$B$5:$I$1048576,8,0),"") | AK11: {=MAX(IF('DEKAT AIR'!$B$5:$B$1048576='Data Training 2022'!B11,'DEKAT AIR'!$H$5:$H$1048576))} -> 0 | AL11: =IFERROR(VLOOKUP(B11,'DEKAT AIR'!$B$5:$I$1048576,8,0),"") | AN11: {=MAX(IF(KETINGGIAN!$B$5:$B$1048576='Data Training 2022'!B11,KETINGGIAN!$H$5:$H$1048576))} -> 0 | AO11: =IFERROR(VLOOKUP(B11,KETINGGIAN!$B$5:$I$1048576,8,0),"") | AT11: {=MAX(IF(TOOLSKEEPER!$B$5:$B$1048576='Data Training 2022'!B11,TOOLSKEEPER!$H$5:$H$1048576))} -> 0 | AU11: =IFERROR(VLOOKUP(B11,TOOLSKEEPER!$B$5:$I$1048576,8,0),"")
A12: =A11+1 -> 7 | B12: =TEXT(C12,"00000000") -> 00117261 | C12: 00117261 | E12: I GUSTI MADE SUTA ADNYANA | F12: PT. SAPTAINDRA SEJATI | G12: GROUP LEADER | H12: SHE | I12: MINING-HAULING-PORT | K12: S | L12: PENGAWAS | M12: TARGET | N12: SUDAH | O12: =IFERROR(VLOOKUP(B12,POP!$B$5:$I$1048576,7,0),"") -> 44438 | P12: =IFERROR(VLOOKUP(B12,POM!$B$5:$I$1048576,7,0),"") | Q12: =IFERROR(VLOOKUP(B12,POU!$B$5:$I$1048576,7,0),"") | R12: =IF(AND(L12="PENGAWAS",M12="TARGET",N12=""),"TARGET","") | S12: =IFERROR(VLOOKUP(B12,'PEMBEKALAN POP'!$B$5:$I$1048576,7,0),"") | T12: =IFERROR(VLOOKUP(B12,'PEMBEKALAN POP'!$B$5:$I$1048576,8,0),"") | U12: TARGET | V12: {=MAX(IF(INDUKSI!$B$5:$B$1048576='Data Training 2022'!B12,INDUKSI!$H$5:$H$1048576))} -> #N/A | W12: =IFERROR(VLOOKUP(B12,INDUKSI!$B$5:$I$1048576,8,0),"") -> LULUS | X12: TARGET | Y12: {=MAX(IF(REINDUKSI!$B$5:$B$1048576='Data Training 2022'!B12,REINDUKSI!$H$5:$H$1048576))} -> 44461 | Z12: =IFERROR(VLOOKUP(B12,REINDUKSI!$B$5:$I$1048576,8,0),"") -> LULUS | AA12: =IF(L12="OPERATOR","TARGET",IF(L12="MEKANIK","TARGET","")) | AB12: {=MAX(IF(BSA!$B$5:$B$1048576='Data Training 2022'!B12,BSA!$H$5:$H$1048576))} -> 0 | AC12: =IFERROR(VLOOKUP(B12,BSA!$B$5:$I$1048576,8,0),"") | AD12: TARGET | AG12: =IF(L12="MEKANIK","TARGET","") | AH12: {=MAX(IF(ISOLASI!$B$5:$B$1048576='Data Training 2022'!B12,ISOLASI!$H$5:$H$1048576))} -> 0 | AI12: =IFERROR(VLOOKUP(B12,ISOLASI!$B$5:$I$1048576,8,0),"") | AK12: {=MAX(IF('DEKAT AIR'!$B$5:$B$1048576='Data Training 2022'!B12,'DEKAT AIR'!$H$5:$H$1048576))} -> 0 | AL12: =IFERROR(VLOOKUP(B12,'DEKAT AIR'!$B$5:$I$1048576,8,0),"") | AN12: {=MAX(IF(KETINGGIAN!$B$5:$B$1048576='Data Training 2022'!B12,KETINGGIAN!$H$5:$H$1048576))} -> 0 | AO12: =IFERROR(VLOOKUP(B12,KETINGGIAN!$B$5:$I$1048576,8,0),"") | AT12: {=MAX(IF(TOOLSKEEPER!$B$5:$B$1048576='Data Training 2022'!B12,TOOLSKEEPER!$H$5:$H$1048576))} -> 0 | AU12: =IFERROR(VLOOKUP(B12,TOOLSKEEPER!$B$5:$I$1048576,8,0),"")
A13: =A12+1 -> 8 | B13: =TEXT(C13,"00000000") -> 00117347 | C13: 00117347 | E13: ROCHMAD SULISTYANTO KUNCORO | F13: PT. SAPTAINDRA SEJATI | G13: GROUP LEADER | H13: SHE | I13: MINING-HAULING-PORT | K13: S | L13: PENGAWAS | M13: TARGET | N13: SUDAH | O13: =IFERROR(VLOOKUP(B13,POP!$B$5:$I$1048576,7,0),"") -> 44237 | P13: =IFERROR(VLOOKUP(B13,POM!$B$5:$I$1048576,7,0),"") | Q13: =IFERROR(VLOOKUP(B13,POU!$B$5:$I$1048576,7,0),"") | R13: =IF(AND(L13="PENGAWAS",M13="TARGET",N13=""),"TARGET","") | S13: =IFERROR(VLOOKUP(B13,'PEMBEKALAN POP'!$B$5:$I$1048576,7,0),"") | T13: =IFERROR(VLOOKUP(B13,'PEMBEKALAN POP'!$B$5:$I$1048576,8,0),"") | U13: TARGET | V13: {=MAX(IF(INDUKSI!$B$5:$B$1048576='Data Training 2022'!B13,INDUKSI!$H$5:$H$1048576))} -> #N/A | W13: =IFERROR(VLOOKUP(B13,INDUKSI!$B$5:$I$1048576,8,0),"") -> LULUS | X13: TARGET | Y13: {=MAX(IF(REINDUKSI!$B$5:$B$1048576='Data Training 2022'!B13,REINDUKSI!$H$5:$H$1048576))} -> 0 | Z13: =IFERROR(VLOOKUP(B13,REINDUKSI!$B$5:$I$1048576,8,0),"") | AA13: =IF(L13="OPERATOR","TARGET",IF(L13="MEKANIK","TARGET","")) | AB13: {=MAX(IF(BSA!$B$5:$B$1048576='Data Training 2022'!B13,BSA!$H$5:$H$1048576))} -> 0 | AC13: =IFERROR(VLOOKUP(B13,BSA!$B$5:$I$1048576,8,0),"") | AD13: TARGET | AG13: =IF(L13="MEKANIK","TARGET","") | AH13: {=MAX(IF(ISOLASI!$B$5:$B$1048576='Data Training 2022'!B13,ISOLASI!$H$5:$H$1048576))} -> 0 | AI13: =IFERROR(VLOOKUP(B13,ISOLASI!$B$5:$I$1048576,8,0),"") | AK13: {=MAX(IF('DEKAT AIR'!$B$5:$B$1048576='Data Training 2022'!B13,'DEKAT AIR'!$H$5:$H$1048576))} -> 0 | AL13: =IFERROR(VLOOKUP(B13,'DEKAT AIR'!$B$5:$I$1048576,8,0),"") | AN13: {=MAX(IF(KETINGGIAN!$B$5:$B$1048576='Data Training 2022'!B13,KETINGGIAN!$H$5:$H$1048576))} -> 0 | AO13: =IFERROR(VLOOKUP(B13,KETINGGIAN!$B$5:$I$1048576,8,0),"") | AT13: {=MAX(IF(TOOLSKEEPER!$B$5:$B$1048576='Data Training 2022'!B13,TOOLSKEEPER!$H$5:$H$1048576))} -> 0 | AU13: =IFERROR(VLOOKUP(B13,TOOLSKEEPER!$B$5:$I$1048576,8,0),"")
A14: =A13+1 -> 9 | B14: =TEXT(C14,"00000000") -> 00119215 | C14: 00119215 | E14: PRASETYO WIBOWO | F14: PT. SAPTAINDRA SEJATI | G14: GROUP LEADER | H14: SHE | I14: MINING-HAULING-PORT | K14: S | L14: PENGAWAS | M14: TARGET | N14: SUDAH | O14: =IFERROR(VLOOKUP(B14,POP!$B$5:$I$1048576,7,0),"") -> 44116 | P14: =IFERROR(VLOOKUP(B14,POM!$B$5:$I$1048576,7,0),"") | Q14: =IFERROR(VLOOKUP(B14,POU!$B$5:$I$1048576,7,0),"") | R14: =IF(AND(L14="PENGAWAS",M14="TARGET",N14=""),"TARGET","") | S14: =IFERROR(VLOOKUP(B14,'PEMBEKALAN POP'!$B$5:$I$1048576,7,0),"") | T14: =IFERROR(VLOOKUP(B14,'PEMBEKALAN POP'!$B$5:$I$1048576,8,0),"") | U14: TARGET | V14: {=MAX(IF(INDUKSI!$B$5:$B$1048576='Data Training 2022'!B14,INDUKSI!$H$5:$H$1048576))} -> #N/A | W14: =IFERROR(VLOOKUP(B14,INDUKSI!$B$5:$I$1048576,8,0),"") -> LULUS | X14: TARGET | Y14: {=MAX(IF(REINDUKSI!$B$5:$B$1048576='Data Training 2022'!B14,REINDUKSI!$H$5:$H$1048576))} -> 44590 | Z14: =IFERROR(VLOOKUP(B14,REINDUKSI!$B$5:$I$1048576,8,0),"") -> LULUS | AA14: =IF(L14="OPERATOR","TARGET",IF(L14="MEKANIK","TARGET","")) | AB14: {=MAX(IF(BSA!$B$5:$B$1048576='Data Training 2022'!B14,BSA!$H$5:$H$1048576))} -> 0 | AC14: =IFERROR(VLOOKUP(B14,BSA!$B$5:$I$1048576,8,0),"") | AD14: TARGET | AG14: =IF(L14="MEKANIK","TARGET","") | AH14: {=MAX(IF(ISOLASI!$B$5:$B$1048576='Data Training 2022'!B14,ISOLASI!$H$5:$H$1048576))} -> 0 | AI14: =IFERROR(VLOOKUP(B14,ISOLASI!$B$5:$I$1048576,8,0),"") | AK14: {=MAX(IF('DEKAT AIR'!$B$5:$B$1048576='Data Training 2022'!B14,'DEKAT AIR'!$H$5:$H$1048576))} -> 0 | AL14: =IFERROR(VLOOKUP(B14,'DEKAT AIR'!$B$5:$I$1048576,8,0),"") | AN14: {=MAX(IF(KETINGGIAN!$B$5:$B$1048576='Data Training 2022'!B14,KETINGGIAN!$H$5:$H$1048576))} -> 0 | AO14: =IFERROR(VLOOKUP(B14,KETINGGIAN!$B$5:$I$1048576,8,0),"") | AT14: {=MAX(IF(TOOLSKEEPER!$B$5:$B$1048576='Data Training 2022'!B14,TOOLSKEEPER!$H$5:$H$1048576))} -> 0 | AU14: =IFERROR(VLOOKUP(B14,TOOLSKEEPER!$B$5:$I$1048576,8,0),"")
A15: =A14+1 -> 10 | B15: =TEXT(C15,"00000000") -> 80001090 | C15: 80001090 | E15: DENY KUSWARA | F15: PT. SAPTAINDRA SEJATI | G15: GROUP LEADER | H15: SHE | I15: MINING-HAULING-PORT | K15: S | L15: PENGAWAS | M15: TARGET | O15: =IFERROR(VLOOKUP(B15,POP!$B$5:$I$1048576,7,0),"") | P15: =IFERROR(VLOOKUP(B15,POM!$B$5:$I$1048576,7,0),"") | Q15: =IFERROR(VLOOKUP(B15,POU!$B$5:$I$1048576,7,0),"") | R15: =IF(AND(L15="PENGAWAS",M15="TARGET",N15=""),"TARGET","") -> TARGET | S15: =IFERROR(VLOOKUP(B15,'PEMBEKALAN POP'!$B$5:$I$1048576,7,0),"") -> 44563 | T15: =IFERROR(VLOOKUP(B15,'PEMBEKALAN POP'!$B$5:$I$1048576,8,0),"") -> LULUS | U15: TARGET | V15: {=MAX(IF(INDUKSI!$B$5:$B$1048576='Data Training 2022'!B15,INDUKSI!$H$5:$H$1048576))} -> #N/A | W15: =IFERROR(VLOOKUP(B15,INDUKSI!$B$5:$I$1048576,8,0),"") -> LULUS | X15: TARGET | Y15: {=MAX(IF(REINDUKSI!$B$5:$B$1048576='Data Training 2022'!B15,REINDUKSI!$H$5:$H$1048576))} -> 44512 | Z15: =IFERROR(VLOOKUP(B15,REINDUKSI!$B$5:$I$1048576,8,0),"") -> LULUS | AA15: =IF(L15="OPERATOR","TARGET",IF(L15="MEKANIK","TARGET","")) | AB15: {=MAX(IF(BSA!$B$5:$B$1048576='Data Training 2022'!B15,BSA!$H$5:$H$1048576))} -> 0 | AC15: =IFERROR(VLOOKUP(B15,BSA!$B$5:$I$1048576,8,0),"") | AD15: TARGET | AG15: =IF(L15="MEKANIK","TARGET","") | AH15: {=MAX(IF(ISOLASI!$B$5:$B$1048576='Data Training 2022'!B15,ISOLASI!$H$5:$H$1048576))} -> 0 | AI15: =IFERROR(VLOOKUP(B15,ISOLASI!$B$5:$I$1048576,8,0),"") | AK15: {=MAX(IF('DEKAT AIR'!$B$5:$B$1048576='Data Training 2022'!B15,'DEKAT AIR'!$H$5:$H$1048576))} -> 0 | AL15: =IFERROR(VLOOKUP(B15,'DEKAT AIR'!$B$5:$I$1048576,8,0),"") | AN15: {=MAX(IF(KETINGGIAN!$B$5:$B$1048576='Data Training 2022'!B15,KETINGGIAN!$H$5:$H$1048576))} -> 0 | AO15: =IFERROR(VLOOKUP(B15,KETINGGIAN!$B$5:$I$1048576,8,0),"") | AT15: {=MAX(IF(TOOLSKEEPER!$B$5:$B$1048576='Data Training 2022'!B15,TOOLSKEEPER!$H$5:$H$1048576))} -> 0 | AU15: =IFERROR(VLOOKUP(B15,TOOLSKEEPER!$B$5:$I$1048576,8,0),"")
A16: =A15+1 -> 11 | B16: =TEXT(C16,"00000000") -> 80001091 | C16: 80001091 | E16: IBNU SYIHAB AZZUHRI | F16: PT. SAPTAINDRA SEJATI | G16: GROUP LEADER | H16: SHE | I16: MINING-HAULING-PORT | K16: S | L16: PENGAWAS | M16: TARGET | O16: =IFERROR(VLOOKUP(B16,POP!$B$5:$I$1048576,7,0),"") | P16: =IFERROR(VLOOKUP(B16,POM!$B$5:$I$1048576,7,0),"") | Q16: =IFERROR(VLOOKUP(B16,POU!$B$5:$I$1048576,7,0),"") | R16: =IF(AND(L16="PENGAWAS",M16="TARGET",N16=""),"TARGET","") -> TARGET | S16: =IFERROR(VLOOKUP(B16,'PEMBEKALAN POP'!$B$5:$I$1048576,7,0),"") -> 44581 | T16: =IFERROR(VLOOKUP(B16,'PEMBEKALAN POP'!$B$5:$I$1048576,8,0),"") -> LULUS | U16: TARGET | V16: {=MAX(IF(INDUKSI!$B$5:$B$1048576='Data Training 2022'!B16,INDUKSI!$H$5:$H$1048576))} -> #N/A | W16: =IFERROR(VLOOKUP(B16,INDUKSI!$B$5:$I$1048576,8,0),"") -> LULUS | X16: TARGET | Y16: {=MAX(IF(REINDUKSI!$B$5:$B$1048576='Data Training 2022'!B16,REINDUKSI!$H$5:$H$1048576))} -> 44564 | Z16: =IFERROR(VLOOKUP(B16,REINDUKSI!$B$5:$I$1048576,8,0),"") -> LULUS | AA16: =IF(L16="OPERATOR","TARGET",IF(L16="MEKANIK","TARGET","")) | AB16: {=MAX(IF(BSA!$B$5:$B$1048576='Data Training 2022'!B16,BSA!$H$5:$H$1048576))} -> 0 | AC16: =IFERROR(VLOOKUP(B16,BSA!$B$5:$I$1048576,8,0),"") | AD16: TARGET | AG16: =IF(L16="MEKANIK","TARGET","") | AH16: {=MAX(IF(ISOLASI!$B$5:$B$1048576='Data Training 2022'!B16,ISOLASI!$H$5:$H$1048576))} -> 0 | AI16: =IFERROR(VLOOKUP(B16,ISOLASI!$B$5:$I$1048576,8,0),"") | AK16: {=MAX(IF('DEKAT AIR'!$B$5:$B$1048576='Data Training 2022'!B16,'DEKAT AIR'!$H$5:$H$1048576))} -> 0 | AL16: =IFERROR(VLOOKUP(B16,'DEKAT AIR'!$B$5:$I$1048576,8,0),"") | AN16: {=MAX(IF(KETINGGIAN!$B$5:$B$1048576='Data Training 2022'!B16,KETINGGIAN!$H$5:$H$1048576))} -> 0 | AO16: =IFERROR(VLOOKUP(B16,KETINGGIAN!$B$5:$I$1048576,8,0),"") | AT16: {=MAX(IF(TOOLSKEEPER!$B$5:$B$1048576='Data Training 2022'!B16,TOOLSKEEPER!$H$5:$H$1048576))} -> 0 | AU16: =IFERROR(VLOOKUP(B16,TOOLSKEEPER!$B$5:$I$1048576,8,0),"")
A17: =A16+1 -> 12 | B17: =TEXT(C17,"00000000") -> 80003288 | C17: 80003288 | E17: RIO DWI OKTAVIANA | F17: PT. SAPTAINDRA SEJATI | G17: GROUP LEADER | H17: SHE | I17: MINING-HAULING-PORT | K17: S | L17: PENGAWAS | M17: TARGET | N17: SUDAH | O17: =IFERROR(VLOOKUP(B17,POP!$B$5:$I$1048576,7,0),"") -> 44295 | P17: =IFERROR(VLOOKUP(B17,POM!$B$5:$I$1048576,7,0),"") | Q17: =IFERROR(VLOOKUP(B17,POU!$B$5:$I$1048576,7,0),"") | R17: =IF(AND(L17="PENGAWAS",M17="TARGET",N17=""),"TARGET","") | S17: =IFERROR(VLOOKUP(B17,'PEMBEKALAN POP'!$B$5:$I$1048576,7,0),"") | T17: =IFERROR(VLOOKUP(B17,'PEMBEKALAN POP'!$B$5:$I$1048576,8,0),"") | U17: TARGET | V17: {=MAX(IF(INDUKSI!$B$5:$B$1048576='Data Training 2022'!B17,INDUKSI!$H$5:$H$1048576))} -> #N/A | W17: =IFERROR(VLOOKUP(B17,INDUKSI!$B$5:$I$1048576,8,0),"") -> LULUS | X17: TARGET | Y17: {=MAX(IF(REINDUKSI!$B$5:$B$1048576='Data Training 2022'!B17,REINDUKSI!$H$5:$H$1048576))} -> 0 | Z17: =IFERROR(VLOOKUP(B17,REINDUKSI!$B$5:$I$1048576,8,0),"") | AA17: =IF(L17="OPERATOR","TARGET",IF(L17="MEKANIK","TARGET","")) | AB17: {=MAX(IF(BSA!$B$5:$B$1048576='Data Training 2022'!B17,BSA!$H$5:$H$1048576))} -> 0 | AC17: =IFERROR(VLOOKUP(B17,BSA!$B$5:$I$1048576,8,0),"") | AD17: TARGET | AG17: =IF(L17="MEKANIK","TARGET","") | AH17: {=MAX(IF(ISOLASI!$B$5:$B$1048576='Data Training 2022'!B17,ISOLASI!$H$5:$H$1048576))} -> 0 | AI17: =IFERROR(VLOOKUP(B17,ISOLASI!$B$5:$I$1048576,8,0),"") | AK17: {=MAX(IF('DEKAT AIR'!$B$5:$B$1048576='Data Training 2022'!B17,'DEKAT AIR'!$H$5:$H$1048576))} -> 0 | AL17: =IFERROR(VLOOKUP(B17,'DEKAT AIR'!$B$5:$I$1048576,8,0),"") | AN17: {=MAX(IF(KETINGGIAN!$B$5:$B$1048576='Data Training 2022'!B17,KETINGGIAN!$H$5:$H$1048576))} -> 0 | AO17: =IFERROR(VLOOKUP(B17,KETINGGIAN!$B$5:$I$1048576,8,0),"") | AT17: {=MAX(IF(TOOLSKEEPER!$B$5:$B$1048576='Data Training 2022'!B17,TOOLSKEEPER!$H$5:$H$1048576))} -> 0 | AU17: =IFERROR(VLOOKUP(B17,TOOLSKEEPER!$B$5:$I$1048576,8,0),"")
A18: =A17+1 -> 13 | B18: =TEXT(C18,"00000000") -> 80003269 | C18: 80003269 | E18: CATUR AGUS PRAYOGI | F18: PT. SAPTAINDRA SEJATI | G18: GROUP LEADER | H18: SHE | I18: MINING-HAULING-PORT | K18: S | L18: PENGAWAS | M18: TARGET | N18: SUDAH | O18: =IFERROR(VLOOKUP(B18,POP!$B$5:$I$1048576,7,0),"") -> 44463 | P18: =IFERROR(VLOOKUP(B18,POM!$B$5:$I$1048576,7,0),"") | Q18: =IFERROR(VLOOKUP(B18,POU!$B$5:$I$1048576,7,0),"") | R18: =IF(AND(L18="PENGAWAS",M18="TARGET",N18=""),"TARGET","") | S18: =IFERROR(VLOOKUP(B18,'PEMBEKALAN POP'!$B$5:$I$1048576,7,0),"") | T18: =IFERROR(VLOOKUP(B18,'PEMBEKALAN POP'!$B$5:$I$1048576,8,0),"") | U18: TARGET | V18: {=MAX(IF(INDUKSI!$B$5:$B$1048576='Data Training 2022'!B18,INDUKSI!$H$5:$H$1048576))} -> #N/A | W18: =IFERROR(VLOOKUP(B18,INDUKSI!$B$5:$I$1048576,8,0),"") -> LULUS | X18: TARGET | Y18: {=MAX(IF(REINDUKSI!$B$5:$B$1048576='Data Training 2022'!B18,REINDUKSI!$H$5:$H$1048576))} -> 0 | Z18: =IFERROR(VLOOKUP(B18,REINDUKSI!$B$5:$I$1048576,8,0),"") | AA18: =IF(L18="OPERATOR","TARGET",IF(L18="MEKANIK","TARGET","")) | AB18: {=MAX(IF(BSA!$B$5:$B$1048576='Data Training 2022'!B18,BSA!$H$5:$H$1048576))} -> 0 | AC18: =IFERROR(VLOOKUP(B18,BSA!$B$5:$I$1048576,8,0),"") | AD18: TARGET | AG18: =IF(L18="MEKANIK","TARGET","") | AH18: {=MAX(IF(ISOLASI!$B$5:$B$1048576='Data Training 2022'!B18,ISOLASI!$H$5:$H$1048576))} -> 0 | AI18: =IFERROR(VLOOKUP(B18,ISOLASI!$B$5:$I$1048576,8,0),"") | AK18: {=MAX(IF('DEKAT AIR'!$B$5:$B$1048576='Data Training 2022'!B18,'DEKAT AIR'!$H$5:$H$1048576))} -> 0 | AL18: =IFERROR(VLOOKUP(B18,'DEKAT AIR'!$B$5:$I$1048576,8,0),"") | AN18: {=MAX(IF(KETINGGIAN!$B$5:$B$1048576='Data Training 2022'!B18,KETINGGIAN!$H$5:$H$1048576))} -> 0 | AO18: =IFERROR(VLOOKUP(B18,KETINGGIAN!$B$5:$I$1048576,8,0),"") | AT18: {=MAX(IF(TOOLSKEEPER!$B$5:$B$1048576='Data Training 2022'!B18,TOOLSKEEPER!$H$5:$H$1048576))} -> 0 | AU18: =IFERROR(VLOOKUP(B18,TOOLSKEEPER!$B$5:$I$1048576,8,0),"")
A19: =A18+1 -> 14 | B19: =TEXT(C19,"00000000") -> 80004161 | C19: 80004161 | E19: MUHAMMAD RAFLI | F19: PT. SAPTAINDRA SEJATI | G19: GROUP LEADER | H19: SHE | I19: MINING-HAULING-PORT | K19: S | L19: PENGAWAS | M19: TARGET | O19: =IFERROR(VLOOKUP(B19,POP!$B$5:$I$1048576,7,0),"") | P19: =IFERROR(VLOOKUP(B19,POM!$B$5:$I$1048576,7,0),"") | Q19: =IFERROR(VLOOKUP(B19,POU!$B$5:$I$1048576,7,0),"") | R19: =IF(AND(L19="PENGAWAS",M19="TARGET",N19=""),"TARGET","") -> TARGET | S19: =IFERROR(VLOOKUP(B19,'PEMBEKALAN POP'!$B$5:$I$1048576,7,0),"") -> 44766 | T19: =IFERROR(VLOOKUP(B19,'PEMBEKALAN POP'!$B$5:$I$1048576,8,0),"") -> LULUS | U19: TARGET | V19: {=MAX(IF(INDUKSI!$B$5:$B$1048576='Data Training 2022'!B19,INDUKSI!$H$5:$H$1048576))} -> #N/A | W19: =IFERROR(VLOOKUP(B19,INDUKSI!$B$5:$I$1048576,8,0),"") -> LULUS | X19: TARGET | Y19: {=MAX(IF(REINDUKSI!$B$5:$B$1048576='Data Training 2022'!B19,REINDUKSI!$H$5:$H$1048576))} -> 0 | Z19: =IFERROR(VLOOKUP(B19,REINDUKSI!$B$5:$I$1048576,8,0),"") | AA19: =IF(L19="OPERATOR","TARGET",IF(L19="MEKANIK","TARGET","")) | AB19: {=MAX(IF(BSA!$B$5:$B$1048576='Data Training 2022'!B19,BSA!$H$5:$H$1048576))} -> 0 | AC19: =IFERROR(VLOOKUP(B19,BSA!$B$5:$I$1048576,8,0),"") | AD19: TARGET | AG19: =IF(L19="MEKANIK","TARGET","") | AH19: {=MAX(IF(ISOLASI!$B$5:$B$1048576='Data Training 2022'!B19,ISOLASI!$H$5:$H$1048576))} -> 0 | AI19: =IFERROR(VLOOKUP(B19,ISOLASI!$B$5:$I$1048576,8,0),"") | AK19: {=MAX(IF('DEKAT AIR'!$B$5:$B$1048576='Data Training 2022'!B19,'DEKAT AIR'!$H$5:$H$1048576))} -> 0 | AL19: =IFERROR(VLOOKUP(B19,'DEKAT AIR'!$B$5:$I$1048576,8,0),"") | AN19: {=MAX(IF(KETINGGIAN!$B$5:$B$1048576='Data Training 2022'!B19,KETINGGIAN!$H$5:$H$1048576))} -> 0 | AO19: =IFERROR(VLOOKUP(B19,KETINGGIAN!$B$5:$I$1048576,8,0),"") | AT19: {=MAX(IF(TOOLSKEEPER!$B$5:$B$1048576='Data Training 2022'!B19,TOOLSKEEPER!$H$5:$H$1048576))} -> 0 | AU19: =IFERROR(VLOOKUP(B19,TOOLSKEEPER!$B$5:$I$1048576,8,0),"")
A20: =A19+1 -> 15 | B20: =TEXT(C20,"00000000") -> 80001975 | C20: 80001975 | E20: HAWIN RIZKI PUTRA | F20: PT. SAPTAINDRA SEJATI | G20: FIELD SUPPORT - KESELAMATAN PERTAMBANGAN | H20: SHE | I20: MINING-HAULING-PORT | K20: NS | L20: FIELD SUPPORT | M20: NON TARGET | O20: =IFERROR(VLOOKUP(B20,POP!$B$5:$I$1048576,7,0),"") | P20: =IFERROR(VLOOKUP(B20,POM!$B$5:$I$1048576,7,0),"") | Q20: =IFERROR(VLOOKUP(B20,POU!$B$5:$I$1048576,7,0),"") | R20: =IF(AND(L20="PENGAWAS",M20="TARGET",N20=""),"TARGET","") | S20: =IFERROR(VLOOKUP(B20,'PEMBEKALAN POP'!$B$5:$I$1048576,7,0),"") | T20: =IFERROR(VLOOKUP(B20,'PEMBEKALAN POP'!$B$5:$I$1048576,8,0),"") | U20: TARGET | V20: {=MAX(IF(INDUKSI!$B$5:$B$1048576='Data Training 2022'!B20,INDUKSI!$H$5:$H$1048576))} -> #N/A | W20: =IFERROR(VLOOKUP(B20,INDUKSI!$B$5:$I$1048576,8,0),"") -> LULUS | X20: TARGET | Y20: {=MAX(IF(REINDUKSI!$B$5:$B$1048576='Data Training 2022'!B20,REINDUKSI!$H$5:$H$1048576))} -> 0 | Z20: =IFERROR(VLOOKUP(B20,REINDUKSI!$B$5:$I$1048576,8,0),"") | AA20: =IF(L20="OPERATOR","TARGET",IF(L20="MEKANIK","TARGET","")) | AB20: {=MAX(IF(BSA!$B$5:$B$1048576='Data Training 2022'!B20,BSA!$H$5:$H$1048576))} -> 0 | AC20: =IFERROR(VLOOKUP(B20,BSA!$B$5:$I$1048576,8,0),"") | AD20: TARGET | AG20: =IF(L20="MEKANIK","TARGET","") | AH20: {=MAX(IF(ISOLASI!$B$5:$B$1048576='Data Training 2022'!B20,ISOLASI!$H$5:$H$1048576))} -> 0 | AI20: =IFERROR(VLOOKUP(B20,ISOLASI!$B$5:$I$1048576,8,0),"") | AK20: {=MAX(IF('DEKAT AIR'!$B$5:$B$1048576='Data Training 2022'!B20,'DEKAT AIR'!$H$5:$H$1048576))} -> 0 | AL20: =IFERROR(VLOOKUP(B20,'DEKAT AIR'!$B$5:$I$1048576,8,0),"") | AN20: {=MAX(IF(KETINGGIAN!$B$5:$B$1048576='Data Training 2022'!B20,KETINGGIAN!$H$5:$H$1048576))} -> 0 | AO20: =IFERROR(VLOOKUP(B20,KETINGGIAN!$B$5:$I$1048576,8,0),"") | AT20: {=MAX(IF(TOOLSKEEPER!$B$5:$B$1048576='Data Training 2022'!B20,TOOLSKEEPER!$H$5:$H$1048576))} -> 0 | AU20: =IFERROR(VLOOKUP(B20,TOOLSKEEPER!$B$5:$I$1048576,8,0),"")
A21: =A20+1 -> 16 | B21: =TEXT(C21,"00000000") -> 80002339 | C21: 80002339 | E21: DICKY AULIA RAHMAN | F21: PT. SAPTAINDRA SEJATI | G21: FIELD SUPPORT - KESELAMATAN PERTAMBANGAN | H21: SHE | I21: MINING-HAULING-PORT | K21: NS | L21: FIELD SUPPORT | M21: NON TARGET | O21: =IFERROR(VLOOKUP(B21,POP!$B$5:$I$1048576,7,0),"") | P21: =IFERROR(VLOOKUP(B21,POM!$B$5:$I$1048576,7,0),"") | Q21: =IFERROR(VLOOKUP(B21,POU!$B$5:$I$1048576,7,0),"") | R21: =IF(AND(L21="PENGAWAS",M21="TARGET",N21=""),"TARGET","") | S21: =IFERROR(VLOOKUP(B21,'PEMBEKALAN POP'!$B$5:$I$1048576,7,0),"") | T21: =IFERROR(VLOOKUP(B21,'PEMBEKALAN POP'!$B$5:$I$1048576,8,0),"") | U21: TARGET | V21: {=MAX(IF(INDUKSI!$B$5:$B$1048576='Data Training 2022'!B21,INDUKSI!$H$5:$H$1048576))} -> #N/A | W21: =IFERROR(VLOOKUP(B21,INDUKSI!$B$5:$I$1048576,8,0),"") -> LULUS | X21: TARGET | Y21: {=MAX(IF(REINDUKSI!$B$5:$B$1048576='Data Training 2022'!B21,REINDUKSI!$H$5:$H$1048576))} -> 0 | Z21: =IFERROR(VLOOKUP(B21,REINDUKSI!$B$5:$I$1048576,8,0),"") | AA21: =IF(L21="OPERATOR","TARGET",IF(L21="MEKANIK","TARGET","")) | AB21: {=MAX(IF(BSA!$B$5:$B$1048576='Data Training 2022'!B21,BSA!$H$5:$H$1048576))} -> 0 | AC21: =IFERROR(VLOOKUP(B21,BSA!$B$5:$I$1048576,8,0),"") | AD21: TARGET | AG21: =IF(L21="MEKANIK","TARGET","") | AH21: {=MAX(IF(ISOLASI!$B$5:$B$1048576='Data Training 2022'!B21,ISOLASI!$H$5:$H$1048576))} -> 0 | AI21: =IFERROR(VLOOKUP(B21,ISOLASI!$B$5:$I$1048576,8,0),"") | AK21: {=MAX(IF('DEKAT AIR'!$B$5:$B$1048576='Data Training 2022'!B21,'DEKAT AIR'!$H$5:$H$1048576))} -> 0 | AL21: =IFERROR(VLOOKUP(B21,'DEKAT AIR'!$B$5:$I$1048576,8,0),"") | AN21: {=MAX(IF(KETINGGIAN!$B$5:$B$1048576='Data Training 2022'!B21,KETINGGIAN!$H$5:$H$1048576))} -> 0 | AO21: =IFERROR(VLOOKUP(B21,KETINGGIAN!$B$5:$I$1048576,8,0),"") | AT21: {=MAX(IF(TOOLSKEEPER!$B$5:$B$1048576='Data Training 2022'!B21,TOOLSKEEPER!$H$5:$H$1048576))} -> 0 | AU21: =IFERROR(VLOOKUP(B21,TOOLSKEEPER!$B$5:$I$1048576,8,0),"")
A22: =A21+1 -> 17 | B22: =TEXT(C22,"00000000") -> 00000000 | E22: FRAN EPENDI | F22: PT. SAPTAINDRA SEJATI | G22: FIELD SUPPORT - KESELAMATAN PERTAMBANGAN | H22: SHE | I22: MINING-HAULING-PORT | K22: NS | L22: FIELD SUPPORT | M22: NON TARGET | O22: =IFERROR(VLOOKUP(B22,POP!$B$5:$I$1048576,7,0),"") -> 42140 | P22: =IFERROR(VLOOKUP(B22,POM!$B$5:$I$1048576,7,0),"") | Q22: =IFERROR(VLOOKUP(B22,POU!$B$5:$I$1048576,7,0),"") | R22: =IF(AND(L22="PENGAWAS",M22="TARGET",N22=""),"TARGET","") | S22: =IFERROR(VLOOKUP(B22,'PEMBEKALAN POP'!$B$5:$I$1048576,7,0),"") -> 44572 | T22: =IFERROR(VLOOKUP(B22,'PEMBEKALAN POP'!$B$5:$I$1048576,8,0),"") -> LULUS | U22: TARGET | V22: {=MAX(IF(INDUKSI!$B$5:$B$1048576='Data Training 2022'!B22,INDUKSI!$H$5:$H$1048576))} -> #N/A | W22: =IFERROR(VLOOKUP(B22,INDUKSI!$B$5:$I$1048576,8,0),"") -> LULUS | X22: TARGET | Y22: {=MAX(IF(REINDUKSI!$B$5:$B$1048576='Data Training 2022'!B22,REINDUKSI!$H$5:$H$1048576))} -> 44562 | Z22: =IFERROR(VLOOKUP(B22,REINDUKSI!$B$5:$I$1048576,8,0),"") -> LULUS | AA22: =IF(L22="OPERATOR","TARGET",IF(L22="MEKANIK","TARGET","")) | AB22: {=MAX(IF(BSA!$B$5:$B$1048576='Data Training 2022'!B22,BSA!$H$5:$H$1048576))} -> 44643 | AC22: =IFERROR(VLOOKUP(B22,BSA!$B$5:$I$1048576,8,0),"") -> LULUS | AD22: TARGET | AG22: =IF(L22="MEKANIK","TARGET","") | AH22: {=MAX(IF(ISOLASI!$B$5:$B$1048576='Data Training 2022'!B22,ISOLASI!$H$5:$H$1048576))} -> 44313 | AI22: =IFERROR(VLOOKUP(B22,ISOLASI!$B$5:$I$1048576,8,0),"") -> LULUS | AK22: {=MAX(IF('DEKAT AIR'!$B$5:$B$1048576='Data Training 2022'!B22,'DEKAT AIR'!$H$5:$H$1048576))} -> 0 | AL22: =IFERROR(VLOOKUP(B22,'DEKAT AIR'!$B$5:$I$1048576,8,0),"") | AN22: {=MAX(IF(KETINGGIAN!$B$5:$B$1048576='Data Training 2022'!B22,KETINGGIAN!$H$5:$H$1048576))} -> 44737 | AO22: =IFERROR(VLOOKUP(B22,KETINGGIAN!$B$5:$I$1048576,8,0),"") -> LULUS | AT22: {=MAX(IF(TOOLSKEEPER!$B$5:$B$1048576='Data Training 2022'!B22,TOOLSKEEPER!$H$5:$H$1048576))} -> 0 | AU22: =IFERROR(VLOOKUP(B22,TOOLSKEEPER!$B$5:$I$1048576,8,0),"")
A23: =A22+1 -> 18 | B23: =TEXT(C23,"00000000") -> 80002341 | C23: 80002341 | E23: GEOVANNI TULAK PONGTIKU | F23: PT. SAPTAINDRA SEJATI | G23: FIELD SUPPORT - KESELAMATAN PERTAMBANGAN | H23: SHE | I23: MINING-HAULING-PORT | K23: NS | L23: FIELD SUPPORT | M23: NON TARGET | O23: =IFERROR(VLOOKUP(B23,POP!$B$5:$I$1048576,7,0),"") | P23: =IFERROR(VLOOKUP(B23,POM!$B$5:$I$1048576,7,0),"") | Q23: =IFERROR(VLOOKUP(B23,POU!$B$5:$I$1048576,7,0),"") | R23: =IF(AND(L23="PENGAWAS",M23="TARGET",N23=""),"TARGET","") | S23: =IFERROR(VLOOKUP(B23,'PEMBEKALAN POP'!$B$5:$I$1048576,7,0),"") | T23: =IFERROR(VLOOKUP(B23,'PEMBEKALAN POP'!$B$5:$I$1048576,8,0),"") | U23: TARGET | V23: {=MAX(IF(INDUKSI!$B$5:$B$1048576='Data Training 2022'!B23,INDUKSI!$H$5:$H$1048576))} -> #N/A | W23: =IFERROR(VLOOKUP(B23,INDUKSI!$B$5:$I$1048576,8,0),"") -> LULUS | X23: TARGET | Y23: {=MAX(IF(REINDUKSI!$B$5:$B$1048576='Data Training 2022'!B23,REINDUKSI!$H$5:$H$1048576))} -> 0 | Z23: =IFERROR(VLOOKUP(B23,REINDUKSI!$B$5:$I$1048576,8,0),"") | AA23: =IF(L23="OPERATOR","TARGET",IF(L23="MEKANIK","TARGET","")) | AB23: {=MAX(IF(BSA!$B$5:$B$1048576='Data Training 2022'!B23,BSA!$H$5:$H$1048576))} -> 0 | AC23: =IFERROR(VLOOKUP(B23,BSA!$B$5:$I$1048576,8,0),"") | AD23: TARGET | AG23: =IF(L23="MEKANIK","TARGET","") | AH23: {=MAX(IF(ISOLASI!$B$5:$B$1048576='Data Training 2022'!B23,ISOLASI!$H$5:$H$1048576))} -> 44520 | AI23: =IFERROR(VLOOKUP(B23,ISOLASI!$B$5:$I$1048576,8,0),"") -> LULUS | AK23: {=MAX(IF('DEKAT AIR'!$B$5:$B$1048576='Data Training 2022'!B23,'DEKAT AIR'!$H$5:$H$1048576))} -> 0 | AL23: =IFERROR(VLOOKUP(B23,'DEKAT AIR'!$B$5:$I$1048576,8,0),"") | AN23: {=MAX(IF(KETINGGIAN!$B$5:$B$1048576='Data Training 2022'!B23,KETINGGIAN!$H$5:$H$1048576))} -> 0 | AO23: =IFERROR(VLOOKUP(B23,KETINGGIAN!$B$5:$I$1048576,8,0),"") | AT23: {=MAX(IF(TOOLSKEEPER!$B$5:$B$1048576='Data Training 2022'!B23,TOOLSKEEPER!$H$5:$H$1048576))} -> 0 | AU23: =IFERROR(VLOOKUP(B23,TOOLSKEEPER!$B$5:$I$1048576,8,0),"")
A24: =A23+1 -> 19 | B24: =TEXT(C24,"00000000") -> 80002342 | C24: 80002342 | E24: AWAN BUDI KUSUMA | F24: PT. SAPTAINDRA SEJATI | G24: FIELD SUPPORT - KESELAMATAN PERTAMBANGAN | H24: SHE | I24: MINING-HAULING-PORT | K24: NS | L24: FIELD SUPPORT | M24: NON TARGET | O24: =IFERROR(VLOOKUP(B24,POP!$B$5:$I$1048576,7,0),"") | P24: =IFERROR(VLOOKUP(B24,POM!$B$5:$I$1048576,7,0),"") | Q24: =IFERROR(VLOOKUP(B24,POU!$B$5:$I$1048576,7,0),"") | R24: =IF(AND(L24="PENGAWAS",M24="TARGET",N24=""),"TARGET","") | S24: =IFERROR(VLOOKUP(B24,'PEMBEKALAN POP'!$B$5:$I$1048576,7,0),"") | T24: =IFERROR(VLOOKUP(B24,'PEMBEKALAN POP'!$B$5:$I$1048576,8,0),"") | U24: TARGET | V24: {=MAX(IF(INDUKSI!$B$5:$B$1048576='Data Training 2022'!B24,INDUKSI!$H$5:$H$1048576))} -> #N/A | W24: =IFERROR(VLOOKUP(B24,INDUKSI!$B$5:$I$1048576,8,0),"") -> LULUS | X24: TARGET | Y24: {=MAX(IF(REINDUKSI!$B$5:$B$1048576='Data Training 2022'!B24,REINDUKSI!$H$5:$H$1048576))} -> 0 | Z24: =IFERROR(VLOOKUP(B24,REINDUKSI!$B$5:$I$1048576,8,0),"") | AA24: =IF(L24="OPERATOR","TARGET",IF(L24="MEKANIK","TARGET","")) | AB24: {=MAX(IF(BSA!$B$5:$B$1048576='Data Training 2022'!B24,BSA!$H$5:$H$1048576))} -> 0 | AC24: =IFERROR(VLOOKUP(B24,BSA!$B$5:$I$1048576,8,0),"") | AD24: TARGET | AG24: =IF(L24="MEKANIK","TARGET","") | AH24: {=MAX(IF(ISOLASI!$B$5:$B$1048576='Data Training 2022'!B24,ISOLASI!$H$5:$H$1048576))} -> 0 | AI24: =IFERROR(VLOOKUP(B24,ISOLASI!$B$5:$I$1048576,8,0),"") | AK24: {=MAX(IF('DEKAT AIR'!$B$5:$B$1048576='Data Training 2022'!B24,'DEKAT AIR'!$H$5:$H$1048576))} -> 0 | AL24: =IFERROR(VLOOKUP(B24,'DEKAT AIR'!$B$5:$I$1048576,8,0),"") | AN24: {=MAX(IF(KETINGGIAN!$B$5:$B$1048576='Data Training 2022'!B24,KETINGGIAN!$H$5:$H$1048576))} -> 0 | AO24: =IFERROR(VLOOKUP(B24,KETINGGIAN!$B$5:$I$1048576,8,0),"") | AT24: {=MAX(IF(TOOLSKEEPER!$B$5:$B$1048576='Data Training 2022'!B24,TOOLSKEEPER!$H$5:$H$1048576))} -> 0 | AU24: =IFERROR(VLOOKUP(B24,TOOLSKEEPER!$B$5:$I$1048576,8,0),"")
A25: =A24+1 -> 20 | B25: =TEXT(C25,"00000000") -> 80002343 | C25: 80002343 | E25: AKBAR VARIA GUNA | F25: PT. SAPTAINDRA SEJATI | G25: FIELD SUPPORT - KESELAMATAN PERTAMBANGAN | H25: SHE | I25: MINING-HAULING-PORT | K25: NS | L25: FIELD SUPPORT | M25: NON TARGET | O25: =IFERROR(VLOOKUP(B25,POP!$B$5:$I$1048576,7,0),"") | P25: =IFERROR(VLOOKUP(B25,POM!$B$5:$I$1048576,7,0),"") | Q25: =IFERROR(VLOOKUP(B25,POU!$B$5:$I$1048576,7,0),"") | R25: =IF(AND(L25="PENGAWAS",M25="TARGET",N25=""),"TARGET","") | S25: =IFERROR(VLOOKUP(B25,'PEMBEKALAN POP'!$B$5:$I$1048576,7,0),"") | T25: =IFERROR(VLOOKUP(B25,'PEMBEKALAN POP'!$B$5:$I$1048576,8,0),"") | U25: TARGET | V25: {=MAX(IF(INDUKSI!$B$5:$B$1048576='Data Training 2022'!B25,INDUKSI!$H$5:$H$1048576))} -> #N/A | W25: =IFERROR(VLOOKUP(B25,INDUKSI!$B$5:$I$1048576,8,0),"") -> LULUS | X25: TARGET | Y25: {=MAX(IF(REINDUKSI!$B$5:$B$1048576='Data Training 2022'!B25,REINDUKSI!$H$5:$H$1048576))} -> 44705 | Z25: =IFERROR(VLOOKUP(B25,REINDUKSI!$B$5:$I$1048576,8,0),"") -> LULUS | AA25: =IF(L25="OPERATOR","TARGET",IF(L25="MEKANIK","TARGET","")) | AB25: {=MAX(IF(BSA!$B$5:$B$1048576='Data Training 2022'!B25,BSA!$H$5:$H$1048576))} -> 0 | AC25: =IFERROR(VLOOKUP(B25,BSA!$B$5:$I$1048576,8,0),"") | AD25: TARGET | AG25: =IF(L25="MEKANIK","TARGET","") | AH25: {=MAX(IF(ISOLASI!$B$5:$B$1048576='Data Training 2022'!B25,ISOLASI!$H$5:$H$1048576))} -> 0 | AI25: =IFERROR(VLOOKUP(B25,ISOLASI!$B$5:$I$1048576,8,0),"") | AJ25: TARGET | AK25: {=MAX(IF('DEKAT AIR'!$B$5:$B$1048576='Data Training 2022'!B25,'DEKAT AIR'!$H$5:$H$1048576))} -> 44897 | AL25: =IFERROR(VLOOKUP(B25,'DEKAT AIR'!$B$5:$I$1048576,8,0),"") -> LULUS | AN25: {=MAX(IF(KETINGGIAN!$B$5:$B$1048576='Data Training 2022'!B25,KETINGGIAN!$H$5:$H$1048576))} -> 0 | AO25: =IFERROR(VLOOKUP(B25,KETINGGIAN!$B$5:$I$1048576,8,0),"") | AT25: {=MAX(IF(TOOLSKEEPER!$B$5:$B$1048576='Data Training 2022'!B25,TOOLSKEEPER!$H$5:$H$1048576))} -> 0 | AU25: =IFERROR(VLOOKUP(B25,TOOLSKEEPER!$B$5:$I$1048576,8,0),"")
A26: =A25+1 -> 21 | B26: =TEXT(C26,"00000000") -> 80002344 | C26: 80002344 | E26: EDI RAHMAN | F26: PT. SAPTAINDRA SEJATI | G26: FIELD SUPPORT - KESELAMATAN PERTAMBANGAN | H26: SHE | I26: MINING-HAULING-PORT | K26: NS | L26: FIELD SUPPORT | M26: NON TARGET | O26: =IFERROR(VLOOKUP(B26,POP!$B$5:$I$1048576,7,0),"") | P26: =IFERROR(VLOOKUP(B26,POM!$B$5:$I$1048576,7,0),"") | Q26: =IFERROR(VLOOKUP(B26,POU!$B$5:$I$1048576,7,0),"") | R26: =IF(AND(L26="PENGAWAS",M26="TARGET",N26=""),"TARGET","") | S26: =IFERROR(VLOOKUP(B26,'PEMBEKALAN POP'!$B$5:$I$1048576,7,0),"") | T26: =IFERROR(VLOOKUP(B26,'PEMBEKALAN POP'!$B$5:$I$1048576,8,0),"") | U26: TARGET | V26: {=MAX(IF(INDUKSI!$B$5:$B$1048576='Data Training 2022'!B26,INDUKSI!$H$5:$H$1048576))} -> #N/A | W26: =IFERROR(VLOOKUP(B26,INDUKSI!$B$5:$I$1048576,8,0),"") -> LULUS | X26: TARGET | Y26: {=MAX(IF(REINDUKSI!$B$5:$B$1048576='Data Training 2022'!B26,REINDUKSI!$H$5:$H$1048576))} -> 44554 | Z26: =IFERROR(VLOOKUP(B26,REINDUKSI!$B$5:$I$1048576,8,0),"") -> LULUS | AA26: =IF(L26="OPERATOR","TARGET",IF(L26="MEKANIK","TARGET","")) | AB26: {=MAX(IF(BSA!$B$5:$B$1048576='Data Training 2022'!B26,BSA!$H$5:$H$1048576))} -> 0 | AC26: =IFERROR(VLOOKUP(B26,BSA!$B$5:$I$1048576,8,0),"") | AD26: TARGET | AG26: =IF(L26="MEKANIK","TARGET","") | AH26: {=MAX(IF(ISOLASI!$B$5:$B$1048576='Data Training 2022'!B26,ISOLASI!$H$5:$H$1048576))} -> 44555 | AI26: =IFERROR(VLOOKUP(B26,ISOLASI!$B$5:$I$1048576,8,0),"") -> LULUS | AK26: {=MAX(IF('DEKAT AIR'!$B$5:$B$1048576='Data Training 2022'!B26,'DEKAT AIR'!$H$5:$H$1048576))} -> 0 | AL26: =IFERROR(VLOOKUP(B26,'DEKAT AIR'!$B$5:$I$1048576,8,0),"") | AN26: {=MAX(IF(KETINGGIAN!$B$5:$B$1048576='Data Training 2022'!B26,KETINGGIAN!$H$5:$H$1048576))} -> 0 | AO26: =IFERROR(VLOOKUP(B26,KETINGGIAN!$B$5:$I$1048576,8,0),"") | AT26: {=MAX(IF(TOOLSKEEPER!$B$5:$B$1048576='Data Training 2022'!B26,TOOLSKEEPER!$H$5:$H$1048576))} -> 0 | AU26: =IFERROR(VLOOKUP(B26,TOOLSKEEPER!$B$5:$I$1048576,8,0),"")
A27: =A26+1 -> 22 | B27: =TEXT(C27,"00000000") -> 80002345 | C27: 80002345 | E27: KEVIN MANOPO | F27: PT. SAPTAINDRA SEJATI | G27: FIELD SUPPORT - KESELAMATAN PERTAMBANGAN | H27: SHE | I27: MINING-HAULING-PORT | K27: NS | L27: FIELD SUPPORT | M27: NON TARGET | O27: =IFERROR(VLOOKUP(B27,POP!$B$5:$I$1048576,7,0),"") | P27: =IFERROR(VLOOKUP(B27,POM!$B$5:$I$1048576,7,0),"") | Q27: =IFERROR(VLOOKUP(B27,POU!$B$5:$I$1048576,7,0),"") | R27: =IF(AND(L27="PENGAWAS",M27="TARGET",N27=""),"TARGET","") | S27: =IFERROR(VLOOKUP(B27,'PEMBEKALAN POP'!$B$5:$I$1048576,7,0),"") | T27: =IFERROR(VLOOKUP(B27,'PEMBEKALAN POP'!$B$5:$I$1048576,8,0),"") | U27: TARGET | V27: {=MAX(IF(INDUKSI!$B$5:$B$1048576='Data Training 2022'!B27,INDUKSI!$H$5:$H$1048576))} -> #N/A | W27: =IFERROR(VLOOKUP(B27,INDUKSI!$B$5:$I$1048576,8,0),"") -> LULUS | X27: TARGET | Y27: {=MAX(IF(REINDUKSI!$B$5:$B$1048576='Data Training 2022'!B27,REINDUKSI!$H$5:$H$1048576))} -> 44559 | Z27: =IFERROR(VLOOKUP(B27,REINDUKSI!$B$5:$I$1048576,8,0),"") -> LULUS | AA27: =IF(L27="OPERATOR","TARGET",IF(L27="MEKANIK","TARGET","")) | AB27: {=MAX(IF(BSA!$B$5:$B$1048576='Data Training 2022'!B27,BSA!$H$5:$H$1048576))} -> 0 | AC27: =IFERROR(VLOOKUP(B27,BSA!$B$5:$I$1048576,8,0),"") | AD27: TARGET | AG27: =IF(L27="MEKANIK","TARGET","") | AH27: {=MAX(IF(ISOLASI!$B$5:$B$1048576='Data Training 2022'!B27,ISOLASI!$H$5:$H$1048576))} -> 0 | AI27: =IFERROR(VLOOKUP(B27,ISOLASI!$B$5:$I$1048576,8,0),"") | AK27: {=MAX(IF('DEKAT AIR'!$B$5:$B$1048576='Data Training 2022'!B27,'DEKAT AIR'!$H$5:$H$1048576))} -> 0 | AL27: =IFERROR(VLOOKUP(B27,'DEKAT AIR'!$B$5:$I$1048576,8,0),"") | AN27: {=MAX(IF(KETINGGIAN!$B$5:$B$1048576='Data Training 2022'!B27,KETINGGIAN!$H$5:$H$1048576))} -> 0 | AO27: =IFERROR(VLOOKUP(B27,KETINGGIAN!$B$5:$I$1048576,8,0),"") | AT27: {=MAX(IF(TOOLSKEEPER!$B$5:$B$1048576='Data Training 2022'!B27,TOOLSKEEPER!$H$5:$H$1048576))} -> 0 | AU27: =IFERROR(VLOOKUP(B27,TOOLSKEEPER!$B$5:$I$1048576,8,0),"")
A28: =A27+1 -> 23 | B28: =TEXT(C28,"00000000") -> 80002346 | C28: 80002346 | E28: PEDI | F28: PT. SAPTAINDRA SEJATI | G28: FIELD SUPPORT - KESELAMATAN PERTAMBANGAN | H28: SHE | I28: MINING-HAULING-PORT | K28: NS | L28: FIELD SUPPORT | M28: NON TARGET | O28: =IFERROR(VLOOKUP(B28,POP!$B$5:$I$1048576,7,0),"") | P28: =IFERROR(VLOOKUP(B28,POM!$B$5:$I$1048576,7,0),"") | Q28: =IFERROR(VLOOKUP(B28,POU!$B$5:$I$1048576,7,0),"") | R28: =IF(AND(L28="PENGAWAS",M28="TARGET",N28=""),"TARGET","") | S28: =IFERROR(VLOOKUP(B28,'PEMBEKALAN POP'!$B$5:$I$1048576,7,0),"") | T28: =IFERROR(VLOOKUP(B28,'PEMBEKALAN POP'!$B$5:$I$1048576,8,0),"") | U28: TARGET | V28: {=MAX(IF(INDUKSI!$B$5:$B$1048576='Data Training 2022'!B28,INDUKSI!$H$5:$H$1048576))} -> #N/A | W28: =IFERROR(VLOOKUP(B28,INDUKSI!$B$5:$I$1048576,8,0),"") -> LULUS | X28: TARGET | Y28: {=MAX(IF(REINDUKSI!$B$5:$B$1048576='Data Training 2022'!B28,REINDUKSI!$H$5:$H$1048576))} -> 44579 | Z28: =IFERROR(VLOOKUP(B28,REINDUKSI!$B$5:$I$1048576,8,0),"") -> LULUS | AA28: =IF(L28="OPERATOR","TARGET",IF(L28="MEKANIK","TARGET","")) | AB28: {=MAX(IF(BSA!$B$5:$B$1048576='Data Training 2022'!B28,BSA!$H$5:$H$1048576))} -> 0 | AC28: =IFERROR(VLOOKUP(B28,BSA!$B$5:$I$1048576,8,0),"") | AD28: TARGET | AG28: =IF(L28="MEKANIK","TARGET","") | AH28: {=MAX(IF(ISOLASI!$B$5:$B$1048576='Data Training 2022'!B28,ISOLASI!$H$5:$H$1048576))} -> 0 | AI28: =IFERROR(VLOOKUP(B28,ISOLASI!$B$5:$I$1048576,8,0),"") | AK28: {=MAX(IF('DEKAT AIR'!$B$5:$B$1048576='Data Training 2022'!B28,'DEKAT AIR'!$H$5:$H$1048576))} -> 0 | AL28: =IFERROR(VLOOKUP(B28,'DEKAT AIR'!$B$5:$I$1048576,8,0),"") | AN28: {=MAX(IF(KETINGGIAN!$B$5:$B$1048576='Data Training 2022'!B28,KETINGGIAN!$H$5:$H$1048576))} -> 0 | AO28: =IFERROR(VLOOKUP(B28,KETINGGIAN!$B$5:$I$1048576,8,0),"") | AT28: {=MAX(IF(TOOLSKEEPER!$B$5:$B$1048576='Data Training 2022'!B28,TOOLSKEEPER!$H$5:$H$1048576))} -> 0 | AU28: =IFERROR(VLOOKUP(B28,TOOLSKEEPER!$B$5:$I$1048576,8,0),"")
A29: =A28+1 -> 24 | B29: =TEXT(C29,"00000000") -> 80002347 | C29: 80002347 | E29: RACHMAN GAJALI | F29: PT. SAPTAINDRA SEJATI | G29: FIELD SUPPORT - KESELAMATAN PERTAMBANGAN | H29: SHE | I29: MINING-HAULING-PORT | K29: NS | L29: FIELD SUPPORT | M29: NON TARGET | O29: =IFERROR(VLOOKUP(B29,POP!$B$5:$I$1048576,7,0),"") | P29: =IFERROR(VLOOKUP(B29,POM!$B$5:$I$1048576,7,0),"") | Q29: =IFERROR(VLOOKUP(B29,POU!$B$5:$I$1048576,7,0),"") | R29: =IF(AND(L29="PENGAWAS",M29="TARGET",N29=""),"TARGET","") | S29: =IFERROR(VLOOKUP(B29,'PEMBEKALAN POP'!$B$5:$I$1048576,7,0),"") | T29: =IFERROR(VLOOKUP(B29,'PEMBEKALAN POP'!$B$5:$I$1048576,8,0),"") | U29: TARGET | V29: {=MAX(IF(INDUKSI!$B$5:$B$1048576='Data Training 2022'!B29,INDUKSI!$H$5:$H$1048576))} -> #N/A | W29: =IFERROR(VLOOKUP(B29,INDUKSI!$B$5:$I$1048576,8,0),"") -> LULUS | X29: TARGET | Y29: {=MAX(IF(REINDUKSI!$B$5:$B$1048576='Data Training 2022'!B29,REINDUKSI!$H$5:$H$1048576))} -> 44750 | Z29: =IFERROR(VLOOKUP(B29,REINDUKSI!$B$5:$I$1048576,8,0),"") -> LULUS | AA29: =IF(L29="OPERATOR","TARGET",IF(L29="MEKANIK","TARGET","")) | AB29: {=MAX(IF(BSA!$B$5:$B$1048576='Data Training 2022'!B29,BSA!$H$5:$H$1048576))} -> 0 | AC29: =IFERROR(VLOOKUP(B29,BSA!$B$5:$I$1048576,8,0),"") | AD29: TARGET | AG29: =IF(L29="MEKANIK","TARGET","") | AH29: {=MAX(IF(ISOLASI!$B$5:$B$1048576='Data Training 2022'!B29,ISOLASI!$H$5:$H$1048576))} -> 0 | AI29: =IFERROR(VLOOKUP(B29,ISOLASI!$B$5:$I$1048576,8,0),"") | AK29: {=MAX(IF('DEKAT AIR'!$B$5:$B$1048576='Data Training 2022'!B29,'DEKAT AIR'!$H$5:$H$1048576))} -> 0 | AL29: =IFERROR(VLOOKUP(B29,'DEKAT AIR'!$B$5:$I$1048576,8,0),"") | AN29: {=MAX(IF(KETINGGIAN!$B$5:$B$1048576='Data Training 2022'!B29,KETINGGIAN!$H$5:$H$1048576))} -> 0 | AO29: =IFERROR(VLOOKUP(B29,KETINGGIAN!$B$5:$I$1048576,8,0),"") | AT29: {=MAX(IF(TOOLSKEEPER!$B$5:$B$1048576='Data Training 2022'!B29,TOOLSKEEPER!$H$5:$H$1048576))} -> 0 | AU29: =IFERROR(VLOOKUP(B29,TOOLSKEEPER!$B$5:$I$1048576,8,0),"")
A30: =A29+1 -> 25 | B30: =TEXT(C30,"00000000") -> 00105291 | C30: 00105291 | E30: BUDI GANGSAR | F30: PT. SAPTAINDRA SEJATI | G30: SECTION HEAD | H30: ENGINEERING | I30: MINING-HAULING-PORT | K30: S | L30: PENGAWAS | M30: TARGET | N30: SUDAH | O30: =IFERROR(VLOOKUP(B30,POP!$B$5:$I$1048576,7,0),"") | P30: =IFERROR(VLOOKUP(B30,POM!$B$5:$I$1048576,7,0),"") -> 40936 | Q30: =IFERROR(VLOOKUP(B30,POU!$B$5:$I$1048576,7,0),"") | R30: =IF(AND(L30="PENGAWAS",M30="TARGET",N30=""),"TARGET","") | S30: =IFERROR(VLOOKUP(B30,'PEMBEKALAN POP'!$B$5:$I$1048576,7,0),"") | T30: =IFERROR(VLOOKUP(B30,'PEMBEKALAN POP'!$B$5:$I$1048576,8,0),"") | U30: TARGET | V30: {=MAX(IF(INDUKSI!$B$5:$B$1048576='Data Training 2022'!B30,INDUKSI!$H$5:$H$1048576))} -> #N/A | W30: =IFERROR(VLOOKUP(B30,INDUKSI!$B$5:$I$1048576,8,0),"") -> LULUS | X30: TARGET | Y30: {=MAX(IF(REINDUKSI!$B$5:$B$1048576='Data Training 2022'!B30,REINDUKSI!$H$5:$H$1048576))} -> 0 | Z30: =IFERROR(VLOOKUP(B30,REINDUKSI!$B$5:$I$1048576,8,0),"") | AA30: =IF(L30="OPERATOR","TARGET",IF(L30="MEKANIK","TARGET","")) | AB30: {=MAX(IF(BSA!$B$5:$B$1048576='Data Training 2022'!B30,BSA!$H$5:$H$1048576))} -> 0 | AC30: =IFERROR(VLOOKUP(B30,BSA!$B$5:$I$1048576,8,0),"") | AD30: TARGET | AG30: =IF(L30="MEKANIK","TARGET","") | AH30: {=MAX(IF(ISOLASI!$B$5:$B$1048576='Data Training 2022'!B30,ISOLASI!$H$5:$H$1048576))} -> 0 | AI30: =IFERROR(VLOOKUP(B30,ISOLASI!$B$5:$I$1048576,8,0),"") | AK30: {=MAX(IF('DEKAT AIR'!$B$5:$B$1048576='Data Training 2022'!B30,'DEKAT AIR'!$H$5:$H$1048576))} -> 0 | AL30: =IFERROR(VLOOKUP(B30,'DEKAT AIR'!$B$5:$I$1048576,8,0),"") | AN30: {=MAX(IF(KETINGGIAN!$B$5:$B$1048576='Data Training 2022'!B30,KETINGGIAN!$H$5:$H$1048576))} -> 0 | AO30: =IFERROR(VLOOKUP(B30,KETINGGIAN!$B$5:$I$1048576,8,0),"") | AT30: {=MAX(IF(TOOLSKEEPER!$B$5:$B$1048576='Data Training 2022'!B30,TOOLSKEEPER!$H$5:$H$1048576))} -> 0 | AU30: =IFERROR(VLOOKUP(B30,TOOLSKEEPER!$B$5:$I$1048576,8,0),"")
A31: =A30+1 -> 26 | B31: =TEXT(C31,"00000000") -> 80002166 | C31: 80002166 | E31: RIAN SASTRA NEGARA | F31: PT. SAPTAINDRA SEJATI | G31: UNIT HEAD | H31: ENGINEERING | I31: MINING-HAULING-PORT | K31: S | L31: PENGAWAS | M31: TARGET | N31: SUDAH | O31: =IFERROR(VLOOKUP(B31,POP!$B$5:$I$1048576,7,0),"") -> 44402 | P31: =IFERROR(VLOOKUP(B31,POM!$B$5:$I$1048576,7,0),"") | Q31: =IFERROR(VLOOKUP(B31,POU!$B$5:$I$1048576,7,0),"") | R31: =IF(AND(L31="PENGAWAS",M31="TARGET",N31=""),"TARGET","") | S31: =IFERROR(VLOOKUP(B31,'PEMBEKALAN POP'!$B$5:$I$1048576,7,0),"") | T31: =IFERROR(VLOOKUP(B31,'PEMBEKALAN POP'!$B$5:$I$1048576,8,0),"") | U31: TARGET | V31: {=MAX(IF(INDUKSI!$B$5:$B$1048576='Data Training 2022'!B31,INDUKSI!$H$5:$H$1048576))} -> #N/A | W31: =IFERROR(VLOOKUP(B31,INDUKSI!$B$5:$I$1048576,8,0),"") -> LULUS | X31: TARGET | Y31: {=MAX(IF(REINDUKSI!$B$5:$B$1048576='Data Training 2022'!B31,REINDUKSI!$H$5:$H$1048576))} -> 44695 | Z31: =IFERROR(VLOOKUP(B31,REINDUKSI!$B$5:$I$1048576,8,0),"") -> LULUS | AA31: =IF(L31="OPERATOR","TARGET",IF(L31="MEKANIK","TARGET","")) | AB31: {=MAX(IF(BSA!$B$5:$B$1048576='Data Training 2022'!B31,BSA!$H$5:$H$1048576))} -> 0 | AC31: =IFERROR(VLOOKUP(B31,BSA!$B$5:$I$1048576,8,0),"") | AD31: TARGET | AG31: =IF(L31="MEKANIK","TARGET","") | AH31: {=MAX(IF(ISOLASI!$B$5:$B$1048576='Data Training 2022'!B31,ISOLASI!$H$5:$H$1048576))} -> 0 | AI31: =IFERROR(VLOOKUP(B31,ISOLASI!$B$5:$I$1048576,8,0),"") | AK31: {=MAX(IF('DEKAT AIR'!$B$5:$B$1048576='Data Training 2022'!B31,'DEKAT AIR'!$H$5:$H$1048576))} -> 0 | AL31: =IFERROR(VLOOKUP(B31,'DEKAT AIR'!$B$5:$I$1048576,8,0),"") | AN31: {=MAX(IF(KETINGGIAN!$B$5:$B$1048576='Data Training 2022'!B31,KETINGGIAN!$H$5:$H$1048576))} -> 0 | AO31: =IFERROR(VLOOKUP(B31,KETINGGIAN!$B$5:$I$1048576,8,0),"") | AT31: {=MAX(IF(TOOLSKEEPER!$B$5:$B$1048576='Data Training 2022'!B31,TOOLSKEEPER!$H$5:$H$1048576))} -> 0 | AU31: =IFERROR(VLOOKUP(B31,TOOLSKEEPER!$B$5:$I$1048576,8,0),"")
A32: =A31+1 -> 27 | B32: =TEXT(C32,"00000000") -> 01111845 | C32: 01111845 | E32: UDI WARDOYO | F32: PT. SAPTAINDRA SEJATI | G32: UNIT HEAD | H32: ENGINEERING | I32: MINING-HAULING-PORT | K32: S | L32: PENGAWAS | M32: TARGET | N32: SUDAH | O32: =IFERROR(VLOOKUP(B32,POP!$B$5:$I$1048576,7,0),"") -> 42013 | P32: =IFERROR(VLOOKUP(B32,POM!$B$5:$I$1048576,7,0),"") | Q32: =IFERROR(VLOOKUP(B32,POU!$B$5:$I$1048576,7,0),"") | R32: =IF(AND(L32="PENGAWAS",M32="TARGET",N32=""),"TARGET","") | S32: =IFERROR(VLOOKUP(B32,'PEMBEKALAN POP'!$B$5:$I$1048576,7,0),"") | T32: =IFERROR(VLOOKUP(B32,'PEMBEKALAN POP'!$B$5:$I$1048576,8,0),"") | U32: TARGET | V32: {=MAX(IF(INDUKSI!$B$5:$B$1048576='Data Training 2022'!B32,INDUKSI!$H$5:$H$1048576))} -> #N/A | W32: =IFERROR(VLOOKUP(B32,INDUKSI!$B$5:$I$1048576,8,0),"") -> LULUS | X32: TARGET | Y32: {=MAX(IF(REINDUKSI!$B$5:$B$1048576='Data Training 2022'!B32,REINDUKSI!$H$5:$H$1048576))} -> 44786 | Z32: =IFERROR(VLOOKUP(B32,REINDUKSI!$B$5:$I$1048576,8,0),"") -> LULUS | AA32: =IF(L32="OPERATOR","TARGET",IF(L32="MEKANIK","TARGET","")) | AB32: {=MAX(IF(BSA!$B$5:$B$1048576='Data Training 2022'!B32,BSA!$H$5:$H$1048576))} -> 0 | AC32: =IFERROR(VLOOKUP(B32,BSA!$B$5:$I$1048576,8,0),"") | AD32: TARGET | AG32: =IF(L32="MEKANIK","TARGET","") | AH32: {=MAX(IF(ISOLASI!$B$5:$B$1048576='Data Training 2022'!B32,ISOLASI!$H$5:$H$1048576))} -> 0 | AI32: =IFERROR(VLOOKUP(B32,ISOLASI!$B$5:$I$1048576,8,0),"") | AK32: {=MAX(IF('DEKAT AIR'!$B$5:$B$1048576='Data Training 2022'!B32,'DEKAT AIR'!$H$5:$H$1048576))} -> 0 | AL32: =IFERROR(VLOOKUP(B32,'DEKAT AIR'!$B$5:$I$1048576,8,0),"") | AN32: {=MAX(IF(KETINGGIAN!$B$5:$B$1048576='Data Training 2022'!B32,KETINGGIAN!$H$5:$H$1048576))} -> 0 | AO32: =IFERROR(VLOOKUP(B32,KETINGGIAN!$B$5:$I$1048576,8,0),"") | AT32: {=MAX(IF(TOOLSKEEPER!$B$5:$B$1048576='Data Training 2022'!B32,TOOLSKEEPER!$H$5:$H$1048576))} -> 0 | AU32: =IFERROR(VLOOKUP(B32,TOOLSKEEPER!$B$5:$I$1048576,8,0),"")
A33: =A32+1 -> 28 | B33: =TEXT(C33,"00000000") -> 00111117 | C33: 00111117 | E33: R MUHAMAD MUMIN MARAMIS | F33: PT. SAPTAINDRA SEJATI | G33: UNIT HEAD | H33: ENGINEERING | I33: MINING-HAULING-PORT | K33: S | L33: PENGAWAS | M33: TARGET | N33: SUDAH | O33: =IFERROR(VLOOKUP(B33,POP!$B$5:$I$1048576,7,0),"") -> 40936 | P33: =IFERROR(VLOOKUP(B33,POM!$B$5:$I$1048576,7,0),"") | Q33: =IFERROR(VLOOKUP(B33,POU!$B$5:$I$1048576,7,0),"") | R33: =IF(AND(L33="PENGAWAS",M33="TARGET",N33=""),"TARGET","") | S33: =IFERROR(VLOOKUP(B33,'PEMBEKALAN POP'!$B$5:$I$1048576,7,0),"") | T33: =IFERROR(VLOOKUP(B33,'PEMBEKALAN POP'!$B$5:$I$1048576,8,0),"") | U33: TARGET | V33: {=MAX(IF(INDUKSI!$B$5:$B$1048576='Data Training 2022'!B33,INDUKSI!$H$5:$H$1048576))} -> #N/A | W33: =IFERROR(VLOOKUP(B33,INDUKSI!$B$5:$I$1048576,8,0),"") -> LULUS | X33: TARGET | Y33: {=MAX(IF(REINDUKSI!$B$5:$B$1048576='Data Training 2022'!B33,REINDUKSI!$H$5:$H$1048576))} -> 44763 | Z33: =IFERROR(VLOOKUP(B33,REINDUKSI!$B$5:$I$1048576,8,0),"") -> LULUS | AA33: =IF(L33="OPERATOR","TARGET",IF(L33="MEKANIK","TARGET","")) | AB33: {=MAX(IF(BSA!$B$5:$B$1048576='Data Training 2022'!B33,BSA!$H$5:$H$1048576))} -> 0 | AC33: =IFERROR(VLOOKUP(B33,BSA!$B$5:$I$1048576,8,0),"") | AD33: TARGET | AG33: =IF(L33="MEKANIK","TARGET","") | AH33: {=MAX(IF(ISOLASI!$B$5:$B$1048576='Data Training 2022'!B33,ISOLASI!$H$5:$H$1048576))} -> 0 | AI33: =IFERROR(VLOOKUP(B33,ISOLASI!$B$5:$I$1048576,8,0),"") | AK33: {=MAX(IF('DEKAT AIR'!$B$5:$B$1048576='Data Training 2022'!B33,'DEKAT AIR'!$H$5:$H$1048576))} -> 0 | AL33: =IFERROR(VLOOKUP(B33,'DEKAT AIR'!$B$5:$I$1048576,8,0),"") | AN33: {=MAX(IF(KETINGGIAN!$B$5:$B$1048576='Data Training 2022'!B33,KETINGGIAN!$H$5:$H$1048576))} -> 0 | AO33: =IFERROR(VLOOKUP(B33,KETINGGIAN!$B$5:$I$1048576,8,0),"") | AT33: {=MAX(IF(TOOLSKEEPER!$B$5:$B$1048576='Data Training 2022'!B33,TOOLSKEEPER!$H$5:$H$1048576))} -> 0 | AU33: =IFERROR(VLOOKUP(B33,TOOLSKEEPER!$B$5:$I$1048576,8,0),"")
A34: =A33+1 -> 29 | B34: =TEXT(C34,"00000000") -> 00117423 | C34: 00117423 | E34: ANDY FAISAL AR ROSYIID | F34: PT. SAPTAINDRA SEJATI | G34: UNIT HEAD | H34: ENGINEERING | I34: MINING-HAULING-PORT | K34: S | L34: PENGAWAS | M34: TARGET | N34: SUDAH | O34: =IFERROR(VLOOKUP(B34,POP!$B$5:$I$1048576,7,0),"") -> 44147 | P34: =IFERROR(VLOOKUP(B34,POM!$B$5:$I$1048576,7,0),"") | Q34: =IFERROR(VLOOKUP(B34,POU!$B$5:$I$1048576,7,0),"") | R34: =IF(AND(L34="PENGAWAS",M34="TARGET",N34=""),"TARGET","") | S34: =IFERROR(VLOOKUP(B34,'PEMBEKALAN POP'!$B$5:$I$1048576,7,0),"") | T34: =IFERROR(VLOOKUP(B34,'PEMBEKALAN POP'!$B$5:$I$1048576,8,0),"") | U34: TARGET | V34: {=MAX(IF(INDUKSI!$B$5:$B$1048576='Data Training 2022'!B34,INDUKSI!$H$5:$H$1048576))} -> #N/A | W34: =IFERROR(VLOOKUP(B34,INDUKSI!$B$5:$I$1048576,8,0),"") -> LULUS | X34: TARGET | Y34: {=MAX(IF(REINDUKSI!$B$5:$B$1048576='Data Training 2022'!B34,REINDUKSI!$H$5:$H$1048576))} -> 44777 | Z34: =IFERROR(VLOOKUP(B34,REINDUKSI!$B$5:$I$1048576,8,0),"") -> LULUS | AA34: =IF(L34="OPERATOR","TARGET",IF(L34="MEKANIK","TARGET","")) | AB34: {=MAX(IF(BSA!$B$5:$B$1048576='Data Training 2022'!B34,BSA!$H$5:$H$1048576))} -> 0 | AC34: =IFERROR(VLOOKUP(B34,BSA!$B$5:$I$1048576,8,0),"") | AD34: TARGET | AG34: =IF(L34="MEKANIK","TARGET","") | AH34: {=MAX(IF(ISOLASI!$B$5:$B$1048576='Data Training 2022'!B34,ISOLASI!$H$5:$H$1048576))} -> 0 | AI34: =IFERROR(VLOOKUP(B34,ISOLASI!$B$5:$I$1048576,8,0),"") | AK34: {=MAX(IF('DEKAT AIR'!$B$5:$B$1048576='Data Training 2022'!B34,'DEKAT AIR'!$H$5:$H$1048576))} -> 0 | AL34: =IFERROR(VLOOKUP(B34,'DEKAT AIR'!$B$5:$I$1048576,8,0),"") | AN34: {=MAX(IF(KETINGGIAN!$B$5:$B$1048576='Data Training 2022'!B34,KETINGGIAN!$H$5:$H$1048576))} -> 0 | AO34: =IFERROR(VLOOKUP(B34,KETINGGIAN!$B$5:$I$1048576,8,0),"") | AT34: {=MAX(IF(TOOLSKEEPER!$B$5:$B$1048576='Data Training 2022'!B34,TOOLSKEEPER!$H$5:$H$1048576))} -> 0 | AU34: =IFERROR(VLOOKUP(B34,TOOLSKEEPER!$B$5:$I$1048576,8,0),"")
A35: =A34+1 -> 30 | B35: =TEXT(C35,"00000000") -> 80002319 | C35: 80002319 | E35: ALDI MANGGALA | F35: PT. SAPTAINDRA SEJATI | G35: SENIOR GROUP LEADER | H35: ENGINEERING | I35: MINING-HAULING-PORT | K35: S | L35: PENGAWAS | M35: TARGET | N35: SUDAH | O35: =IFERROR(VLOOKUP(B35,POP!$B$5:$I$1048576,7,0),"") -> 44265 | P35: =IFERROR(VLOOKUP(B35,POM!$B$5:$I$1048576,7,0),"") | Q35: =IFERROR(VLOOKUP(B35,POU!$B$5:$I$1048576,7,0),"") | R35: =IF(AND(L35="PENGAWAS",M35="TARGET",N35=""),"TARGET","") | S35: =IFERROR(VLOOKUP(B35,'PEMBEKALAN POP'!$B$5:$I$1048576,7,0),"") | T35: =IFERROR(VLOOKUP(B35,'PEMBEKALAN POP'!$B$5:$I$1048576,8,0),"") | U35: TARGET | V35: {=MAX(IF(INDUKSI!$B$5:$B$1048576='Data Training 2022'!B35,INDUKSI!$H$5:$H$1048576))} -> #N/A | W35: =IFERROR(VLOOKUP(B35,INDUKSI!$B$5:$I$1048576,8,0),"") -> LULUS | X35: TARGET | Y35: {=MAX(IF(REINDUKSI!$B$5:$B$1048576='Data Training 2022'!B35,REINDUKSI!$H$5:$H$1048576))} -> 44737 | Z35: =IFERROR(VLOOKUP(B35,REINDUKSI!$B$5:$I$1048576,8,0),"") -> LULUS | AA35: =IF(L35="OPERATOR","TARGET",IF(L35="MEKANIK","TARGET","")) | AB35: {=MAX(IF(BSA!$B$5:$B$1048576='Data Training 2022'!B35,BSA!$H$5:$H$1048576))} -> 0 | AC35: =IFERROR(VLOOKUP(B35,BSA!$B$5:$I$1048576,8,0),"") | AD35: TARGET | AG35: =IF(L35="MEKANIK","TARGET","") | AH35: {=MAX(IF(ISOLASI!$B$5:$B$1048576='Data Training 2022'!B35,ISOLASI!$H$5:$H$1048576))} -> 0 | AI35: =IFERROR(VLOOKUP(B35,ISOLASI!$B$5:$I$1048576,8,0),"") | AK35: {=MAX(IF('DEKAT AIR'!$B$5:$B$1048576='Data Training 2022'!B35,'DEKAT AIR'!$H$5:$H$1048576))} -> 0 | AL35: =IFERROR(VLOOKUP(B35,'DEKAT AIR'!$B$5:$I$1048576,8,0),"") | AN35: {=MAX(IF(KETINGGIAN!$B$5:$B$1048576='Data Training 2022'!B35,KETINGGIAN!$H$5:$H$1048576))} -> 0 | AO35: =IFERROR(VLOOKUP(B35,KETINGGIAN!$B$5:$I$1048576,8,0),"") | AT35: {=MAX(IF(TOOLSKEEPER!$B$5:$B$1048576='Data Training 2022'!B35,TOOLSKEEPER!$H$5:$H$1048576))} -> 0 | AU35: =IFERROR(VLOOKUP(B35,TOOLSKEEPER!$B$5:$I$1048576,8,0),"")
A36: =A35+1 -> 31 | B36: =TEXT(C36,"00000000") -> 00119133 | C36: 00119133 | E36: I GEDE SATHYA VIDYANA | F36: PT. SAPTAINDRA SEJATI | G36: SENIOR GROUP LEADER | H36: ENGINEERING | I36: MINING-HAULING-PORT | K36: S | L36: PENGAWAS | M36: TARGET | O36: =IFERROR(VLOOKUP(B36,POP!$B$5:$I$1048576,7,0),"") | P36: =IFERROR(VLOOKUP(B36,POM!$B$5:$I$1048576,7,0),"") | Q36: =IFERROR(VLOOKUP(B36,POU!$B$5:$I$1048576,7,0),"") | R36: =IF(AND(L36="PENGAWAS",M36="TARGET",N36=""),"TARGET","") -> TARGET | S36: =IFERROR(VLOOKUP(B36,'PEMBEKALAN POP'!$B$5:$I$1048576,7,0),"") | T36: =IFERROR(VLOOKUP(B36,'PEMBEKALAN POP'!$B$5:$I$1048576,8,0),"") | U36: TARGET | V36: {=MAX(IF(INDUKSI!$B$5:$B$1048576='Data Training 2022'!B36,INDUKSI!$H$5:$H$1048576))} -> #N/A | W36: =IFERROR(VLOOKUP(B36,INDUKSI!$B$5:$I$1048576,8,0),"") -> LULUS | X36: TARGET | Y36: {=MAX(IF(REINDUKSI!$B$5:$B$1048576='Data Training 2022'!B36,REINDUKSI!$H$5:$H$1048576))} -> 0 | Z36: =IFERROR(VLOOKUP(B36,REINDUKSI!$B$5:$I$1048576,8,0),"") | AA36: =IF(L36="OPERATOR","TARGET",IF(L36="MEKANIK","TARGET","")) | AB36: {=MAX(IF(BSA!$B$5:$B$1048576='Data Training 2022'!B36,BSA!$H$5:$H$1048576))} -> 0 | AC36: =IFERROR(VLOOKUP(B36,BSA!$B$5:$I$1048576,8,0),"") | AD36: TARGET | AG36: =IF(L36="MEKANIK","TARGET","") | AH36: {=MAX(IF(ISOLASI!$B$5:$B$1048576='Data Training 2022'!B36,ISOLASI!$H$5:$H$1048576))} -> 0 | AI36: =IFERROR(VLOOKUP(B36,ISOLASI!$B$5:$I$1048576,8,0),"") | AK36: {=MAX(IF('DEKAT AIR'!$B$5:$B$1048576='Data Training 2022'!B36,'DEKAT AIR'!$H$5:$H$1048576))} -> 0 | AL36: =IFERROR(VLOOKUP(B36,'DEKAT AIR'!$B$5:$I$1048576,8,0),"") | AN36: {=MAX(IF(KETINGGIAN!$B$5:$B$1048576='Data Training 2022'!B36,KETINGGIAN!$H$5:$H$1048576))} -> 0 | AO36: =IFERROR(VLOOKUP(B36,KETINGGIAN!$B$5:$I$1048576,8,0),"") | AT36: {=MAX(IF(TOOLSKEEPER!$B$5:$B$1048576='Data Training 2022'!B36,TOOLSKEEPER!$H$5:$H$1048576))} -> 0 | AU36: =IFERROR(VLOOKUP(B36,TOOLSKEEPER!$B$5:$I$1048576,8,0),"")
A37: =A36+1 -> 32 | B37: =TEXT(C37,"00000000") -> 00118383 | C37: 00118383 | E37: WAHYU VITO SASONGKO PUTRO | F37: PT. SAPTAINDRA SEJATI | G37: GROUP LEADER | H37: ENGINEERING | I37: MINING-HAULING-PORT | K37: S | L37: PENGAWAS | M37: TARGET | N37: SUDAH | O37: =IFERROR(VLOOKUP(B37,POP!$B$5:$I$1048576,7,0),"") -> 44237 | P37: =IFERROR(VLOOKUP(B37,POM!$B$5:$I$1048576,7,0),"") | Q37: =IFERROR(VLOOKUP(B37,POU!$B$5:$I$1048576,7,0),"") | R37: =IF(AND(L37="PENGAWAS",M37="TARGET",N37=""),"TARGET","") | S37: =IFERROR(VLOOKUP(B37,'PEMBEKALAN POP'!$B$5:$I$1048576,7,0),"") | T37: =IFERROR(VLOOKUP(B37,'PEMBEKALAN POP'!$B$5:$I$1048576,8,0),"") | U37: TARGET | V37: {=MAX(IF(INDUKSI!$B$5:$B$1048576='Data Training 2022'!B37,INDUKSI!$H$5:$H$1048576))} -> #N/A | W37: =IFERROR(VLOOKUP(B37,INDUKSI!$B$5:$I$1048576,8,0),"") -> LULUS | X37: TARGET | Y37: {=MAX(IF(REINDUKSI!$B$5:$B$1048576='Data Training 2022'!B37,REINDUKSI!$H$5:$H$1048576))} -> 44766 | Z37: =IFERROR(VLOOKUP(B37,REINDUKSI!$B$5:$I$1048576,8,0),"") -> LULUS | AA37: =IF(L37="OPERATOR","TARGET",IF(L37="MEKANIK","TARGET","")) | AB37: {=MAX(IF(BSA!$B$5:$B$1048576='Data Training 2022'!B37,BSA!$H$5:$H$1048576))} -> 0 | AC37: =IFERROR(VLOOKUP(B37,BSA!$B$5:$I$1048576,8,0),"") | AD37: TARGET | AG37: =IF(L37="MEKANIK","TARGET","") | AH37: {=MAX(IF(ISOLASI!$B$5:$B$1048576='Data Training 2022'!B37,ISOLASI!$H$5:$H$1048576))} -> 0 | AI37: =IFERROR(VLOOKUP(B37,ISOLASI!$B$5:$I$1048576,8,0),"") | AK37: {=MAX(IF('DEKAT AIR'!$B$5:$B$1048576='Data Training 2022'!B37,'DEKAT AIR'!$H$5:$H$1048576))} -> 0 | AL37: =IFERROR(VLOOKUP(B37,'DEKAT AIR'!$B$5:$I$1048576,8,0),"") | AN37: {=MAX(IF(KETINGGIAN!$B$5:$B$1048576='Data Training 2022'!B37,KETINGGIAN!$H$5:$H$1048576))} -> 0 | AO37: =IFERROR(VLOOKUP(B37,KETINGGIAN!$B$5:$I$1048576,8,0),"") | AT37: {=MAX(IF(TOOLSKEEPER!$B$5:$B$1048576='Data Training 2022'!B37,TOOLSKEEPER!$H$5:$H$1048576))} -> 0 | AU37: =IFERROR(VLOOKUP(B37,TOOLSKEEPER!$B$5:$I$1048576,8,0),"")
A38: =A37+1 -> 33 | B38: =TEXT(C38,"00000000") -> 80004893 | C38: 80004893 | E38: AVIAN YULIANTO | F38: PT. SAPTAINDRA SEJATI | G38: GROUP LEADER | H38: ENGINEERING | I38: MINING-HAULING-PORT | K38: S | L38: PENGAWAS | M38: TARGET | O38: =IFERROR(VLOOKUP(B38,POP!$B$5:$I$1048576,7,0),"") | P38: =IFERROR(VLOOKUP(B38,POM!$B$5:$I$1048576,7,0),"") | Q38: =IFERROR(VLOOKUP(B38,POU!$B$5:$I$1048576,7,0),"") | R38: =IF(AND(L38="PENGAWAS",M38="TARGET",N38=""),"TARGET","") -> TARGET | S38: =IFERROR(VLOOKUP(B38,'PEMBEKALAN POP'!$B$5:$I$1048576,7,0),"") | T38: =IFERROR(VLOOKUP(B38,'PEMBEKALAN POP'!$B$5:$I$1048576,8,0),"") | U38: TARGET | V38: {=MAX(IF(INDUKSI!$B$5:$B$1048576='Data Training 2022'!B38,INDUKSI!$H$5:$H$1048576))} -> #N/A | W38: =IFERROR(VLOOKUP(B38,INDUKSI!$B$5:$I$1048576,8,0),"") -> LULUS | X38: TARGET | Y38: {=MAX(IF(REINDUKSI!$B$5:$B$1048576='Data Training 2022'!B38,REINDUKSI!$H$5:$H$1048576))} -> 0 | Z38: =IFERROR(VLOOKUP(B38,REINDUKSI!$B$5:$I$1048576,8,0),"") | AA38: =IF(L38="OPERATOR","TARGET",IF(L38="MEKANIK","TARGET","")) | AB38: {=MAX(IF(BSA!$B$5:$B$1048576='Data Training 2022'!B38,BSA!$H$5:$H$1048576))} -> 0 | AC38: =IFERROR(VLOOKUP(B38,BSA!$B$5:$I$1048576,8,0),"") | AD38: TARGET | AG38: =IF(L38="MEKANIK","TARGET","") | AH38: {=MAX(IF(ISOLASI!$B$5:$B$1048576='Data Training 2022'!B38,ISOLASI!$H$5:$H$1048576))} -> 0 | AI38: =IFERROR(VLOOKUP(B38,ISOLASI!$B$5:$I$1048576,8,0),"") | AK38: {=MAX(IF('DEKAT AIR'!$B$5:$B$1048576='Data Training 2022'!B38,'DEKAT AIR'!$H$5:$H$1048576))} -> 0 | AL38: =IFERROR(VLOOKUP(B38,'DEKAT AIR'!$B$5:$I$1048576,8,0),"") | AN38: {=MAX(IF(KETINGGIAN!$B$5:$B$1048576='Data Training 2022'!B38,KETINGGIAN!$H$5:$H$1048576))} -> 0 | AO38: =IFERROR(VLOOKUP(B38,KETINGGIAN!$B$5:$I$1048576,8,0),"") | AT38: {=MAX(IF(TOOLSKEEPER!$B$5:$B$1048576='Data Training 2022'!B38,TOOLSKEEPER!$H$5:$H$1048576))} -> 0 | AU38: =IFERROR(VLOOKUP(B38,TOOLSKEEPER!$B$5:$I$1048576,8,0),"")
A39: =A38+1 -> 34 | B39: =TEXT(C39,"00000000") -> 00707198 | C39: 00707198 | E39: SASONGKO WISNU PRABOWO | F39: PT. SAPTAINDRA SEJATI | G39: GROUP LEADER | H39: ENGINEERING | I39: MINING-HAULING-PORT | K39: S | L39: PENGAWAS | M39: TARGET | N39: SUDAH | O39: =IFERROR(VLOOKUP(B39,POP!$B$5:$I$1048576,7,0),"") -> 43036 | P39: =IFERROR(VLOOKUP(B39,POM!$B$5:$I$1048576,7,0),"") | Q39: =IFERROR(VLOOKUP(B39,POU!$B$5:$I$1048576,7,0),"") | R39: =IF(AND(L39="PENGAWAS",M39="TARGET",N39=""),"TARGET","") | S39: =IFERROR(VLOOKUP(B39,'PEMBEKALAN POP'!$B$5:$I$1048576,7,0),"") | T39: =IFERROR(VLOOKUP(B39,'PEMBEKALAN POP'!$B$5:$I$1048576,8,0),"") | U39: TARGET | V39: {=MAX(IF(INDUKSI!$B$5:$B$1048576='Data Training 2022'!B39,INDUKSI!$H$5:$H$1048576))} -> #N/A | W39: =IFERROR(VLOOKUP(B39,INDUKSI!$B$5:$I$1048576,8,0),"") -> LULUS | X39: TARGET | Y39: {=MAX(IF(REINDUKSI!$B$5:$B$1048576='Data Training 2022'!B39,REINDUKSI!$H$5:$H$1048576))} -> 44719 | Z39: =IFERROR(VLOOKUP(B39,REINDUKSI!$B$5:$I$1048576,8,0),"") -> LULUS | AA39: =IF(L39="OPERATOR","TARGET",IF(L39="MEKANIK","TARGET","")) | AB39: {=MAX(IF(BSA!$B$5:$B$1048576='Data Training 2022'!B39,BSA!$H$5:$H$1048576))} -> 0 | AC39: =IFERROR(VLOOKUP(B39,BSA!$B$5:$I$1048576,8,0),"") | AD39: TARGET | AG39: =IF(L39="MEKANIK","TARGET","") | AH39: {=MAX(IF(ISOLASI!$B$5:$B$1048576='Data Training 2022'!B39,ISOLASI!$H$5:$H$1048576))} -> 0 | AI39: =IFERROR(VLOOKUP(B39,ISOLASI!$B$5:$I$1048576,8,0),"") | AK39: {=MAX(IF('DEKAT AIR'!$B$5:$B$1048576='Data Training 2022'!B39,'DEKAT AIR'!$H$5:$H$1048576))} -> 0 | AL39: =IFERROR(VLOOKUP(B39,'DEKAT AIR'!$B$5:$I$1048576,8,0),"") | AN39: {=MAX(IF(KETINGGIAN!$B$5:$B$1048576='Data Training 2022'!B39,KETINGGIAN!$H$5:$H$1048576))} -> 0 | AO39: =IFERROR(VLOOKUP(B39,KETINGGIAN!$B$5:$I$1048576,8,0),"") | AT39: {=MAX(IF(TOOLSKEEPER!$B$5:$B$1048576='Data Training 2022'!B39,TOOLSKEEPER!$H$5:$H$1048576))} -> 0 | AU39: =IFERROR(VLOOKUP(B39,TOOLSKEEPER!$B$5:$I$1048576,8,0),"")
A40: =A39+1 -> 35 | B40: =TEXT(C40,"00000000") -> 80003352 | C40: 80003352 | E40: GREGORIUS AGUNG CHRISHARTANTYO | F40: PT. SAPTAINDRA SEJATI | G40: GROUP LEADER | H40: ENGINEERING | I40: MINING-HAULING-PORT | K40: S | L40: PENGAWAS | M40: TARGET | O40: =IFERROR(VLOOKUP(B40,POP!$B$5:$I$1048576,7,0),"") | P40: =IFERROR(VLOOKUP(B40,POM!$B$5:$I$1048576,7,0),"") | Q40: =IFERROR(VLOOKUP(B40,POU!$B$5:$I$1048576,7,0),"") | R40: =IF(AND(L40="PENGAWAS",M40="TARGET",N40=""),"TARGET","") -> TARGET | S40: =IFERROR(VLOOKUP(B40,'PEMBEKALAN POP'!$B$5:$I$1048576,7,0),"") -> 44766 | T40: =IFERROR(VLOOKUP(B40,'PEMBEKALAN POP'!$B$5:$I$1048576,8,0),"") -> LULUS | U40: TARGET | V40: {=MAX(IF(INDUKSI!$B$5:$B$1048576='Data Training 2022'!B40,INDUKSI!$H$5:$H$1048576))} -> #N/A | W40: =IFERROR(VLOOKUP(B40,INDUKSI!$B$5:$I$1048576,8,0),"") -> LULUS | X40: TARGET | Y40: {=MAX(IF(REINDUKSI!$B$5:$B$1048576='Data Training 2022'!B40,REINDUKSI!$H$5:$H$1048576))} -> 44742 | Z40: =IFERROR(VLOOKUP(B40,REINDUKSI!$B$5:$I$1048576,8,0),"") -> LULUS | AA40: =IF(L40="OPERATOR","TARGET",IF(L40="MEKANIK","TARGET","")) | AB40: {=MAX(IF(BSA!$B$5:$B$1048576='Data Training 2022'!B40,BSA!$H$5:$H$1048576))} -> 0 | AC40: =IFERROR(VLOOKUP(B40,BSA!$B$5:$I$1048576,8,0),"") | AD40: TARGET | AG40: =IF(L40="MEKANIK","TARGET","") | AH40: {=MAX(IF(ISOLASI!$B$5:$B$1048576='Data Training 2022'!B40,ISOLASI!$H$5:$H$1048576))} -> 0 | AI40: =IFERROR(VLOOKUP(B40,ISOLASI!$B$5:$I$1048576,8,0),"") | AK40: {=MAX(IF('DEKAT AIR'!$B$5:$B$1048576='Data Training 2022'!B40,'DEKAT AIR'!$H$5:$H$1048576))} -> 0 | AL40: =IFERROR(VLOOKUP(B40,'DEKAT AIR'!$B$5:$I$1048576,8,0),"") | AN40: {=MAX(IF(KETINGGIAN!$B$5:$B$1048576='Data Training 2022'!B40,KETINGGIAN!$H$5:$H$1048576))} -> 0 | AO40: =IFERROR(VLOOKUP(B40,KETINGGIAN!$B$5:$I$1048576,8,0),"") | AT40: {=MAX(IF(TOOLSKEEPER!$B$5:$B$1048576='Data Training 2022'!B40,TOOLSKEEPER!$H$5:$H$1048576))} -> 0 | AU40: =IFERROR(VLOOKUP(B40,TOOLSKEEPER!$B$5:$I$1048576,8,0),"")
A41: =A40+1 -> 36 | B41: =TEXT(C41,"00000000") -> 80004262 | C41: 80004262 | E41: HILYAN ASUPYANI | F41: PT. SAPTAINDRA SEJATI | G41: GROUP LEADER | H41: ENGINEERING | I41: MINING-HAULING-PORT | K41: S | L41: PENGAWAS | M41: TARGET | O41: =IFERROR(VLOOKUP(B41,POP!$B$5:$I$1048576,7,0),"") | P41: =IFERROR(VLOOKUP(B41,POM!$B$5:$I$1048576,7,0),"") | Q41: =IFERROR(VLOOKUP(B41,POU!$B$5:$I$1048576,7,0),"") | R41: =IF(AND(L41="PENGAWAS",M41="TARGET",N41=""),"TARGET","") -> TARGET | S41: =IFERROR(VLOOKUP(B41,'PEMBEKALAN POP'!$B$5:$I$1048576,7,0),"") | T41: =IFERROR(VLOOKUP(B41,'PEMBEKALAN POP'!$B$5:$I$1048576,8,0),"") | U41: TARGET | V41: {=MAX(IF(INDUKSI!$B$5:$B$1048576='Data Training 2022'!B41,INDUKSI!$H$5:$H$1048576))} -> #N/A | W41: =IFERROR(VLOOKUP(B41,INDUKSI!$B$5:$I$1048576,8,0),"") -> LULUS | X41: TARGET | Y41: {=MAX(IF(REINDUKSI!$B$5:$B$1048576='Data Training 2022'!B41,REINDUKSI!$H$5:$H$1048576))} -> 0 | Z41: =IFERROR(VLOOKUP(B41,REINDUKSI!$B$5:$I$1048576,8,0),"") | AA41: =IF(L41="OPERATOR","TARGET",IF(L41="MEKANIK","TARGET","")) | AB41: {=MAX(IF(BSA!$B$5:$B$1048576='Data Training 2022'!B41,BSA!$H$5:$H$1048576))} -> 0 | AC41: =IFERROR(VLOOKUP(B41,BSA!$B$5:$I$1048576,8,0),"") | AD41: TARGET | AG41: =IF(L41="MEKANIK","TARGET","") | AH41: {=MAX(IF(ISOLASI!$B$5:$B$1048576='Data Training 2022'!B41,ISOLASI!$H$5:$H$1048576))} -> 0 | AI41: =IFERROR(VLOOKUP(B41,ISOLASI!$B$5:$I$1048576,8,0),"") | AK41: {=MAX(IF('DEKAT AIR'!$B$5:$B$1048576='Data Training 2022'!B41,'DEKAT AIR'!$H$5:$H$1048576))} -> 0 | AL41: =IFERROR(VLOOKUP(B41,'DEKAT AIR'!$B$5:$I$1048576,8,0),"") | AN41: {=MAX(IF(KETINGGIAN!$B$5:$B$1048576='Data Training 2022'!B41,KETINGGIAN!$H$5:$H$1048576))} -> 0 | AO41: =IFERROR(VLOOKUP(B41,KETINGGIAN!$B$5:$I$1048576,8,0),"") | AT41: {=MAX(IF(TOOLSKEEPER!$B$5:$B$1048576='Data Training 2022'!B41,TOOLSKEEPER!$H$5:$H$1048576))} -> 0 | AU41: =IFERROR(VLOOKUP(B41,TOOLSKEEPER!$B$5:$I$1048576,8,0),"")
A42: =A41+1 -> 37 | B42: =TEXT(C42,"00000000") -> 00212788 | C42: 00212788 | E42: BAMBANG SUSILO | F42: PT. SAPTAINDRA SEJATI | G42: FIELD SUPPORT - ENGINEERING | H42: ENGINEERING | I42: MINING-HAULING-PORT | K42: NS | L42: FIELD SUPPORT | M42: NON TARGET | O42: =IFERROR(VLOOKUP(B42,POP!$B$5:$I$1048576,7,0),"") | P42: =IFERROR(VLOOKUP(B42,POM!$B$5:$I$1048576,7,0),"") | Q42: =IFERROR(VLOOKUP(B42,POU!$B$5:$I$1048576,7,0),"") | R42: =IF(AND(L42="PENGAWAS",M42="TARGET",N42=""),"TARGET","") | S42: =IFERROR(VLOOKUP(B42,'PEMBEKALAN POP'!$B$5:$I$1048576,7,0),"") | T42: =IFERROR(VLOOKUP(B42,'PEMBEKALAN POP'!$B$5:$I$1048576,8,0),"") | U42: TARGET | V42: {=MAX(IF(INDUKSI!$B$5:$B$1048576='Data Training 2022'!B42,INDUKSI!$H$5:$H$1048576))} -> #N/A | W42: =IFERROR(VLOOKUP(B42,INDUKSI!$B$5:$I$1048576,8,0),"") -> LULUS | X42: TARGET | Y42: {=MAX(IF(REINDUKSI!$B$5:$B$1048576='Data Training 2022'!B42,REINDUKSI!$H$5:$H$1048576))} -> 44626 | Z42: =IFERROR(VLOOKUP(B42,REINDUKSI!$B$5:$I$1048576,8,0),"") -> LULUS | AA42: =IF(L42="OPERATOR","TARGET",IF(L42="MEKANIK","TARGET","")) | AB42: {=MAX(IF(BSA!$B$5:$B$1048576='Data Training 2022'!B42,BSA!$H$5:$H$1048576))} -> 0 | AC42: =IFERROR(VLOOKUP(B42,BSA!$B$5:$I$1048576,8,0),"") | AD42: TARGET | AG42: =IF(L42="MEKANIK","TARGET","") | AH42: {=MAX(IF(ISOLASI!$B$5:$B$1048576='Data Training 2022'!B42,ISOLASI!$H$5:$H$1048576))} -> 0 | AI42: =IFERROR(VLOOKUP(B42,ISOLASI!$B$5:$I$1048576,8,0),"") | AK42: {=MAX(IF('DEKAT AIR'!$B$5:$B$1048576='Data Training 2022'!B42,'DEKAT AIR'!$H$5:$H$1048576))} -> 0 | AL42: =IFERROR(VLOOKUP(B42,'DEKAT AIR'!$B$5:$I$1048576,8,0),"") | AN42: {=MAX(IF(KETINGGIAN!$B$5:$B$1048576='Data Training 2022'!B42,KETINGGIAN!$H$5:$H$1048576))} -> 0 | AO42: =IFERROR(VLOOKUP(B42,KETINGGIAN!$B$5:$I$1048576,8,0),"") | AT42: {=MAX(IF(TOOLSKEEPER!$B$5:$B$1048576='Data Training 2022'!B42,TOOLSKEEPER!$H$5:$H$1048576))} -> 0 | AU42: =IFERROR(VLOOKUP(B42,TOOLSKEEPER!$B$5:$I$1048576,8,0),"")
A43: =A42+1 -> 38 | B43: =TEXT(C43,"00000000") -> 80002964 | C43: 80002964 | E43: YOGA SETIA MUKTI | F43: PT. SAPTAINDRA SEJATI | G43: ADMIN SUPPORT - ENGINEERING | H43: ENGINEERING | I43: MINING-HAULING-PORT | K43: NS | L43: ADMIN | M43: NON TARGET | O43: =IFERROR(VLOOKUP(B43,POP!$B$5:$I$1048576,7,0),"") | P43: =IFERROR(VLOOKUP(B43,POM!$B$5:$I$1048576,7,0),"") | Q43: =IFERROR(VLOOKUP(B43,POU!$B$5:$I$1048576,7,0),"") | R43: =IF(AND(L43="PENGAWAS",M43="TARGET",N43=""),"TARGET","") | S43: =IFERROR(VLOOKUP(B43,'PEMBEKALAN POP'!$B$5:$I$1048576,7,0),"") | T43: =IFERROR(VLOOKUP(B43,'PEMBEKALAN POP'!$B$5:$I$1048576,8,0),"") | U43: TARGET | V43: {=MAX(IF(INDUKSI!$B$5:$B$1048576='Data Training 2022'!B43,INDUKSI!$H$5:$H$1048576))} -> #N/A | W43: =IFERROR(VLOOKUP(B43,INDUKSI!$B$5:$I$1048576,8,0),"") -> LULUS | X43: TARGET | Y43: {=MAX(IF(REINDUKSI!$B$5:$B$1048576='Data Training 2022'!B43,REINDUKSI!$H$5:$H$1048576))} -> 44664 | Z43: =IFERROR(VLOOKUP(B43,REINDUKSI!$B$5:$I$1048576,8,0),"") -> LULUS | AA43: =IF(L43="OPERATOR","TARGET",IF(L43="MEKANIK","TARGET","")) | AB43: {=MAX(IF(BSA!$B$5:$B$1048576='Data Training 2022'!B43,BSA!$H$5:$H$1048576))} -> 0 | AC43: =IFERROR(VLOOKUP(B43,BSA!$B$5:$I$1048576,8,0),"") | AD43: TARGET | AG43: =IF(L43="MEKANIK","TARGET","") | AH43: {=MAX(IF(ISOLASI!$B$5:$B$1048576='Data Training 2022'!B43,ISOLASI!$H$5:$H$1048576))} -> 0 | AI43: =IFERROR(VLOOKUP(B43,ISOLASI!$B$5:$I$1048576,8,0),"") | AK43: {=MAX(IF('DEKAT AIR'!$B$5:$B$1048576='Data Training 2022'!B43,'DEKAT AIR'!$H$5:$H$1048576))} -> 0 | AL43: =IFERROR(VLOOKUP(B43,'DEKAT AIR'!$B$5:$I$1048576,8,0),"") | AN43: {=MAX(IF(KETINGGIAN!$B$5:$B$1048576='Data Training 2022'!B43,KETINGGIAN!$H$5:$H$1048576))} -> 0 | AO43: =IFERROR(VLOOKUP(B43,KETINGGIAN!$B$5:$I$1048576,8,0),"") | AT43: {=MAX(IF(TOOLSKEEPER!$B$5:$B$1048576='Data Training 2022'!B43,TOOLSKEEPER!$H$5:$H$1048576))} -> 0 | AU43: =IFERROR(VLOOKUP(B43,TOOLSKEEPER!$B$5:$I$1048576,8,0),"")
A44: =A43+1 -> 39 | B44: =TEXT(C44,"00000000") -> 80002965 | C44: 80002965 | E44: MIKO | F44: PT. SAPTAINDRA SEJATI | G44: ADMIN SUPPORT - ENGINEERING | H44: ENGINEERING | I44: MINING-HAULING-PORT | K44: NS | L44: ADMIN | M44: NON TARGET | O44: =IFERROR(VLOOKUP(B44,POP!$B$5:$I$1048576,7,0),"") | P44: =IFERROR(VLOOKUP(B44,POM!$B$5:$I$1048576,7,0),"") | Q44: =IFERROR(VLOOKUP(B44,POU!$B$5:$I$1048576,7,0),"") | R44: =IF(AND(L44="PENGAWAS",M44="TARGET",N44=""),"TARGET","") | S44: =IFERROR(VLOOKUP(B44,'PEMBEKALAN POP'!$B$5:$I$1048576,7,0),"") | T44: =IFERROR(VLOOKUP(B44,'PEMBEKALAN POP'!$B$5:$I$1048576,8,0),"") | U44: TARGET | V44: {=MAX(IF(INDUKSI!$B$5:$B$1048576='Data Training 2022'!B44,INDUKSI!$H$5:$H$1048576))} -> #N/A | W44: =IFERROR(VLOOKUP(B44,INDUKSI!$B$5:$I$1048576,8,0),"") -> LULUS | X44: TARGET | Y44: {=MAX(IF(REINDUKSI!$B$5:$B$1048576='Data Training 2022'!B44,REINDUKSI!$H$5:$H$1048576))} -> 0 | Z44: =IFERROR(VLOOKUP(B44,REINDUKSI!$B$5:$I$1048576,8,0),"") | AA44: =IF(L44="OPERATOR","TARGET",IF(L44="MEKANIK","TARGET","")) | AB44: {=MAX(IF(BSA!$B$5:$B$1048576='Data Training 2022'!B44,BSA!$H$5:$H$1048576))} -> 0 | AC44: =IFERROR(VLOOKUP(B44,BSA!$B$5:$I$1048576,8,0),"") | AD44: TARGET | AG44: =IF(L44="MEKANIK","TARGET","") | AH44: {=MAX(IF(ISOLASI!$B$5:$B$1048576='Data Training 2022'!B44,ISOLASI!$H$5:$H$1048576))} -> 0 | AI44: =IFERROR(VLOOKUP(B44,ISOLASI!$B$5:$I$1048576,8,0),"") | AK44: {=MAX(IF('DEKAT AIR'!$B$5:$B$1048576='Data Training 2022'!B44,'DEKAT AIR'!$H$5:$H$1048576))} -> 0 | AL44: =IFERROR(VLOOKUP(B44,'DEKAT AIR'!$B$5:$I$1048576,8,0),"") | AN44: {=MAX(IF(KETINGGIAN!$B$5:$B$1048576='Data Training 2022'!B44,KETINGGIAN!$H$5:$H$1048576))} -> 0 | AO44: =IFERROR(VLOOKUP(B44,KETINGGIAN!$B$5:$I$1048576,8,0),"") | AT44: {=MAX(IF(TOOLSKEEPER!$B$5:$B$1048576='Data Training 2022'!B44,TOOLSKEEPER!$H$5:$H$1048576))} -> 0 | AU44: =IFERROR(VLOOKUP(B44,TOOLSKEEPER!$B$5:$I$1048576,8,0),"")
A45: =A44+1 -> 40 | B45: =TEXT(C45,"00000000") -> 80002966 | C45: 80002966 | E45: ALDIYANTO | F45: PT. SAPTAINDRA SEJATI | G45: FIELD SUPPORT - ENGINEERING | H45: ENGINEERING | I45: MINING-HAULING-PORT | K45: NS | L45: FIELD SUPPORT | M45: NON TARGET | O45: =IFERROR(VLOOKUP(B45,POP!$B$5:$I$1048576,7,0),"") | P45: =IFERROR(VLOOKUP(B45,POM!$B$5:$I$1048576,7,0),"") | Q45: =IFERROR(VLOOKUP(B45,POU!$B$5:$I$1048576,7,0),"") | R45: =IF(AND(L45="PENGAWAS",M45="TARGET",N45=""),"TARGET","") | S45: =IFERROR(VLOOKUP(B45,'PEMBEKALAN POP'!$B$5:$I$1048576,7,0),"") | T45: =IFERROR(VLOOKUP(B45,'PEMBEKALAN POP'!$B$5:$I$1048576,8,0),"") | U45: TARGET | V45: {=MAX(IF(INDUKSI!$B$5:$B$1048576='Data Training 2022'!B45,INDUKSI!$H$5:$H$1048576))} -> #N/A | W45: =IFERROR(VLOOKUP(B45,INDUKSI!$B$5:$I$1048576,8,0),"") -> LULUS | X45: TARGET | Y45: {=MAX(IF(REINDUKSI!$B$5:$B$1048576='Data Training 2022'!B45,REINDUKSI!$H$5:$H$1048576))} -> 44750 | Z45: =IFERROR(VLOOKUP(B45,REINDUKSI!$B$5:$I$1048576,8,0),"") -> LULUS | AA45: =IF(L45="OPERATOR","TARGET",IF(L45="MEKANIK","TARGET","")) | AB45: {=MAX(IF(BSA!$B$5:$B$1048576='Data Training 2022'!B45,BSA!$H$5:$H$1048576))} -> 0 | AC45: =IFERROR(VLOOKUP(B45,BSA!$B$5:$I$1048576,8,0),"") | AD45: TARGET | AG45: =IF(L45="MEKANIK","TARGET","") | AH45: {=MAX(IF(ISOLASI!$B$5:$B$1048576='Data Training 2022'!B45,ISOLASI!$H$5:$H$1048576))} -> 0 | AI45: =IFERROR(VLOOKUP(B45,ISOLASI!$B$5:$I$1048576,8,0),"") | AK45: {=MAX(IF('DEKAT AIR'!$B$5:$B$1048576='Data Training 2022'!B45,'DEKAT AIR'!$H$5:$H$1048576))} -> 0 | AL45: =IFERROR(VLOOKUP(B45,'DEKAT AIR'!$B$5:$I$1048576,8,0),"") | AN45: {=MAX(IF(KETINGGIAN!$B$5:$B$1048576='Data Training 2022'!B45,KETINGGIAN!$H$5:$H$1048576))} -> 0 | AO45: =IFERROR(VLOOKUP(B45,KETINGGIAN!$B$5:$I$1048576,8,0),"") | AT45: {=MAX(IF(TOOLSKEEPER!$B$5:$B$1048576='Data Training 2022'!B45,TOOLSKEEPER!$H$5:$H$1048576))} -> 0 | AU45: =IFERROR(VLOOKUP(B45,TOOLSKEEPER!$B$5:$I$1048576,8,0),"")
A46: =A45+1 -> 41 | B46: =TEXT(C46,"00000000") -> 00107510 | C46: 00107510 | E46: FADLY | F46: PT. SAPTAINDRA SEJATI | G46: SECTION HEAD | H46: HRGA & FA | I46: MINING-HAULING-PORT | K46: S | L46: PENGAWAS | M46: TARGET | N46: SUDAH | O46: =IFERROR(VLOOKUP(B46,POP!$B$5:$I$1048576,7,0),"") | P46: =IFERROR(VLOOKUP(B46,POM!$B$5:$I$1048576,7,0),"") -> 44147 | Q46: =IFERROR(VLOOKUP(B46,POU!$B$5:$I$1048576,7,0),"") | R46: =IF(AND(L46="PENGAWAS",M46="TARGET",N46=""),"TARGET","") | S46: =IFERROR(VLOOKUP(B46,'PEMBEKALAN POP'!$B$5:$I$1048576,7,0),"") | T46: =IFERROR(VLOOKUP(B46,'PEMBEKALAN POP'!$B$5:$I$1048576,8,0),"") | U46: TARGET | V46: {=MAX(IF(INDUKSI!$B$5:$B$1048576='Data Training 2022'!B46,INDUKSI!$H$5:$H$1048576))} -> #N/A | W46: =IFERROR(VLOOKUP(B46,INDUKSI!$B$5:$I$1048576,8,0),"") -> LULUS | X46: TARGET | Y46: {=MAX(IF(REINDUKSI!$B$5:$B$1048576='Data Training 2022'!B46,REINDUKSI!$H$5:$H$1048576))} -> 0 | Z46: =IFERROR(VLOOKUP(B46,REINDUKSI!$B$5:$I$1048576,8,0),"") | AA46: =IF(L46="OPERATOR","TARGET",IF(L46="MEKANIK","TARGET","")) | AB46: {=MAX(IF(BSA!$B$5:$B$1048576='Data Training 2022'!B46,BSA!$H$5:$H$1048576))} -> 0 | AC46: =IFERROR(VLOOKUP(B46,BSA!$B$5:$I$1048576,8,0),"") | AD46: TARGET | AG46: =IF(L46="MEKANIK","TARGET","") | AH46: {=MAX(IF(ISOLASI!$B$5:$B$1048576='Data Training 2022'!B46,ISOLASI!$H$5:$H$1048576))} -> 0 | AI46: =IFERROR(VLOOKUP(B46,ISOLASI!$B$5:$I$1048576,8,0),"") | AK46: {=MAX(IF('DEKAT AIR'!$B$5:$B$1048576='Data Training 2022'!B46,'DEKAT AIR'!$H$5:$H$1048576))} -> 0 | AL46: =IFERROR(VLOOKUP(B46,'DEKAT AIR'!$B$5:$I$1048576,8,0),"") | AN46: {=MAX(IF(KETINGGIAN!$B$5:$B$1048576='Data Training 2022'!B46,KETINGGIAN!$H$5:$H$1048576))} -> 0 | AO46: =IFERROR(VLOOKUP(B46,KETINGGIAN!$B$5:$I$1048576,8,0),"") | AT46: {=MAX(IF(TOOLSKEEPER!$B$5:$B$1048576='Data Training 2022'!B46,TOOLSKEEPER!$H$5:$H$1048576))} -> 0 | AU46: =IFERROR(VLOOKUP(B46,TOOLSKEEPER!$B$5:$I$1048576,8,0),"")
A47: =A46+1 -> 42 | B47: =TEXT(C47,"00000000") -> 00306897 | C47: 00306897 | E47: AFAS SAMRONI | F47: PT. SAPTAINDRA SEJATI | G47: UNIT HEAD | H47: HRGA & FA | I47: MINING-HAULING-PORT | K47: S | L47: PENGAWAS | M47: NON TARGET | O47: =IFERROR(VLOOKUP(B47,POP!$B$5:$I$1048576,7,0),"") | P47: =IFERROR(VLOOKUP(B47,POM!$B$5:$I$1048576,7,0),"") | Q47: =IFERROR(VLOOKUP(B47,POU!$B$5:$I$1048576,7,0),"") | R47: =IF(AND(L47="PENGAWAS",M47="TARGET",N47=""),"TARGET","") | S47: =IFERROR(VLOOKUP(B47,'PEMBEKALAN POP'!$B$5:$I$1048576,7,0),"") | T47: =IFERROR(VLOOKUP(B47,'PEMBEKALAN POP'!$B$5:$I$1048576,8,0),"") | U47: TARGET | V47: {=MAX(IF(INDUKSI!$B$5:$B$1048576='Data Training 2022'!B47,INDUKSI!$H$5:$H$1048576))} -> #N/A | W47: =IFERROR(VLOOKUP(B47,INDUKSI!$B$5:$I$1048576,8,0),"") -> LULUS | X47: TARGET | Y47: {=MAX(IF(REINDUKSI!$B$5:$B$1048576='Data Training 2022'!B47,REINDUKSI!$H$5:$H$1048576))} -> 44761 | Z47: =IFERROR(VLOOKUP(B47,REINDUKSI!$B$5:$I$1048576,8,0),"") -> LULUS | AA47: =IF(L47="OPERATOR","TARGET",IF(L47="MEKANIK","TARGET","")) | AB47: {=MAX(IF(BSA!$B$5:$B$1048576='Data Training 2022'!B47,BSA!$H$5:$H$1048576))} -> 0 | AC47: =IFERROR(VLOOKUP(B47,BSA!$B$5:$I$1048576,8,0),"") | AD47: TARGET | AG47: =IF(L47="MEKANIK","TARGET","") | AH47: {=MAX(IF(ISOLASI!$B$5:$B$1048576='Data Training 2022'!B47,ISOLASI!$H$5:$H$1048576))} -> 0 | AI47: =IFERROR(VLOOKUP(B47,ISOLASI!$B$5:$I$1048576,8,0),"") | AK47: {=MAX(IF('DEKAT AIR'!$B$5:$B$1048576='Data Training 2022'!B47,'DEKAT AIR'!$H$5:$H$1048576))} -> 0 | AL47: =IFERROR(VLOOKUP(B47,'DEKAT AIR'!$B$5:$I$1048576,8,0),"") | AN47: {=MAX(IF(KETINGGIAN!$B$5:$B$1048576='Data Training 2022'!B47,KETINGGIAN!$H$5:$H$1048576))} -> 0 | AO47: =IFERROR(VLOOKUP(B47,KETINGGIAN!$B$5:$I$1048576,8,0),"") | AT47: {=MAX(IF(TOOLSKEEPER!$B$5:$B$1048576='Data Training 2022'!B47,TOOLSKEEPER!$H$5:$H$1048576))} -> 0 | AU47: =IFERROR(VLOOKUP(B47,TOOLSKEEPER!$B$5:$I$1048576,8,0),"")
A48: =A47+1 -> 43 | B48: =TEXT(C48,"00000000") -> 01081097 | C48: 01081097 | E48: DWI WAHYUDI | F48: PT. SAPTAINDRA SEJATI | G48: UNIT HEAD | H48: HRGA & FA | I48: MINING-HAULING-PORT | K48: S | L48: PENGAWAS | M48: TARGET | N48: SUDAH | O48: =IFERROR(VLOOKUP(B48,POP!$B$5:$I$1048576,7,0),"") -> 42027 | P48: =IFERROR(VLOOKUP(B48,POM!$B$5:$I$1048576,7,0),"") | Q48: =IFERROR(VLOOKUP(B48,POU!$B$5:$I$1048576,7,0),"") | R48: =IF(AND(L48="PENGAWAS",M48="TARGET",N48=""),"TARGET","") | S48: =IFERROR(VLOOKUP(B48,'PEMBEKALAN POP'!$B$5:$I$1048576,7,0),"") | T48: =IFERROR(VLOOKUP(B48,'PEMBEKALAN POP'!$B$5:$I$1048576,8,0),"") | U48: TARGET | V48: {=MAX(IF(INDUKSI!$B$5:$B$1048576='Data Training 2022'!B48,INDUKSI!$H$5:$H$1048576))} -> #N/A | W48: =IFERROR(VLOOKUP(B48,INDUKSI!$B$5:$I$1048576,8,0),"") | X48: TARGET | Y48: {=MAX(IF(REINDUKSI!$B$5:$B$1048576='Data Training 2022'!B48,REINDUKSI!$H$5:$H$1048576))} -> 0 | Z48: =IFERROR(VLOOKUP(B48,REINDUKSI!$B$5:$I$1048576,8,0),"") | AA48: =IF(L48="OPERATOR","TARGET",IF(L48="MEKANIK","TARGET","")) | AB48: {=MAX(IF(BSA!$B$5:$B$1048576='Data Training 2022'!B48,BSA!$H$5:$H$1048576))} -> 0 | AC48: =IFERROR(VLOOKUP(B48,BSA!$B$5:$I$1048576,8,0),"") | AD48: TARGET | AG48: =IF(L48="MEKANIK","TARGET","") | AH48: {=MAX(IF(ISOLASI!$B$5:$B$1048576='Data Training 2022'!B48,ISOLASI!$H$5:$H$1048576))} -> 0 | AI48: =IFERROR(VLOOKUP(B48,ISOLASI!$B$5:$I$1048576,8,0),"") | AK48: {=MAX(IF('DEKAT AIR'!$B$5:$B$1048576='Data Training 2022'!B48,'DEKAT AIR'!$H$5:$H$1048576))} -> 0 | AL48: =IFERROR(VLOOKUP(B48,'DEKAT AIR'!$B$5:$I$1048576,8,0),"") | AN48: {=MAX(IF(KETINGGIAN!$B$5:$B$1048576='Data Training 2022'!B48,KETINGGIAN!$H$5:$H$1048576))} -> 0 | AO48: =IFERROR(VLOOKUP(B48,KETINGGIAN!$B$5:$I$1048576,8,0),"") | AT48: {=MAX(IF(TOOLSKEEPER!$B$5:$B$1048576='Data Training 2022'!B48,TOOLSKEEPER!$H$5:$H$1048576))} -> 0 | AU48: =IFERROR(VLOOKUP(B48,TOOLSKEEPER!$B$5:$I$1048576,8,0),"")
A49: =A48+1 -> 44 | B49: =TEXT(C49,"00000000") -> 00111104 | C49: 00111104 | E49: SURYA | F49: PT. SAPTAINDRA SEJATI | G49: UNIT HEAD | H49: HRGA & FA | I49: MINING-HAULING-PORT | K49: S | L49: PENGAWAS | M49: TARGET | N49: SUDAH | O49: =IFERROR(VLOOKUP(B49,POP!$B$5:$I$1048576,7,0),"") -> 42027 | P49: =IFERROR(VLOOKUP(B49,POM!$B$5:$I$1048576,7,0),"") | Q49: =IFERROR(VLOOKUP(B49,POU!$B$5:$I$1048576,7,0),"") | R49: =IF(AND(L49="PENGAWAS",M49="TARGET",N49=""),"TARGET","") | S49: =IFERROR(VLOOKUP(B49,'PEMBEKALAN POP'!$B$5:$I$1048576,7,0),"") | T49: =IFERROR(VLOOKUP(B49,'PEMBEKALAN POP'!$B$5:$I$1048576,8,0),"") | U49: TARGET | V49: {=MAX(IF(INDUKSI!$B$5:$B$1048576='Data Training 2022'!B49,INDUKSI!$H$5:$H$1048576))} -> #N/A | W49: =IFERROR(VLOOKUP(B49,INDUKSI!$B$5:$I$1048576,8,0),"") -> LULUS | X49: TARGET | Y49: {=MAX(IF(REINDUKSI!$B$5:$B$1048576='Data Training 2022'!B49,REINDUKSI!$H$5:$H$1048576))} -> 44770 | Z49: =IFERROR(VLOOKUP(B49,REINDUKSI!$B$5:$I$1048576,8,0),"") -> LULUS | AA49: =IF(L49="OPERATOR","TARGET",IF(L49="MEKANIK","TARGET","")) | AB49: {=MAX(IF(BSA!$B$5:$B$1048576='Data Training 2022'!B49,BSA!$H$5:$H$1048576))} -> 0 | AC49: =IFERROR(VLOOKUP(B49,BSA!$B$5:$I$1048576,8,0),"") | AD49: TARGET | AG49: =IF(L49="MEKANIK","TARGET","") | AH49: {=MAX(IF(ISOLASI!$B$5:$B$1048576='Data Training 2022'!B49,ISOLASI!$H$5:$H$1048576))} -> 0 | AI49: =IFERROR(VLOOKUP(B49,ISOLASI!$B$5:$I$1048576,8,0),"") | AK49: {=MAX(IF('DEKAT AIR'!$B$5:$B$1048576='Data Training 2022'!B49,'DEKAT AIR'!$H$5:$H$1048576))} -> 0 | AL49: =IFERROR(VLOOKUP(B49,'DEKAT AIR'!$B$5:$I$1048576,8,0),"") | AN49: {=MAX(IF(KETINGGIAN!$B$5:$B$1048576='Data Training 2022'!B49,KETINGGIAN!$H$5:$H$1048576))} -> 0 | AO49: =IFERROR(VLOOKUP(B49,KETINGGIAN!$B$5:$I$1048576,8,0),"") | AT49: {=MAX(IF(TOOLSKEEPER!$B$5:$B$1048576='Data Training 2022'!B49,TOOLSKEEPER!$H$5:$H$1048576))} -> 0 | AU49: =IFERROR(VLOOKUP(B49,TOOLSKEEPER!$B$5:$I$1048576,8,0),"")
A50: =A49+1 -> 45 | B50: =TEXT(C50,"00000000") -> 00107809 | C50: 00107809 | E50: BAMBANG SUJATMIKO | F50: PT. SAPTAINDRA SEJATI | G50: UNIT HEAD | H50: HRGA & FA | I50: MINING-HAULING-PORT | K50: S | L50: PENGAWAS | M50: TARGET | N50: SUDAH | O50: =IFERROR(VLOOKUP(B50,POP!$B$5:$I$1048576,7,0),"") -> 39668 | P50: =IFERROR(VLOOKUP(B50,POM!$B$5:$I$1048576,7,0),"") | Q50: =IFERROR(VLOOKUP(B50,POU!$B$5:$I$1048576,7,0),"") | R50: =IF(AND(L50="PENGAWAS",M50="TARGET",N50=""),"TARGET","") | S50: =IFERROR(VLOOKUP(B50,'PEMBEKALAN POP'!$B$5:$I$1048576,7,0),"") | T50: =IFERROR(VLOOKUP(B50,'PEMBEKALAN POP'!$B$5:$I$1048576,8,0),"") | U50: TARGET | V50: {=MAX(IF(INDUKSI!$B$5:$B$1048576='Data Training 2022'!B50,INDUKSI!$H$5:$H$1048576))} -> #N/A | W50: =IFERROR(VLOOKUP(B50,INDUKSI!$B$5:$I$1048576,8,0),"") -> LULUS | X50: TARGET | Y50: {=MAX(IF(REINDUKSI!$B$5:$B$1048576='Data Training 2022'!B50,REINDUKSI!$H$5:$H$1048576))} -> 44726 | Z50: =IFERROR(VLOOKUP(B50,REINDUKSI!$B$5:$I$1048576,8,0),"") -> LULUS | AA50: =IF(L50="OPERATOR","TARGET",IF(L50="MEKANIK","TARGET","")) | AB50: {=MAX(IF(BSA!$B$5:$B$1048576='Data Training 2022'!B50,BSA!$H$5:$H$1048576))} -> 0 | AC50: =IFERROR(VLOOKUP(B50,BSA!$B$5:$I$1048576,8,0),"") | AD50: TARGET | AG50: =IF(L50="MEKANIK","TARGET","") | AH50: {=MAX(IF(ISOLASI!$B$5:$B$1048576='Data Training 2022'!B50,ISOLASI!$H$5:$H$1048576))} -> 0 | AI50: =IFERROR(VLOOKUP(B50,ISOLASI!$B$5:$I$1048576,8,0),"") | AK50: {=MAX(IF('DEKAT AIR'!$B$5:$B$1048576='Data Training 2022'!B50,'DEKAT AIR'!$H$5:$H$1048576))} -> 0 | AL50: =IFERROR(VLOOKUP(B50,'DEKAT AIR'!$B$5:$I$1048576,8,0),"") | AN50: {=MAX(IF(KETINGGIAN!$B$5:$B$1048576='Data Training 2022'!B50,KETINGGIAN!$H$5:$H$1048576))} -> 0 | AO50: =IFERROR(VLOOKUP(B50,KETINGGIAN!$B$5:$I$1048576,8,0),"") | AT50: {=MAX(IF(TOOLSKEEPER!$B$5:$B$1048576='Data Training 2022'!B50,TOOLSKEEPER!$H$5:$H$1048576))} -> 0 | AU50: =IFERROR(VLOOKUP(B50,TOOLSKEEPER!$B$5:$I$1048576,8,0),"")
A51: =A50+1 -> 46 | B51: =TEXT(C51,"00000000") -> 80002316 | C51: 80002316 | E51: MUHAMMAD MUGIONO | F51: PT. SAPTAINDRA SEJATI | G51: UNIT HEAD | H51: HRGA & FA | I51: MINING-HAULING-PORT | K51: S | L51: PENGAWAS | M51: TARGET | N51: SUDAH | O51: =IFERROR(VLOOKUP(B51,POP!$B$5:$I$1048576,7,0),"") -> 44153 | P51: =IFERROR(VLOOKUP(B51,POM!$B$5:$I$1048576,7,0),"") | Q51: =IFERROR(VLOOKUP(B51,POU!$B$5:$I$1048576,7,0),"") | R51: =IF(AND(L51="PENGAWAS",M51="TARGET",N51=""),"TARGET","") | S51: =IFERROR(VLOOKUP(B51,'PEMBEKALAN POP'!$B$5:$I$1048576,7,0),"") | T51: =IFERROR(VLOOKUP(B51,'PEMBEKALAN POP'!$B$5:$I$1048576,8,0),"") | U51: TARGET | V51: {=MAX(IF(INDUKSI!$B$5:$B$1048576='Data Training 2022'!B51,INDUKSI!$H$5:$H$1048576))} -> #N/A | W51: =IFERROR(VLOOKUP(B51,INDUKSI!$B$5:$I$1048576,8,0),"") -> LULUS | X51: TARGET | Y51: {=MAX(IF(REINDUKSI!$B$5:$B$1048576='Data Training 2022'!B51,REINDUKSI!$H$5:$H$1048576))} -> 44701 | Z51: =IFERROR(VLOOKUP(B51,REINDUKSI!$B$5:$I$1048576,8,0),"") -> LULUS | AA51: =IF(L51="OPERATOR","TARGET",IF(L51="MEKANIK","TARGET","")) | AB51: {=MAX(IF(BSA!$B$5:$B$1048576='Data Training 2022'!B51,BSA!$H$5:$H$1048576))} -> 0 | AC51: =IFERROR(VLOOKUP(B51,BSA!$B$5:$I$1048576,8,0),"") | AD51: TARGET | AG51: =IF(L51="MEKANIK","TARGET","") | AH51: {=MAX(IF(ISOLASI!$B$5:$B$1048576='Data Training 2022'!B51,ISOLASI!$H$5:$H$1048576))} -> 0 | AI51: =IFERROR(VLOOKUP(B51,ISOLASI!$B$5:$I$1048576,8,0),"") | AK51: {=MAX(IF('DEKAT AIR'!$B$5:$B$1048576='Data Training 2022'!B51,'DEKAT AIR'!$H$5:$H$1048576))} -> 0 | AL51: =IFERROR(VLOOKUP(B51,'DEKAT AIR'!$B$5:$I$1048576,8,0),"") | AN51: {=MAX(IF(KETINGGIAN!$B$5:$B$1048576='Data Training 2022'!B51,KETINGGIAN!$H$5:$H$1048576))} -> 0 | AO51: =IFERROR(VLOOKUP(B51,KETINGGIAN!$B$5:$I$1048576,8,0),"") | AT51: {=MAX(IF(TOOLSKEEPER!$B$5:$B$1048576='Data Training 2022'!B51,TOOLSKEEPER!$H$5:$H$1048576))} -> 0 | AU51: =IFERROR(VLOOKUP(B51,TOOLSKEEPER!$B$5:$I$1048576,8,0),"")
A52: =A51+1 -> 47 | B52: =TEXT(C52,"00000000") -> 00112396 | C52: 00112396 | E52: MAHENDRA ANGGITA NUGRAHA | F52: PT. SAPTAINDRA SEJATI | G52: UNIT HEAD | H52: HRGA & FA | I52: MINING-HAULING-PORT | K52: S | L52: PENGAWAS | M52: NON TARGET | O52: =IFERROR(VLOOKUP(B52,POP!$B$5:$I$1048576,7,0),"") | P52: =IFERROR(VLOOKUP(B52,POM!$B$5:$I$1048576,7,0),"") | Q52: =IFERROR(VLOOKUP(B52,POU!$B$5:$I$1048576,7,0),"") | R52: =IF(AND(L52="PENGAWAS",M52="TARGET",N52=""),"TARGET","") | S52: =IFERROR(VLOOKUP(B52,'PEMBEKALAN POP'!$B$5:$I$1048576,7,0),"") | T52: =IFERROR(VLOOKUP(B52,'PEMBEKALAN POP'!$B$5:$I$1048576,8,0),"") | U52: TARGET | V52: {=MAX(IF(INDUKSI!$B$5:$B$1048576='Data Training 2022'!B52,INDUKSI!$H$5:$H$1048576))} -> #N/A | W52: =IFERROR(VLOOKUP(B52,INDUKSI!$B$5:$I$1048576,8,0),"") -> LULUS | X52: TARGET | Y52: {=MAX(IF(REINDUKSI!$B$5:$B$1048576='Data Training 2022'!B52,REINDUKSI!$H$5:$H$1048576))} -> 44782 | Z52: =IFERROR(VLOOKUP(B52,REINDUKSI!$B$5:$I$1048576,8,0),"") -> LULUS | AA52: =IF(L52="OPERATOR","TARGET",IF(L52="MEKANIK","TARGET","")) | AB52: {=MAX(IF(BSA!$B$5:$B$1048576='Data Training 2022'!B52,BSA!$H$5:$H$1048576))} -> 0 | AC52: =IFERROR(VLOOKUP(B52,BSA!$B$5:$I$1048576,8,0),"") | AD52: TARGET | AG52: =IF(L52="MEKANIK","TARGET","") | AH52: {=MAX(IF(ISOLASI!$B$5:$B$1048576='Data Training 2022'!B52,ISOLASI!$H$5:$H$1048576))} -> 0 | AI52: =IFERROR(VLOOKUP(B52,ISOLASI!$B$5:$I$1048576,8,0),"") | AK52: {=MAX(IF('DEKAT AIR'!$B$5:$B$1048576='Data Training 2022'!B52,'DEKAT AIR'!$H$5:$H$1048576))} -> 0 | AL52: =IFERROR(VLOOKUP(B52,'DEKAT AIR'!$B$5:$I$1048576,8,0),"") | AN52: {=MAX(IF(KETINGGIAN!$B$5:$B$1048576='Data Training 2022'!B52,KETINGGIAN!$H$5:$H$1048576))} -> 0 | AO52: =IFERROR(VLOOKUP(B52,KETINGGIAN!$B$5:$I$1048576,8,0),"") | AT52: {=MAX(IF(TOOLSKEEPER!$B$5:$B$1048576='Data Training 2022'!B52,TOOLSKEEPER!$H$5:$H$1048576))} -> 0 | AU52: =IFERROR(VLOOKUP(B52,TOOLSKEEPER!$B$5:$I$1048576,8,0),"")
A53: =A52+1 -> 48 | B53: =TEXT(C53,"00000000") -> 00109511 | C53: 00109511 | E53: IDA BAGUS PUJANTORO | F53: PT. SAPTAINDRA SEJATI | G53: UNIT HEAD | H53: HRGA & FA | I53: MINING-HAULING-PORT | K53: S | L53: PENGAWAS | M53: TARGET | N53: SUDAH | O53: =IFERROR(VLOOKUP(B53,POP!$B$5:$I$1048576,7,0),"") -> 39062 | P53: =IFERROR(VLOOKUP(B53,POM!$B$5:$I$1048576,7,0),"") | Q53: =IFERROR(VLOOKUP(B53,POU!$B$5:$I$1048576,7,0),"") | R53: =IF(AND(L53="PENGAWAS",M53="TARGET",N53=""),"TARGET","") | S53: =IFERROR(VLOOKUP(B53,'PEMBEKALAN POP'!$B$5:$I$1048576,7,0),"") | T53: =IFERROR(VLOOKUP(B53,'PEMBEKALAN POP'!$B$5:$I$1048576,8,0),"") | U53: TARGET | V53: {=MAX(IF(INDUKSI!$B$5:$B$1048576='Data Training 2022'!B53,INDUKSI!$H$5:$H$1048576))} -> #N/A | W53: =IFERROR(VLOOKUP(B53,INDUKSI!$B$5:$I$1048576,8,0),"") -> LULUS | X53: TARGET | Y53: {=MAX(IF(REINDUKSI!$B$5:$B$1048576='Data Training 2022'!B53,REINDUKSI!$H$5:$H$1048576))} -> 0 | Z53: =IFERROR(VLOOKUP(B53,REINDUKSI!$B$5:$I$1048576,8,0),"") | AA53: =IF(L53="OPERATOR","TARGET",IF(L53="MEKANIK","TARGET","")) | AB53: {=MAX(IF(BSA!$B$5:$B$1048576='Data Training 2022'!B53,BSA!$H$5:$H$1048576))} -> 0 | AC53: =IFERROR(VLOOKUP(B53,BSA!$B$5:$I$1048576,8,0),"") | AD53: TARGET | AG53: =IF(L53="MEKANIK","TARGET","") | AH53: {=MAX(IF(ISOLASI!$B$5:$B$1048576='Data Training 2022'!B53,ISOLASI!$H$5:$H$1048576))} -> 0 | AI53: =IFERROR(VLOOKUP(B53,ISOLASI!$B$5:$I$1048576,8,0),"") | AK53: {=MAX(IF('DEKAT AIR'!$B$5:$B$1048576='Data Training 2022'!B53,'DEKAT AIR'!$H$5:$H$1048576))} -> 0 | AL53: =IFERROR(VLOOKUP(B53,'DEKAT AIR'!$B$5:$I$1048576,8,0),"") | AN53: {=MAX(IF(KETINGGIAN!$B$5:$B$1048576='Data Training 2022'!B53,KETINGGIAN!$H$5:$H$1048576))} -> 0 | AO53: =IFERROR(VLOOKUP(B53,KETINGGIAN!$B$5:$I$1048576,8,0),"") | AT53: {=MAX(IF(TOOLSKEEPER!$B$5:$B$1048576='Data Training 2022'!B53,TOOLSKEEPER!$H$5:$H$1048576))} -> 0 | AU53: =IFERROR(VLOOKUP(B53,TOOLSKEEPER!$B$5:$I$1048576,8,0),"")
A54: =A53+1 -> 49 | B54: =TEXT(C54,"00000000") -> 80003274 | C54: 80003274 | E54: ALDIAS DESTIAN SETA PRADIKA | F54: PT. SAPTAINDRA SEJATI | G54: UNIT HEAD | H54: HRGA & FA | I54: MINING-HAULING-PORT | K54: S | L54: PENGAWAS | M54: TARGET | O54: =IFERROR(VLOOKUP(B54,POP!$B$5:$I$1048576,7,0),"") | P54: =IFERROR(VLOOKUP(B54,POM!$B$5:$I$1048576,7,0),"") | Q54: =IFERROR(VLOOKUP(B54,POU!$B$5:$I$1048576,7,0),"") | R54: =IF(AND(L54="PENGAWAS",M54="TARGET",N54=""),"TARGET","") -> TARGET | S54: =IFERROR(VLOOKUP(B54,'PEMBEKALAN POP'!$B$5:$I$1048576,7,0),"") -> 44581 | T54: =IFERROR(VLOOKUP(B54,'PEMBEKALAN POP'!$B$5:$I$1048576,8,0),"") -> LULUS | U54: TARGET | V54: {=MAX(IF(INDUKSI!$B$5:$B$1048576='Data Training 2022'!B54,INDUKSI!$H$5:$H$1048576))} -> #N/A | W54: =IFERROR(VLOOKUP(B54,INDUKSI!$B$5:$I$1048576,8,0),"") -> LULUS | X54: TARGET | Y54: {=MAX(IF(REINDUKSI!$B$5:$B$1048576='Data Training 2022'!B54,REINDUKSI!$H$5:$H$1048576))} -> 0 | Z54: =IFERROR(VLOOKUP(B54,REINDUKSI!$B$5:$I$1048576,8,0),"") | AA54: =IF(L54="OPERATOR","TARGET",IF(L54="MEKANIK","TARGET","")) | AB54: {=MAX(IF(BSA!$B$5:$B$1048576='Data Training 2022'!B54,BSA!$H$5:$H$1048576))} -> 0 | AC54: =IFERROR(VLOOKUP(B54,BSA!$B$5:$I$1048576,8,0),"") | AD54: TARGET | AG54: =IF(L54="MEKANIK","TARGET","") | AH54: {=MAX(IF(ISOLASI!$B$5:$B$1048576='Data Training 2022'!B54,ISOLASI!$H$5:$H$1048576))} -> 0 | AI54: =IFERROR(VLOOKUP(B54,ISOLASI!$B$5:$I$1048576,8,0),"") | AK54: {=MAX(IF('DEKAT AIR'!$B$5:$B$1048576='Data Training 2022'!B54,'DEKAT AIR'!$H$5:$H$1048576))} -> 0 | AL54: =IFERROR(VLOOKUP(B54,'DEKAT AIR'!$B$5:$I$1048576,8,0),"") | AN54: {=MAX(IF(KETINGGIAN!$B$5:$B$1048576='Data Training 2022'!B54,KETINGGIAN!$H$5:$H$1048576))} -> 0 | AO54: =IFERROR(VLOOKUP(B54,KETINGGIAN!$B$5:$I$1048576,8,0),"") | AT54: {=MAX(IF(TOOLSKEEPER!$B$5:$B$1048576='Data Training 2022'!B54,TOOLSKEEPER!$H$5:$H$1048576))} -> 0 | AU54: =IFERROR(VLOOKUP(B54,TOOLSKEEPER!$B$5:$I$1048576,8,0),"")
A55: =A54+1 -> 50 | B55: =TEXT(C55,"00000000") -> 80004763 | C55: 80004763 | E55: ZULHAM PERANGIN-ANGIN | F55: PT. SAPTAINDRA SEJATI | G55: UNIT HEAD | H55: HRGA & FA | I55: MINING-HAULING-PORT | K55: S | L55: PENGAWAS | M55: TARGET | N55: SUDAH | O55: =IFERROR(VLOOKUP(B55,POP!$B$5:$I$1048576,7,0),"") -> 42601 | P55: =IFERROR(VLOOKUP(B55,POM!$B$5:$I$1048576,7,0),"") | Q55: =IFERROR(VLOOKUP(B55,POU!$B$5:$I$1048576,7,0),"") | R55: =IF(AND(L55="PENGAWAS",M55="TARGET",N55=""),"TARGET","") | S55: =IFERROR(VLOOKUP(B55,'PEMBEKALAN POP'!$B$5:$I$1048576,7,0),"") | T55: =IFERROR(VLOOKUP(B55,'PEMBEKALAN POP'!$B$5:$I$1048576,8,0),"") | U55: TARGET | V55: {=MAX(IF(INDUKSI!$B$5:$B$1048576='Data Training 2022'!B55,INDUKSI!$H$5:$H$1048576))} -> #N/A | W55: =IFERROR(VLOOKUP(B55,INDUKSI!$B$5:$I$1048576,8,0),"") -> LULUS | X55: TARGET | Y55: {=MAX(IF(REINDUKSI!$B$5:$B$1048576='Data Training 2022'!B55,REINDUKSI!$H$5:$H$1048576))} -> 0 | Z55: =IFERROR(VLOOKUP(B55,REINDUKSI!$B$5:$I$1048576,8,0),"") | AA55: =IF(L55="OPERATOR","TARGET",IF(L55="MEKANIK","TARGET","")) | AB55: {=MAX(IF(BSA!$B$5:$B$1048576='Data Training 2022'!B55,BSA!$H$5:$H$1048576))} -> 0 | AC55: =IFERROR(VLOOKUP(B55,BSA!$B$5:$I$1048576,8,0),"") | AD55: TARGET | AG55: =IF(L55="MEKANIK","TARGET","") | AH55: {=MAX(IF(ISOLASI!$B$5:$B$1048576='Data Training 2022'!B55,ISOLASI!$H$5:$H$1048576))} -> 0 | AI55: =IFERROR(VLOOKUP(B55,ISOLASI!$B$5:$I$1048576,8,0),"") | AK55: {=MAX(IF('DEKAT AIR'!$B$5:$B$1048576='Data Training 2022'!B55,'DEKAT AIR'!$H$5:$H$1048576))} -> 0 | AL55: =IFERROR(VLOOKUP(B55,'DEKAT AIR'!$B$5:$I$1048576,8,0),"") | AN55: {=MAX(IF(KETINGGIAN!$B$5:$B$1048576='Data Training 2022'!B55,KETINGGIAN!$H$5:$H$1048576))} -> 0 | AO55: =IFERROR(VLOOKUP(B55,KETINGGIAN!$B$5:$I$1048576,8,0),"") | AT55: {=MAX(IF(TOOLSKEEPER!$B$5:$B$1048576='Data Training 2022'!B55,TOOLSKEEPER!$H$5:$H$1048576))} -> 0 | AU55: =IFERROR(VLOOKUP(B55,TOOLSKEEPER!$B$5:$I$1048576,8,0),"")
A56: =A55+1 -> 51 | B56: =TEXT(C56,"00000000") -> 00117359 | C56: 00117359 | E56: CHANIFATUL MUNASIFAH | F56: PT. SAPTAINDRA SEJATI | G56: GROUP LEADER | H56: HRGA & FA | I56: MINING-HAULING-PORT | K56: S | L56: PENGAWAS | M56: NON TARGET | O56: =IFERROR(VLOOKUP(B56,POP!$B$5:$I$1048576,7,0),"") | P56: =IFERROR(VLOOKUP(B56,POM!$B$5:$I$1048576,7,0),"") | Q56: =IFERROR(VLOOKUP(B56,POU!$B$5:$I$1048576,7,0),"") | R56: =IF(AND(L56="PENGAWAS",M56="TARGET",N56=""),"TARGET","") | S56: =IFERROR(VLOOKUP(B56,'PEMBEKALAN POP'!$B$5:$I$1048576,7,0),"") | T56: =IFERROR(VLOOKUP(B56,'PEMBEKALAN POP'!$B$5:$I$1048576,8,0),"") | U56: TARGET | V56: {=MAX(IF(INDUKSI!$B$5:$B$1048576='Data Training 2022'!B56,INDUKSI!$H$5:$H$1048576))} -> #N/A | W56: =IFERROR(VLOOKUP(B56,INDUKSI!$B$5:$I$1048576,8,0),"") -> LULUS | X56: TARGET | Y56: {=MAX(IF(REINDUKSI!$B$5:$B$1048576='Data Training 2022'!B56,REINDUKSI!$H$5:$H$1048576))} -> 0 | Z56: =IFERROR(VLOOKUP(B56,REINDUKSI!$B$5:$I$1048576,8,0),"") | AA56: =IF(L56="OPERATOR","TARGET",IF(L56="MEKANIK","TARGET","")) | AB56: {=MAX(IF(BSA!$B$5:$B$1048576='Data Training 2022'!B56,BSA!$H$5:$H$1048576))} -> 0 | AC56: =IFERROR(VLOOKUP(B56,BSA!$B$5:$I$1048576,8,0),"") | AD56: TARGET | AG56: =IF(L56="MEKANIK","TARGET","") | AH56: {=MAX(IF(ISOLASI!$B$5:$B$1048576='Data Training 2022'!B56,ISOLASI!$H$5:$H$1048576))} -> 0 | AI56: =IFERROR(VLOOKUP(B56,ISOLASI!$B$5:$I$1048576,8,0),"") | AK56: {=MAX(IF('DEKAT AIR'!$B$5:$B$1048576='Data Training 2022'!B56,'DEKAT AIR'!$H$5:$H$1048576))} -> 0 | AL56: =IFERROR(VLOOKUP(B56,'DEKAT AIR'!$B$5:$I$1048576,8,0),"") | AN56: {=MAX(IF(KETINGGIAN!$B$5:$B$1048576='Data Training 2022'!B56,KETINGGIAN!$H$5:$H$1048576))} -> 0 | AO56: =IFERROR(VLOOKUP(B56,KETINGGIAN!$B$5:$I$1048576,8,0),"") | AT56: {=MAX(IF(TOOLSKEEPER!$B$5:$B$1048576='Data Training 2022'!B56,TOOLSKEEPER!$H$5:$H$1048576))} -> 0 | AU56: =IFERROR(VLOOKUP(B56,TOOLSKEEPER!$B$5:$I$1048576,8,0),"")
A57: =A56+1 -> 52 | B57: =TEXT(C57,"00000000") -> 00113187 | C57: 00113187 | E57: SINGGIH PRAYOGO | F57: PT. SAPTAINDRA SEJATI | G57: GROUP LEADER | H57: HRGA & FA | I57: MINING-HAULING-PORT | K57: S | L57: PENGAWAS | M57: TARGET | N57: SUDAH | O57: =IFERROR(VLOOKUP(B57,POP!$B$5:$I$1048576,7,0),"") -> 42719 | P57: =IFERROR(VLOOKUP(B57,POM!$B$5:$I$1048576,7,0),"") | Q57: =IFERROR(VLOOKUP(B57,POU!$B$5:$I$1048576,7,0),"") | R57: =IF(AND(L57="PENGAWAS",M57="TARGET",N57=""),"TARGET","") | S57: =IFERROR(VLOOKUP(B57,'PEMBEKALAN POP'!$B$5:$I$1048576,7,0),"") | T57: =IFERROR(VLOOKUP(B57,'PEMBEKALAN POP'!$B$5:$I$1048576,8,0),"") | U57: TARGET | V57: {=MAX(IF(INDUKSI!$B$5:$B$1048576='Data Training 2022'!B57,INDUKSI!$H$5:$H$1048576))} -> #N/A | W57: =IFERROR(VLOOKUP(B57,INDUKSI!$B$5:$I$1048576,8,0),"") -> LULUS | X57: TARGET | Y57: {=MAX(IF(REINDUKSI!$B$5:$B$1048576='Data Training 2022'!B57,REINDUKSI!$H$5:$H$1048576))} -> 44663 | Z57: =IFERROR(VLOOKUP(B57,REINDUKSI!$B$5:$I$1048576,8,0),"") -> LULUS | AA57: =IF(L57="OPERATOR","TARGET",IF(L57="MEKANIK","TARGET","")) | AB57: {=MAX(IF(BSA!$B$5:$B$1048576='Data Training 2022'!B57,BSA!$H$5:$H$1048576))} -> 0 | AC57: =IFERROR(VLOOKUP(B57,BSA!$B$5:$I$1048576,8,0),"") | AD57: TARGET | AG57: =IF(L57="MEKANIK","TARGET","") | AH57: {=MAX(IF(ISOLASI!$B$5:$B$1048576='Data Training 2022'!B57,ISOLASI!$H$5:$H$1048576))} -> 44485 | AI57: =IFERROR(VLOOKUP(B57,ISOLASI!$B$5:$I$1048576,8,0),"") -> LULUS | AK57: {=MAX(IF('DEKAT AIR'!$B$5:$B$1048576='Data Training 2022'!B57,'DEKAT AIR'!$H$5:$H$1048576))} -> 0 | AL57: =IFERROR(VLOOKUP(B57,'DEKAT AIR'!$B$5:$I$1048576,8,0),"") | AN57: {=MAX(IF(KETINGGIAN!$B$5:$B$1048576='Data Training 2022'!B57,KETINGGIAN!$H$5:$H$1048576))} -> 0 | AO57: =IFERROR(VLOOKUP(B57,KETINGGIAN!$B$5:$I$1048576,8,0),"") | AT57: {=MAX(IF(TOOLSKEEPER!$B$5:$B$1048576='Data Training 2022'!B57,TOOLSKEEPER!$H$5:$H$1048576))} -> 0 | AU57: =IFERROR(VLOOKUP(B57,TOOLSKEEPER!$B$5:$I$1048576,8,0),"")
A58: =A57+1 -> 53 | B58: =TEXT(C58,"00000000") -> 00116074 | C58: 00116074 | E58: INDRA BAYU SAPUTRA | F58: PT. SAPTAINDRA SEJATI | G58: GROUP LEADER | H58: HRGA & FA | I58: MINING-HAULING-PORT | K58: S | L58: PENGAWAS | M58: TARGET | N58: SUDAH | O58: =IFERROR(VLOOKUP(B58,POP!$B$5:$I$1048576,7,0),"") -> 43523 | P58: =IFERROR(VLOOKUP(B58,POM!$B$5:$I$1048576,7,0),"") | Q58: =IFERROR(VLOOKUP(B58,POU!$B$5:$I$1048576,7,0),"") | R58: =IF(AND(L58="PENGAWAS",M58="TARGET",N58=""),"TARGET","") | S58: =IFERROR(VLOOKUP(B58,'PEMBEKALAN POP'!$B$5:$I$1048576,7,0),"") | T58: =IFERROR(VLOOKUP(B58,'PEMBEKALAN POP'!$B$5:$I$1048576,8,0),"") | U58: TARGET | V58: {=MAX(IF(INDUKSI!$B$5:$B$1048576='Data Training 2022'!B58,INDUKSI!$H$5:$H$1048576))} -> #N/A | W58: =IFERROR(VLOOKUP(B58,INDUKSI!$B$5:$I$1048576,8,0),"") -> LULUS | X58: TARGET | Y58: {=MAX(IF(REINDUKSI!$B$5:$B$1048576='Data Training 2022'!B58,REINDUKSI!$H$5:$H$1048576))} -> 0 | Z58: =IFERROR(VLOOKUP(B58,REINDUKSI!$B$5:$I$1048576,8,0),"") | AA58: =IF(L58="OPERATOR","TARGET",IF(L58="MEKANIK","TARGET","")) | AB58: {=MAX(IF(BSA!$B$5:$B$1048576='Data Training 2022'!B58,BSA!$H$5:$H$1048576))} -> 0 | AC58: =IFERROR(VLOOKUP(B58,BSA!$B$5:$I$1048576,8,0),"") | AD58: TARGET | AG58: =IF(L58="MEKANIK","TARGET","") | AH58: {=MAX(IF(ISOLASI!$B$5:$B$1048576='Data Training 2022'!B58,ISOLASI!$H$5:$H$1048576))} -> 0 | AI58: =IFERROR(VLOOKUP(B58,ISOLASI!$B$5:$I$1048576,8,0),"") | AK58: {=MAX(IF('DEKAT AIR'!$B$5:$B$1048576='Data Training 2022'!B58,'DEKAT AIR'!$H$5:$H$1048576))} -> 0 | AL58: =IFERROR(VLOOKUP(B58,'DEKAT AIR'!$B$5:$I$1048576,8,0),"") | AN58: {=MAX(IF(KETINGGIAN!$B$5:$B$1048576='Data Training 2022'!B58,KETINGGIAN!$H$5:$H$1048576))} -> 0 | AO58: =IFERROR(VLOOKUP(B58,KETINGGIAN!$B$5:$I$1048576,8,0),"") | AT58: {=MAX(IF(TOOLSKEEPER!$B$5:$B$1048576='Data Training 2022'!B58,TOOLSKEEPER!$H$5:$H$1048576))} -> 0 | AU58: =IFERROR(VLOOKUP(B58,TOOLSKEEPER!$B$5:$I$1048576,8,0),"")
A59: =A58+1 -> 54 | B59: =TEXT(C59,"00000000") -> 80002756 | C59: 80002756 | E59: DALIM HERMAWAN | F59: PT. SAPTAINDRA SEJATI | G59: GROUP LEADER | H59: HRGA & FA | I59: MINING-HAULING-PORT | K59: S | L59: PENGAWAS | M59: TARGET | O59: =IFERROR(VLOOKUP(B59,POP!$B$5:$I$1048576,7,0),"") | P59: =IFERROR(VLOOKUP(B59,POM!$B$5:$I$1048576,7,0),"") | Q59: =IFERROR(VLOOKUP(B59,POU!$B$5:$I$1048576,7,0),"") | R59: =IF(AND(L59="PENGAWAS",M59="TARGET",N59=""),"TARGET","") -> TARGET | S59: =IFERROR(VLOOKUP(B59,'PEMBEKALAN POP'!$B$5:$I$1048576,7,0),"") -> 44575 | T59: =IFERROR(VLOOKUP(B59,'PEMBEKALAN POP'!$B$5:$I$1048576,8,0),"") -> LULUS | U59: TARGET | V59: {=MAX(IF(INDUKSI!$B$5:$B$1048576='Data Training 2022'!B59,INDUKSI!$H$5:$H$1048576))} -> #N/A | W59: =IFERROR(VLOOKUP(B59,INDUKSI!$B$5:$I$1048576,8,0),"") -> LULUS | X59: TARGET | Y59: {=MAX(IF(REINDUKSI!$B$5:$B$1048576='Data Training 2022'!B59,REINDUKSI!$H$5:$H$1048576))} -> 0 | Z59: =IFERROR(VLOOKUP(B59,REINDUKSI!$B$5:$I$1048576,8,0),"") | AA59: =IF(L59="OPERATOR","TARGET",IF(L59="MEKANIK","TARGET","")) | AB59: {=MAX(IF(BSA!$B$5:$B$1048576='Data Training 2022'!B59,BSA!$H$5:$H$1048576))} -> 0 | AC59: =IFERROR(VLOOKUP(B59,BSA!$B$5:$I$1048576,8,0),"") | AD59: TARGET | AG59: =IF(L59="MEKANIK","TARGET","") | AH59: {=MAX(IF(ISOLASI!$B$5:$B$1048576='Data Training 2022'!B59,ISOLASI!$H$5:$H$1048576))} -> 0 | AI59: =IFERROR(VLOOKUP(B59,ISOLASI!$B$5:$I$1048576,8,0),"") | AK59: {=MAX(IF('DEKAT AIR'!$B$5:$B$1048576='Data Training 2022'!B59,'DEKAT AIR'!$H$5:$H$1048576))} -> 0 | AL59: =IFERROR(VLOOKUP(B59,'DEKAT AIR'!$B$5:$I$1048576,8,0),"") | AM59: TARGET | AN59: {=MAX(IF(KETINGGIAN!$B$5:$B$1048576='Data Training 2022'!B59,KETINGGIAN!$H$5:$H$1048576))} -> 44722 | AO59: =IFERROR(VLOOKUP(B59,KETINGGIAN!$B$5:$I$1048576,8,0),"") -> LULUS | AT59: {=MAX(IF(TOOLSKEEPER!$B$5:$B$1048576='Data Training 2022'!B59,TOOLSKEEPER!$H$5:$H$1048576))} -> 0 | AU59: =IFERROR(VLOOKUP(B59,TOOLSKEEPER!$B$5:$I$1048576,8,0),"")
A60: =A59+1 -> 55 | B60: =TEXT(C60,"00000000") -> 80003874 | C60: 80003874 | E60: DEDET TRISUZAN | F60: PT. SAPTAINDRA SEJATI | G60: GROUP LEADER | H60: HRGA & FA | I60: MINING-HAULING-PORT | K60: S | L60: PENGAWAS | M60: TARGET | O60: =IFERROR(VLOOKUP(B60,POP!$B$5:$I$1048576,7,0),"") | P60: =IFERROR(VLOOKUP(B60,POM!$B$5:$I$1048576,7,0),"") | Q60: =IFERROR(VLOOKUP(B60,POU!$B$5:$I$1048576,7,0),"") | R60: =IF(AND(L60="PENGAWAS",M60="TARGET",N60=""),"TARGET","") -> TARGET | S60: =IFERROR(VLOOKUP(B60,'PEMBEKALAN POP'!$B$5:$I$1048576,7,0),"") -> 44705 | T60: =IFERROR(VLOOKUP(B60,'PEMBEKALAN POP'!$B$5:$I$1048576,8,0),"") -> LULUS | U60: TARGET | V60: {=MAX(IF(INDUKSI!$B$5:$B$1048576='Data Training 2022'!B60,INDUKSI!$H$5:$H$1048576))} -> #N/A | W60: =IFERROR(VLOOKUP(B60,INDUKSI!$B$5:$I$1048576,8,0),"") -> LULUS | X60: TARGET | Y60: {=MAX(IF(REINDUKSI!$B$5:$B$1048576='Data Training 2022'!B60,REINDUKSI!$H$5:$H$1048576))} -> 44761 | Z60: =IFERROR(VLOOKUP(B60,REINDUKSI!$B$5:$I$1048576,8,0),"") -> LULUS | AA60: =IF(L60="OPERATOR","TARGET",IF(L60="MEKANIK","TARGET","")) | AB60: {=MAX(IF(BSA!$B$5:$B$1048576='Data Training 2022'!B60,BSA!$H$5:$H$1048576))} -> 0 | AC60: =IFERROR(VLOOKUP(B60,BSA!$B$5:$I$1048576,8,0),"") | AD60: TARGET | AG60: =IF(L60="MEKANIK","TARGET","") | AH60: {=MAX(IF(ISOLASI!$B$5:$B$1048576='Data Training 2022'!B60,ISOLASI!$H$5:$H$1048576))} -> 0 | AI60: =IFERROR(VLOOKUP(B60,ISOLASI!$B$5:$I$1048576,8,0),"") | AK60: {=MAX(IF('DEKAT AIR'!$B$5:$B$1048576='Data Training 2022'!B60,'DEKAT AIR'!$H$5:$H$1048576))} -> 0 | AL60: =IFERROR(VLOOKUP(B60,'DEKAT AIR'!$B$5:$I$1048576,8,0),"") | AN60: {=MAX(IF(KETINGGIAN!$B$5:$B$1048576='Data Training 2022'!B60,KETINGGIAN!$H$5:$H$1048576))} -> 0 | AO60: =IFERROR(VLOOKUP(B60,KETINGGIAN!$B$5:$I$1048576,8,0),"") | AT60: {=MAX(IF(TOOLSKEEPER!$B$5:$B$1048576='Data Training 2022'!B60,TOOLSKEEPER!$H$5:$H$1048576))} -> 0 | AU60: =IFERROR(VLOOKUP(B60,TOOLSKEEPER!$B$5:$I$1048576,8,0),"")
A61: =A60+1 -> 56 | B61: =TEXT(C61,"00000000") -> 80004148 | C61: 80004148 | E61: MUHAMMAD FADLY WICAKSONO | F61: PT. SAPTAINDRA SEJATI | G61: GROUP LEADER | H61: HRGA & FA | I61: MINING-HAULING-PORT | K61: S | L61: PENGAWAS | M61: TARGET | O61: =IFERROR(VLOOKUP(B61,POP!$B$5:$I$1048576,7,0),"") | P61: =IFERROR(VLOOKUP(B61,POM!$B$5:$I$1048576,7,0),"") | Q61: =IFERROR(VLOOKUP(B61,POU!$B$5:$I$1048576,7,0),"") | R61: =IF(AND(L61="PENGAWAS",M61="TARGET",N61=""),"TARGET","") -> TARGET | S61: =IFERROR(VLOOKUP(B61,'PEMBEKALAN POP'!$B$5:$I$1048576,7,0),"") -> 44766 | T61: =IFERROR(VLOOKUP(B61,'PEMBEKALAN POP'!$B$5:$I$1048576,8,0),"") -> LULUS | U61: TARGET | V61: {=MAX(IF(INDUKSI!$B$5:$B$1048576='Data Training 2022'!B61,INDUKSI!$H$5:$H$1048576))} -> #N/A | W61: =IFERROR(VLOOKUP(B61,INDUKSI!$B$5:$I$1048576,8,0),"") -> LULUS | X61: TARGET | Y61: {=MAX(IF(REINDUKSI!$B$5:$B$1048576='Data Training 2022'!B61,REINDUKSI!$H$5:$H$1048576))} -> 0 | Z61: =IFERROR(VLOOKUP(B61,REINDUKSI!$B$5:$I$1048576,8,0),"") | AA61: =IF(L61="OPERATOR","TARGET",IF(L61="MEKANIK","TARGET","")) | AB61: {=MAX(IF(BSA!$B$5:$B$1048576='Data Training 2022'!B61,BSA!$H$5:$H$1048576))} -> 0 | AC61: =IFERROR(VLOOKUP(B61,BSA!$B$5:$I$1048576,8,0),"") | AD61: TARGET | AG61: =IF(L61="MEKANIK","TARGET","") | AH61: {=MAX(IF(ISOLASI!$B$5:$B$1048576='Data Training 2022'!B61,ISOLASI!$H$5:$H$1048576))} -> 0 | AI61: =IFERROR(VLOOKUP(B61,ISOLASI!$B$5:$I$1048576,8,0),"") | AK61: {=MAX(IF('DEKAT AIR'!$B$5:$B$1048576='Data Training 2022'!B61,'DEKAT AIR'!$H$5:$H$1048576))} -> 0 | AL61: =IFERROR(VLOOKUP(B61,'DEKAT AIR'!$B$5:$I$1048576,8,0),"") | AM61: TARGET | AN61: {=MAX(IF(KETINGGIAN!$B$5:$B$1048576='Data Training 2022'!B61,KETINGGIAN!$H$5:$H$1048576))} -> 44722 | AO61: =IFERROR(VLOOKUP(B61,KETINGGIAN!$B$5:$I$1048576,8,0),"") -> LULUS | AT61: {=MAX(IF(TOOLSKEEPER!$B$5:$B$1048576='Data Training 2022'!B61,TOOLSKEEPER!$H$5:$H$1048576))} -> 0 | AU61: =IFERROR(VLOOKUP(B61,TOOLSKEEPER!$B$5:$I$1048576,8,0),"")
A62: =A61+1 -> 57 | B62: =TEXT(C62,"00000000") -> 01220019 | C62: 01220019 | E62: PAULUS | F62: PT. SAPTAINDRA SEJATI | G62: GROUP LEADER | H62: HRGA & FA | I62: MINING-HAULING-PORT | K62: S | L62: PENGAWAS | M62: NON TARGET | O62: =IFERROR(VLOOKUP(B62,POP!$B$5:$I$1048576,7,0),"") | P62: =IFERROR(VLOOKUP(B62,POM!$B$5:$I$1048576,7,0),"") | Q62: =IFERROR(VLOOKUP(B62,POU!$B$5:$I$1048576,7,0),"") | R62: =IF(AND(L62="PENGAWAS",M62="TARGET",N62=""),"TARGET","") | S62: =IFERROR(VLOOKUP(B62,'PEMBEKALAN POP'!$B$5:$I$1048576,7,0),"") | T62: =IFERROR(VLOOKUP(B62,'PEMBEKALAN POP'!$B$5:$I$1048576,8,0),"") | U62: TARGET | V62: {=MAX(IF(INDUKSI!$B$5:$B$1048576='Data Training 2022'!B62,INDUKSI!$H$5:$H$1048576))} -> #N/A | W62: =IFERROR(VLOOKUP(B62,INDUKSI!$B$5:$I$1048576,8,0),"") -> LULUS | X62: TARGET | Y62: {=MAX(IF(REINDUKSI!$B$5:$B$1048576='Data Training 2022'!B62,REINDUKSI!$H$5:$H$1048576))} -> 0 | Z62: =IFERROR(VLOOKUP(B62,REINDUKSI!$B$5:$I$1048576,8,0),"") | AA62: =IF(L62="OPERATOR","TARGET",IF(L62="MEKANIK","TARGET","")) | AB62: {=MAX(IF(BSA!$B$5:$B$1048576='Data Training 2022'!B62,BSA!$H$5:$H$1048576))} -> 0 | AC62: =IFERROR(VLOOKUP(B62,BSA!$B$5:$I$1048576,8,0),"") | AD62: TARGET | AG62: =IF(L62="MEKANIK","TARGET","") | AH62: {=MAX(IF(ISOLASI!$B$5:$B$1048576='Data Training 2022'!B62,ISOLASI!$H$5:$H$1048576))} -> 0 | AI62: =IFERROR(VLOOKUP(B62,ISOLASI!$B$5:$I$1048576,8,0),"") | AK62: {=MAX(IF('DEKAT AIR'!$B$5:$B$1048576='Data Training 2022'!B62,'DEKAT AIR'!$H$5:$H$1048576))} -> 0 | AL62: =IFERROR(VLOOKUP(B62,'DEKAT AIR'!$B$5:$I$1048576,8,0),"") | AN62: {=MAX(IF(KETINGGIAN!$B$5:$B$1048576='Data Training 2022'!B62,KETINGGIAN!$H$5:$H$1048576))} -> 0 | AO62: =IFERROR(VLOOKUP(B62,KETINGGIAN!$B$5:$I$1048576,8,0),"") | AT62: {=MAX(IF(TOOLSKEEPER!$B$5:$B$1048576='Data Training 2022'!B62,TOOLSKEEPER!$H$5:$H$1048576))} -> 0 | AU62: =IFERROR(VLOOKUP(B62,TOOLSKEEPER!$B$5:$I$1048576,8,0),"")
A63: =A62+1 -> 58 | B63: =TEXT(C63,"00000000") -> 00119060 | C63: 00119060 | E63: YADI SURYADI | F63: PT. SAPTAINDRA SEJATI | G63: GROUP LEADER | H63: HRGA & FA | I63: MINING-HAULING-PORT | K63: S | L63: PENGAWAS | M63: NON TARGET | O63: =IFERROR(VLOOKUP(B63,POP!$B$5:$I$1048576,7,0),"") | P63: =IFERROR(VLOOKUP(B63,POM!$B$5:$I$1048576,7,0),"") | Q63: =IFERROR(VLOOKUP(B63,POU!$B$5:$I$1048576,7,0),"") | R63: =IF(AND(L63="PENGAWAS",M63="TARGET",N63=""),"TARGET","") | S63: =IFERROR(VLOOKUP(B63,'PEMBEKALAN POP'!$B$5:$I$1048576,7,0),"") | T63: =IFERROR(VLOOKUP(B63,'PEMBEKALAN POP'!$B$5:$I$1048576,8,0),"") | U63: TARGET | V63: {=MAX(IF(INDUKSI!$B$5:$B$1048576='Data Training 2022'!B63,INDUKSI!$H$5:$H$1048576))} -> #N/A | W63: =IFERROR(VLOOKUP(B63,INDUKSI!$B$5:$I$1048576,8,0),"") -> LULUS | X63: TARGET | Y63: {=MAX(IF(REINDUKSI!$B$5:$B$1048576='Data Training 2022'!B63,REINDUKSI!$H$5:$H$1048576))} -> 0 | Z63: =IFERROR(VLOOKUP(B63,REINDUKSI!$B$5:$I$1048576,8,0),"") | AA63: =IF(L63="OPERATOR","TARGET",IF(L63="MEKANIK","TARGET","")) | AB63: {=MAX(IF(BSA!$B$5:$B$1048576='Data Training 2022'!B63,BSA!$H$5:$H$1048576))} -> 0 | AC63: =IFERROR(VLOOKUP(B63,BSA!$B$5:$I$1048576,8,0),"") | AD63: TARGET | AG63: =IF(L63="MEKANIK","TARGET","") | AH63: {=MAX(IF(ISOLASI!$B$5:$B$1048576='Data Training 2022'!B63,ISOLASI!$H$5:$H$1048576))} -> 0 | AI63: =IFERROR(VLOOKUP(B63,ISOLASI!$B$5:$I$1048576,8,0),"") | AK63: {=MAX(IF('DEKAT AIR'!$B$5:$B$1048576='Data Training 2022'!B63,'DEKAT AIR'!$H$5:$H$1048576))} -> 0 | AL63: =IFERROR(VLOOKUP(B63,'DEKAT AIR'!$B$5:$I$1048576,8,0),"") | AN63: {=MAX(IF(KETINGGIAN!$B$5:$B$1048576='Data Training 2022'!B63,KETINGGIAN!$H$5:$H$1048576))} -> 0 | AO63: =IFERROR(VLOOKUP(B63,KETINGGIAN!$B$5:$I$1048576,8,0),"") | AT63: {=MAX(IF(TOOLSKEEPER!$B$5:$B$1048576='Data Training 2022'!B63,TOOLSKEEPER!$H$5:$H$1048576))} -> 0 | AU63: =IFERROR(VLOOKUP(B63,TOOLSKEEPER!$B$5:$I$1048576,8,0),"")
A64: =A63+1 -> 59 | B64: =TEXT(C64,"00000000") -> 80002105 | C64: 80002105 | E64: RIYADI PUJO UTOMO | F64: PT. SAPTAINDRA SEJATI | G64: GROUP LEADER | H64: HRGA & FA | I64: MINING-HAULING-PORT | K64: S | L64: PENGAWAS | M64: NON TARGET | O64: =IFERROR(VLOOKUP(B64,POP!$B$5:$I$1048576,7,0),"") | P64: =IFERROR(VLOOKUP(B64,POM!$B$5:$I$1048576,7,0),"") | Q64: =IFERROR(VLOOKUP(B64,POU!$B$5:$I$1048576,7,0),"") | R64: =IF(AND(L64="PENGAWAS",M64="TARGET",N64=""),"TARGET","") | S64: =IFERROR(VLOOKUP(B64,'PEMBEKALAN POP'!$B$5:$I$1048576,7,0),"") | T64: =IFERROR(VLOOKUP(B64,'PEMBEKALAN POP'!$B$5:$I$1048576,8,0),"") | U64: TARGET | V64: {=MAX(IF(INDUKSI!$B$5:$B$1048576='Data Training 2022'!B64,INDUKSI!$H$5:$H$1048576))} -> #N/A | W64: =IFERROR(VLOOKUP(B64,INDUKSI!$B$5:$I$1048576,8,0),"") -> LULUS | X64: TARGET | Y64: {=MAX(IF(REINDUKSI!$B$5:$B$1048576='Data Training 2022'!B64,REINDUKSI!$H$5:$H$1048576))} -> 44698 | Z64: =IFERROR(VLOOKUP(B64,REINDUKSI!$B$5:$I$1048576,8,0),"") -> LULUS | AA64: =IF(L64="OPERATOR","TARGET",IF(L64="MEKANIK","TARGET","")) | AB64: {=MAX(IF(BSA!$B$5:$B$1048576='Data Training 2022'!B64,BSA!$H$5:$H$1048576))} -> 0 | AC64: =IFERROR(VLOOKUP(B64,BSA!$B$5:$I$1048576,8,0),"") | AD64: TARGET | AG64: =IF(L64="MEKANIK","TARGET","") | AH64: {=MAX(IF(ISOLASI!$B$5:$B$1048576='Data Training 2022'!B64,ISOLASI!$H$5:$H$1048576))} -> 0 | AI64: =IFERROR(VLOOKUP(B64,ISOLASI!$B$5:$I$1048576,8,0),"") | AK64: {=MAX(IF('DEKAT AIR'!$B$5:$B$1048576='Data Training 2022'!B64,'DEKAT AIR'!$H$5:$H$1048576))} -> 0 | AL64: =IFERROR(VLOOKUP(B64,'DEKAT AIR'!$B$5:$I$1048576,8,0),"") | AN64: {=MAX(IF(KETINGGIAN!$B$5:$B$1048576='Data Training 2022'!B64,KETINGGIAN!$H$5:$H$1048576))} -> 0 | AO64: =IFERROR(VLOOKUP(B64,KETINGGIAN!$B$5:$I$1048576,8,0),"") | AT64: {=MAX(IF(TOOLSKEEPER!$B$5:$B$1048576='Data Training 2022'!B64,TOOLSKEEPER!$H$5:$H$1048576))} -> 0 | AU64: =IFERROR(VLOOKUP(B64,TOOLSKEEPER!$B$5:$I$1048576,8,0),"")
A65: =A64+1 -> 60 | B65: =TEXT(C65,"00000000") -> 80003880 | C65: 80003880 | E65: MOSES ASI OKTAVIANUS | F65: PT. SAPTAINDRA SEJATI | G65: GROUP LEADER | H65: HRGA & FA | I65: MINING-HAULING-PORT | K65: S | L65: PENGAWAS | M65: TARGET | O65: =IFERROR(VLOOKUP(B65,POP!$B$5:$I$1048576,7,0),"") | P65: =IFERROR(VLOOKUP(B65,POM!$B$5:$I$1048576,7,0),"") | Q65: =IFERROR(VLOOKUP(B65,POU!$B$5:$I$1048576,7,0),"") | R65: =IF(AND(L65="PENGAWAS",M65="TARGET",N65=""),"TARGET","") -> TARGET | S65: =IFERROR(VLOOKUP(B65,'PEMBEKALAN POP'!$B$5:$I$1048576,7,0),"") | T65: =IFERROR(VLOOKUP(B65,'PEMBEKALAN POP'!$B$5:$I$1048576,8,0),"") | U65: TARGET | V65: {=MAX(IF(INDUKSI!$B$5:$B$1048576='Data Training 2022'!B65,INDUKSI!$H$5:$H$1048576))} -> #N/A | W65: =IFERROR(VLOOKUP(B65,INDUKSI!$B$5:$I$1048576,8,0),"") -> LULUS | X65: TARGET | Y65: {=MAX(IF(REINDUKSI!$B$5:$B$1048576='Data Training 2022'!B65,REINDUKSI!$H$5:$H$1048576))} -> 44573 | Z65: =IFERROR(VLOOKUP(B65,REINDUKSI!$B$5:$I$1048576,8,0),"") -> LULUS | AA65: =IF(L65="OPERATOR","TARGET",IF(L65="MEKANIK","TARGET","")) | AB65: {=MAX(IF(BSA!$B$5:$B$1048576='Data Training 2022'!B65,BSA!$H$5:$H$1048576))} -> 0 | AC65: =IFERROR(VLOOKUP(B65,BSA!$B$5:$I$1048576,8,0),"") | AD65: TARGET | AG65: =IF(L65="MEKANIK","TARGET","") | AH65: {=MAX(IF(ISOLASI!$B$5:$B$1048576='Data Training 2022'!B65,ISOLASI!$H$5:$H$1048576))} -> 0 | AI65: =IFERROR(VLOOKUP(B65,ISOLASI!$B$5:$I$1048576,8,0),"") | AK65: {=MAX(IF('DEKAT AIR'!$B$5:$B$1048576='Data Training 2022'!B65,'DEKAT AIR'!$H$5:$H$1048576))} -> 0 | AL65: =IFERROR(VLOOKUP(B65,'DEKAT AIR'!$B$5:$I$1048576,8,0),"") | AN65: {=MAX(IF(KETINGGIAN!$B$5:$B$1048576='Data Training 2022'!B65,KETINGGIAN!$H$5:$H$1048576))} -> 0 | AO65: =IFERROR(VLOOKUP(B65,KETINGGIAN!$B$5:$I$1048576,8,0),"") | AT65: {=MAX(IF(TOOLSKEEPER!$B$5:$B$1048576='Data Training 2022'!B65,TOOLSKEEPER!$H$5:$H$1048576))} -> 0 | AU65: =IFERROR(VLOOKUP(B65,TOOLSKEEPER!$B$5:$I$1048576,8,0),"")
A66: =A65+1 -> 61 | B66: =TEXT(C66,"00000000") -> 80001799 | C66: 80001799 | E66: SUPRIYADI | F66: PT. SAPTAINDRA SEJATI | G66: GROUP LEADER | H66: HRGA & FA | I66: MINING-HAULING-PORT | K66: S | L66: PENGAWAS | M66: TARGET | N66: SUDAH | O66: =IFERROR(VLOOKUP(B66,POP!$B$5:$I$1048576,7,0),"") -> 42034 | P66: =IFERROR(VLOOKUP(B66,POM!$B$5:$I$1048576,7,0),"") | Q66: =IFERROR(VLOOKUP(B66,POU!$B$5:$I$1048576,7,0),"") | R66: =IF(AND(L66="PENGAWAS",M66="TARGET",N66=""),"TARGET","") | S66: =IFERROR(VLOOKUP(B66,'PEMBEKALAN POP'!$B$5:$I$1048576,7,0),"") | T66: =IFERROR(VLOOKUP(B66,'PEMBEKALAN POP'!$B$5:$I$1048576,8,0),"") | U66: TARGET | V66: {=MAX(IF(INDUKSI!$B$5:$B$1048576='Data Training 2022'!B66,INDUKSI!$H$5:$H$1048576))} -> #N/A | W66: =IFERROR(VLOOKUP(B66,INDUKSI!$B$5:$I$1048576,8,0),"") -> LULUS | X66: TARGET | Y66: {=MAX(IF(REINDUKSI!$B$5:$B$1048576='Data Training 2022'!B66,REINDUKSI!$H$5:$H$1048576))} -> 44529 | Z66: =IFERROR(VLOOKUP(B66,REINDUKSI!$B$5:$I$1048576,8,0),"") -> LULUS | AA66: =IF(L66="OPERATOR","TARGET",IF(L66="MEKANIK","TARGET","")) | AB66: {=MAX(IF(BSA!$B$5:$B$1048576='Data Training 2022'!B66,BSA!$H$5:$H$1048576))} -> 0 | AC66: =IFERROR(VLOOKUP(B66,BSA!$B$5:$I$1048576,8,0),"") | AD66: TARGET | AG66: =IF(L66="MEKANIK","TARGET","") | AH66: {=MAX(IF(ISOLASI!$B$5:$B$1048576='Data Training 2022'!B66,ISOLASI!$H$5:$H$1048576))} -> 0 | AI66: =IFERROR(VLOOKUP(B66,ISOLASI!$B$5:$I$1048576,8,0),"") | AK66: {=MAX(IF('DEKAT AIR'!$B$5:$B$1048576='Data Training 2022'!B66,'DEKAT AIR'!$H$5:$H$1048576))} -> 0 | AL66: =IFERROR(VLOOKUP(B66,'DEKAT AIR'!$B$5:$I$1048576,8,0),"") | AN66: {=MAX(IF(KETINGGIAN!$B$5:$B$1048576='Data Training 2022'!B66,KETINGGIAN!$H$5:$H$1048576))} -> 0 | AO66: =IFERROR(VLOOKUP(B66,KETINGGIAN!$B$5:$I$1048576,8,0),"") | AT66: {=MAX(IF(TOOLSKEEPER!$B$5:$B$1048576='Data Training 2022'!B66,TOOLSKEEPER!$H$5:$H$1048576))} -> 0 | AU66: =IFERROR(VLOOKUP(B66,TOOLSKEEPER!$B$5:$I$1048576,8,0),"")
A67: =A66+1 -> 62 | B67: =TEXT(C67,"00000000") -> 00706955 | C67: 00706955 | E67: SLAMET WAHYUDI | F67: PT. SAPTAINDRA SEJATI | G67: GROUP LEADER | H67: HRGA & FA | I67: MINING-HAULING-PORT | K67: S | L67: PENGAWAS | M67: TARGET | N67: SUDAH | O67: =IFERROR(VLOOKUP(B67,POP!$B$5:$I$1048576,7,0),"") -> 42013 | P67: =IFERROR(VLOOKUP(B67,POM!$B$5:$I$1048576,7,0),"") | Q67: =IFERROR(VLOOKUP(B67,POU!$B$5:$I$1048576,7,0),"") | R67: =IF(AND(L67="PENGAWAS",M67="TARGET",N67=""),"TARGET","") | S67: =IFERROR(VLOOKUP(B67,'PEMBEKALAN POP'!$B$5:$I$1048576,7,0),"") | T67: =IFERROR(VLOOKUP(B67,'PEMBEKALAN POP'!$B$5:$I$1048576,8,0),"") | U67: TARGET | V67: {=MAX(IF(INDUKSI!$B$5:$B$1048576='Data Training 2022'!B67,INDUKSI!$H$5:$H$1048576))} -> #N/A | W67: =IFERROR(VLOOKUP(B67,INDUKSI!$B$5:$I$1048576,8,0),"") -> LULUS | X67: TARGET | Y67: {=MAX(IF(REINDUKSI!$B$5:$B$1048576='Data Training 2022'!B67,REINDUKSI!$H$5:$H$1048576))} -> 0 | Z67: =IFERROR(VLOOKUP(B67,REINDUKSI!$B$5:$I$1048576,8,0),"") | AA67: =IF(L67="OPERATOR","TARGET",IF(L67="MEKANIK","TARGET","")) | AB67: {=MAX(IF(BSA!$B$5:$B$1048576='Data Training 2022'!B67,BSA!$H$5:$H$1048576))} -> 0 | AC67: =IFERROR(VLOOKUP(B67,BSA!$B$5:$I$1048576,8,0),"") | AD67: TARGET | AG67: =IF(L67="MEKANIK","TARGET","") | AH67: {=MAX(IF(ISOLASI!$B$5:$B$1048576='Data Training 2022'!B67,ISOLASI!$H$5:$H$1048576))} -> 0 | AI67: =IFERROR(VLOOKUP(B67,ISOLASI!$B$5:$I$1048576,8,0),"") | AK67: {=MAX(IF('DEKAT AIR'!$B$5:$B$1048576='Data Training 2022'!B67,'DEKAT AIR'!$H$5:$H$1048576))} -> 0 | AL67: =IFERROR(VLOOKUP(B67,'DEKAT AIR'!$B$5:$I$1048576,8,0),"") | AN67: {=MAX(IF(KETINGGIAN!$B$5:$B$1048576='Data Training 2022'!B67,KETINGGIAN!$H$5:$H$1048576))} -> 0 | AO67: =IFERROR(VLOOKUP(B67,KETINGGIAN!$B$5:$I$1048576,8,0),"") | AT67: {=MAX(IF(TOOLSKEEPER!$B$5:$B$1048576='Data Training 2022'!B67,TOOLSKEEPER!$H$5:$H$1048576))} -> 0 | AU67: =IFERROR(VLOOKUP(B67,TOOLSKEEPER!$B$5:$I$1048576,8,0),"")
A68: =A67+1 -> 63 | B68: =TEXT(C68,"00000000") -> 80003909 | C68: 80003909 | E68: WAHYU SUNARKO | F68: PT. SAPTAINDRA SEJATI | G68: GROUP LEADER | H68: HRGA & FA | I68: MINING-HAULING-PORT | K68: S | L68: PENGAWAS | M68: TARGET | N68: SUDAH | O68: =IFERROR(VLOOKUP(B68,POP!$B$5:$I$1048576,7,0),"") -> 42615 | P68: =IFERROR(VLOOKUP(B68,POM!$B$5:$I$1048576,7,0),"") | Q68: =IFERROR(VLOOKUP(B68,POU!$B$5:$I$1048576,7,0),"") | R68: =IF(AND(L68="PENGAWAS",M68="TARGET",N68=""),"TARGET","") | S68: =IFERROR(VLOOKUP(B68,'PEMBEKALAN POP'!$B$5:$I$1048576,7,0),"") | T68: =IFERROR(VLOOKUP(B68,'PEMBEKALAN POP'!$B$5:$I$1048576,8,0),"") | U68: TARGET | V68: {=MAX(IF(INDUKSI!$B$5:$B$1048576='Data Training 2022'!B68,INDUKSI!$H$5:$H$1048576))} -> #N/A | W68: =IFERROR(VLOOKUP(B68,INDUKSI!$B$5:$I$1048576,8,0),"") -> LULUS | X68: TARGET | Y68: {=MAX(IF(REINDUKSI!$B$5:$B$1048576='Data Training 2022'!B68,REINDUKSI!$H$5:$H$1048576))} -> 44768 | Z68: =IFERROR(VLOOKUP(B68,REINDUKSI!$B$5:$I$1048576,8,0),"") -> LULUS | AA68: =IF(L68="OPERATOR","TARGET",IF(L68="MEKANIK","TARGET","")) | AB68: {=MAX(IF(BSA!$B$5:$B$1048576='Data Training 2022'!B68,BSA!$H$5:$H$1048576))} -> 0 | AC68: =IFERROR(VLOOKUP(B68,BSA!$B$5:$I$1048576,8,0),"") | AD68: TARGET | AG68: =IF(L68="MEKANIK","TARGET","") | AH68: {=MAX(IF(ISOLASI!$B$5:$B$1048576='Data Training 2022'!B68,ISOLASI!$H$5:$H$1048576))} -> 0 | AI68: =IFERROR(VLOOKUP(B68,ISOLASI!$B$5:$I$1048576,8,0),"") | AK68: {=MAX(IF('DEKAT AIR'!$B$5:$B$1048576='Data Training 2022'!B68,'DEKAT AIR'!$H$5:$H$1048576))} -> 0 | AL68: =IFERROR(VLOOKUP(B68,'DEKAT AIR'!$B$5:$I$1048576,8,0),"") | AN68: {=MAX(IF(KETINGGIAN!$B$5:$B$1048576='Data Training 2022'!B68,KETINGGIAN!$H$5:$H$1048576))} -> 0 | AO68: =IFERROR(VLOOKUP(B68,KETINGGIAN!$B$5:$I$1048576,8,0),"") | AT68: {=MAX(IF(TOOLSKEEPER!$B$5:$B$1048576='Data Training 2022'!B68,TOOLSKEEPER!$H$5:$H$1048576))} -> 0 | AU68: =IFERROR(VLOOKUP(B68,TOOLSKEEPER!$B$5:$I$1048576,8,0),"")
A69: =A68+1 -> 64 | B69: =TEXT(C69,"00000000") -> 80002315 | C69: 80002315 | E69: TAFSAL | F69: PT. SAPTAINDRA SEJATI | G69: GROUP LEADER | H69: HRGA & FA | I69: MINING-HAULING-PORT | K69: S | L69: PENGAWAS | M69: TARGET | O69: =IFERROR(VLOOKUP(B69,POP!$B$5:$I$1048576,7,0),"") | P69: =IFERROR(VLOOKUP(B69,POM!$B$5:$I$1048576,7,0),"") | Q69: =IFERROR(VLOOKUP(B69,POU!$B$5:$I$1048576,7,0),"") | R69: =IF(AND(L69="PENGAWAS",M69="TARGET",N69=""),"TARGET","") -> TARGET | S69: =IFERROR(VLOOKUP(B69,'PEMBEKALAN POP'!$B$5:$I$1048576,7,0),"") -> 44557 | T69: =IFERROR(VLOOKUP(B69,'PEMBEKALAN POP'!$B$5:$I$1048576,8,0),"") -> LULUS | U69: TARGET | V69: {=MAX(IF(INDUKSI!$B$5:$B$1048576='Data Training 2022'!B69,INDUKSI!$H$5:$H$1048576))} -> #N/A | W69: =IFERROR(VLOOKUP(B69,INDUKSI!$B$5:$I$1048576,8,0),"") -> LULUS | X69: TARGET | Y69: {=MAX(IF(REINDUKSI!$B$5:$B$1048576='Data Training 2022'!B69,REINDUKSI!$H$5:$H$1048576))} -> 0 | Z69: =IFERROR(VLOOKUP(B69,REINDUKSI!$B$5:$I$1048576,8,0),"") | AA69: =IF(L69="OPERATOR","TARGET",IF(L69="MEKANIK","TARGET","")) | AB69: {=MAX(IF(BSA!$B$5:$B$1048576='Data Training 2022'!B69,BSA!$H$5:$H$1048576))} -> 0 | AC69: =IFERROR(VLOOKUP(B69,BSA!$B$5:$I$1048576,8,0),"") | AD69: TARGET | AG69: =IF(L69="MEKANIK","TARGET","") | AH69: {=MAX(IF(ISOLASI!$B$5:$B$1048576='Data Training 2022'!B69,ISOLASI!$H$5:$H$1048576))} -> 0 | AI69: =IFERROR(VLOOKUP(B69,ISOLASI!$B$5:$I$1048576,8,0),"") | AK69: {=MAX(IF('DEKAT AIR'!$B$5:$B$1048576='Data Training 2022'!B69,'DEKAT AIR'!$H$5:$H$1048576))} -> 0 | AL69: =IFERROR(VLOOKUP(B69,'DEKAT AIR'!$B$5:$I$1048576,8,0),"") | AN69: {=MAX(IF(KETINGGIAN!$B$5:$B$1048576='Data Training 2022'!B69,KETINGGIAN!$H$5:$H$1048576))} -> 0 | AO69: =IFERROR(VLOOKUP(B69,KETINGGIAN!$B$5:$I$1048576,8,0),"") | AT69: {=MAX(IF(TOOLSKEEPER!$B$5:$B$1048576='Data Training 2022'!B69,TOOLSKEEPER!$H$5:$H$1048576))} -> 0 | AU69: =IFERROR(VLOOKUP(B69,TOOLSKEEPER!$B$5:$I$1048576,8,0),"")
A70: =A69+1 -> 65 | B70: =TEXT(C70,"00000000") -> 80004661 | C70: 80004661 | E70: ENAN GUNAWAN | F70: PT. SAPTAINDRA SEJATI | G70: GROUP LEADER | H70: HRGA & FA | I70: MINING-HAULING-PORT | K70: S | L70: PENGAWAS | M70: TARGET | N70: SUDAH | O70: =IFERROR(VLOOKUP(B70,POP!$B$5:$I$1048576,7,0),"") -> 42354 | P70: =IFERROR(VLOOKUP(B70,POM!$B$5:$I$1048576,7,0),"") | Q70: =IFERROR(VLOOKUP(B70,POU!$B$5:$I$1048576,7,0),"") | R70: =IF(AND(L70="PENGAWAS",M70="TARGET",N70=""),"TARGET","") | S70: =IFERROR(VLOOKUP(B70,'PEMBEKALAN POP'!$B$5:$I$1048576,7,0),"") | T70: =IFERROR(VLOOKUP(B70,'PEMBEKALAN POP'!$B$5:$I$1048576,8,0),"") | U70: TARGET | V70: {=MAX(IF(INDUKSI!$B$5:$B$1048576='Data Training 2022'!B70,INDUKSI!$H$5:$H$1048576))} -> #N/A | W70: =IFERROR(VLOOKUP(B70,INDUKSI!$B$5:$I$1048576,8,0),"") -> LULUS | X70: TARGET | Y70: {=MAX(IF(REINDUKSI!$B$5:$B$1048576='Data Training 2022'!B70,REINDUKSI!$H$5:$H$1048576))} -> 0 | Z70: =IFERROR(VLOOKUP(B70,REINDUKSI!$B$5:$I$1048576,8,0),"") | AA70: =IF(L70="OPERATOR","TARGET",IF(L70="MEKANIK","TARGET","")) | AB70: {=MAX(IF(BSA!$B$5:$B$1048576='Data Training 2022'!B70,BSA!$H$5:$H$1048576))} -> 0 | AC70: =IFERROR(VLOOKUP(B70,BSA!$B$5:$I$1048576,8,0),"") | AD70: TARGET | AG70: =IF(L70="MEKANIK","TARGET","") | AH70: {=MAX(IF(ISOLASI!$B$5:$B$1048576='Data Training 2022'!B70,ISOLASI!$H$5:$H$1048576))} -> 0 | AI70: =IFERROR(VLOOKUP(B70,ISOLASI!$B$5:$I$1048576,8,0),"") | AK70: {=MAX(IF('DEKAT AIR'!$B$5:$B$1048576='Data Training 2022'!B70,'DEKAT AIR'!$H$5:$H$1048576))} -> 0 | AL70: =IFERROR(VLOOKUP(B70,'DEKAT AIR'!$B$5:$I$1048576,8,0),"") | AN70: {=MAX(IF(KETINGGIAN!$B$5:$B$1048576='Data Training 2022'!B70,KETINGGIAN!$H$5:$H$1048576))} -> 0 | AO70: =IFERROR(VLOOKUP(B70,KETINGGIAN!$B$5:$I$1048576,8,0),"") | AT70: {=MAX(IF(TOOLSKEEPER!$B$5:$B$1048576='Data Training 2022'!B70,TOOLSKEEPER!$H$5:$H$1048576))} -> 0 | AU70: =IFERROR(VLOOKUP(B70,TOOLSKEEPER!$B$5:$I$1048576,8,0),"")
A71: =A70+1 -> 66 | B71: =TEXT(C71,"00000000") -> 80004268 | C71: 80004268 | E71: ENDANG WAHYUDI | F71: PT. SAPTAINDRA SEJATI | G71: GROUP LEADER | H71: HRGA & FA | I71: MINING-HAULING-PORT | K71: S | L71: PENGAWAS | M71: TARGET | N71: SUDAH | O71: =IFERROR(VLOOKUP(B71,POP!$B$5:$I$1048576,7,0),"") -> 43724 | P71: =IFERROR(VLOOKUP(B71,POM!$B$5:$I$1048576,7,0),"") | Q71: =IFERROR(VLOOKUP(B71,POU!$B$5:$I$1048576,7,0),"") | R71: =IF(AND(L71="PENGAWAS",M71="TARGET",N71=""),"TARGET","") | S71: =IFERROR(VLOOKUP(B71,'PEMBEKALAN POP'!$B$5:$I$1048576,7,0),"") | T71: =IFERROR(VLOOKUP(B71,'PEMBEKALAN POP'!$B$5:$I$1048576,8,0),"") | U71: TARGET | V71: {=MAX(IF(INDUKSI!$B$5:$B$1048576='Data Training 2022'!B71,INDUKSI!$H$5:$H$1048576))} -> #N/A | W71: =IFERROR(VLOOKUP(B71,INDUKSI!$B$5:$I$1048576,8,0),"") -> LULUS | X71: TARGET | Y71: {=MAX(IF(REINDUKSI!$B$5:$B$1048576='Data Training 2022'!B71,REINDUKSI!$H$5:$H$1048576))} -> 0 | Z71: =IFERROR(VLOOKUP(B71,REINDUKSI!$B$5:$I$1048576,8,0),"") | AA71: =IF(L71="OPERATOR","TARGET",IF(L71="MEKANIK","TARGET","")) | AB71: {=MAX(IF(BSA!$B$5:$B$1048576='Data Training 2022'!B71,BSA!$H$5:$H$1048576))} -> 0 | AC71: =IFERROR(VLOOKUP(B71,BSA!$B$5:$I$1048576,8,0),"") | AD71: TARGET | AG71: =IF(L71="MEKANIK","TARGET","") | AH71: {=MAX(IF(ISOLASI!$B$5:$B$1048576='Data Training 2022'!B71,ISOLASI!$H$5:$H$1048576))} -> 0 | AI71: =IFERROR(VLOOKUP(B71,ISOLASI!$B$5:$I$1048576,8,0),"") | AK71: {=MAX(IF('DEKAT AIR'!$B$5:$B$1048576='Data Training 2022'!B71,'DEKAT AIR'!$H$5:$H$1048576))} -> 0 | AL71: =IFERROR(VLOOKUP(B71,'DEKAT AIR'!$B$5:$I$1048576,8,0),"") | AN71: {=MAX(IF(KETINGGIAN!$B$5:$B$1048576='Data Training 2022'!B71,KETINGGIAN!$H$5:$H$1048576))} -> 0 | AO71: =IFERROR(VLOOKUP(B71,KETINGGIAN!$B$5:$I$1048576,8,0),"") | AT71: {=MAX(IF(TOOLSKEEPER!$B$5:$B$1048576='Data Training 2022'!B71,TOOLSKEEPER!$H$5:$H$1048576))} -> 0 | AU71: =IFERROR(VLOOKUP(B71,TOOLSKEEPER!$B$5:$I$1048576,8,0),"")
A72: =A71+1 -> 67 | B72: =TEXT(C72,"00000000") -> 80004662 | C72: 80004662 | E72: MUHAMMAD TAUFAN | F72: PT. SAPTAINDRA SEJATI | G72: GROUP LEADER | H72: HRGA & FA | I72: MINING-HAULING-PORT | K72: S | L72: PENGAWAS | M72: NON TARGET | O72: =IFERROR(VLOOKUP(B72,POP!$B$5:$I$1048576,7,0),"") | P72: =IFERROR(VLOOKUP(B72,POM!$B$5:$I$1048576,7,0),"") | Q72: =IFERROR(VLOOKUP(B72,POU!$B$5:$I$1048576,7,0),"") | R72: =IF(AND(L72="PENGAWAS",M72="TARGET",N72=""),"TARGET","") | S72: =IFERROR(VLOOKUP(B72,'PEMBEKALAN POP'!$B$5:$I$1048576,7,0),"") | T72: =IFERROR(VLOOKUP(B72,'PEMBEKALAN POP'!$B$5:$I$1048576,8,0),"") | U72: TARGET | V72: {=MAX(IF(INDUKSI!$B$5:$B$1048576='Data Training 2022'!B72,INDUKSI!$H$5:$H$1048576))} -> #N/A | W72: =IFERROR(VLOOKUP(B72,INDUKSI!$B$5:$I$1048576,8,0),"") -> LULUS | X72: TARGET | Y72: {=MAX(IF(REINDUKSI!$B$5:$B$1048576='Data Training 2022'!B72,REINDUKSI!$H$5:$H$1048576))} -> 0 | Z72: =IFERROR(VLOOKUP(B72,REINDUKSI!$B$5:$I$1048576,8,0),"") | AA72: =IF(L72="OPERATOR","TARGET",IF(L72="MEKANIK","TARGET","")) | AB72: {=MAX(IF(BSA!$B$5:$B$1048576='Data Training 2022'!B72,BSA!$H$5:$H$1048576))} -> 0 | AC72: =IFERROR(VLOOKUP(B72,BSA!$B$5:$I$1048576,8,0),"") | AD72: TARGET | AG72: =IF(L72="MEKANIK","TARGET","") | AH72: {=MAX(IF(ISOLASI!$B$5:$B$1048576='Data Training 2022'!B72,ISOLASI!$H$5:$H$1048576))} -> 0 | AI72: =IFERROR(VLOOKUP(B72,ISOLASI!$B$5:$I$1048576,8,0),"") | AK72: {=MAX(IF('DEKAT AIR'!$B$5:$B$1048576='Data Training 2022'!B72,'DEKAT AIR'!$H$5:$H$1048576))} -> 0 | AL72: =IFERROR(VLOOKUP(B72,'DEKAT AIR'!$B$5:$I$1048576,8,0),"") | AN72: {=MAX(IF(KETINGGIAN!$B$5:$B$1048576='Data Training 2022'!B72,KETINGGIAN!$H$5:$H$1048576))} -> 0 | AO72: =IFERROR(VLOOKUP(B72,KETINGGIAN!$B$5:$I$1048576,8,0),"") | AT72: {=MAX(IF(TOOLSKEEPER!$B$5:$B$1048576='Data Training 2022'!B72,TOOLSKEEPER!$H$5:$H$1048576))} -> 0 | AU72: =IFERROR(VLOOKUP(B72,TOOLSKEEPER!$B$5:$I$1048576,8,0),"")
A73: =A72+1 -> 68 | B73: =TEXT(C73,"00000000") -> 80004163 | C73: 80004163 | E73: RICKY RINALDI | F73: PT. SAPTAINDRA SEJATI | G73: GROUP LEADER | H73: HRGA & FA | I73: MINING-HAULING-PORT | K73: S | L73: PENGAWAS | M73: TARGET | O73: =IFERROR(VLOOKUP(B73,POP!$B$5:$I$1048576,7,0),"") | P73: =IFERROR(VLOOKUP(B73,POM!$B$5:$I$1048576,7,0),"") | Q73: =IFERROR(VLOOKUP(B73,POU!$B$5:$I$1048576,7,0),"") | R73: =IF(AND(L73="PENGAWAS",M73="TARGET",N73=""),"TARGET","") -> TARGET | S73: =IFERROR(VLOOKUP(B73,'PEMBEKALAN POP'!$B$5:$I$1048576,7,0),"") -> 44766 | T73: =IFERROR(VLOOKUP(B73,'PEMBEKALAN POP'!$B$5:$I$1048576,8,0),"") -> LULUS | U73: TARGET | V73: {=MAX(IF(INDUKSI!$B$5:$B$1048576='Data Training 2022'!B73,INDUKSI!$H$5:$H$1048576))} -> #N/A | W73: =IFERROR(VLOOKUP(B73,INDUKSI!$B$5:$I$1048576,8,0),"") -> LULUS | X73: TARGET | Y73: {=MAX(IF(REINDUKSI!$B$5:$B$1048576='Data Training 2022'!B73,REINDUKSI!$H$5:$H$1048576))} -> 0 | Z73: =IFERROR(VLOOKUP(B73,REINDUKSI!$B$5:$I$1048576,8,0),"") | AA73: =IF(L73="OPERATOR","TARGET",IF(L73="MEKANIK","TARGET","")) | AB73: {=MAX(IF(BSA!$B$5:$B$1048576='Data Training 2022'!B73,BSA!$H$5:$H$1048576))} -> 0 | AC73: =IFERROR(VLOOKUP(B73,BSA!$B$5:$I$1048576,8,0),"") | AD73: TARGET | AG73: =IF(L73="MEKANIK","TARGET","") | AH73: {=MAX(IF(ISOLASI!$B$5:$B$1048576='Data Training 2022'!B73,ISOLASI!$H$5:$H$1048576))} -> 0 | AI73: =IFERROR(VLOOKUP(B73,ISOLASI!$B$5:$I$1048576,8,0),"") | AK73: {=MAX(IF('DEKAT AIR'!$B$5:$B$1048576='Data Training 2022'!B73,'DEKAT AIR'!$H$5:$H$1048576))} -> 0 | AL73: =IFERROR(VLOOKUP(B73,'DEKAT AIR'!$B$5:$I$1048576,8,0),"") | AN73: {=MAX(IF(KETINGGIAN!$B$5:$B$1048576='Data Training 2022'!B73,KETINGGIAN!$H$5:$H$1048576))} -> 0 | AO73: =IFERROR(VLOOKUP(B73,KETINGGIAN!$B$5:$I$1048576,8,0),"") | AT73: {=MAX(IF(TOOLSKEEPER!$B$5:$B$1048576='Data Training 2022'!B73,TOOLSKEEPER!$H$5:$H$1048576))} -> 0 | AU73: =IFERROR(VLOOKUP(B73,TOOLSKEEPER!$B$5:$I$1048576,8,0),"")
A74: =A73+1 -> 69 | B74: =TEXT(C74,"00000000") -> 80004659 | C74: 80004659 | E74: ANDRE AGASI SUBANDI S | F74: PT. SAPTAINDRA SEJATI | G74: GROUP LEADER | H74: HRGA & FA | I74: MINING-HAULING-PORT | K74: S | L74: PENGAWAS | M74: NON TARGET | O74: =IFERROR(VLOOKUP(B74,POP!$B$5:$I$1048576,7,0),"") | P74: =IFERROR(VLOOKUP(B74,POM!$B$5:$I$1048576,7,0),"") | Q74: =IFERROR(VLOOKUP(B74,POU!$B$5:$I$1048576,7,0),"") | R74: =IF(AND(L74="PENGAWAS",M74="TARGET",N74=""),"TARGET","") | S74: =IFERROR(VLOOKUP(B74,'PEMBEKALAN POP'!$B$5:$I$1048576,7,0),"") | T74: =IFERROR(VLOOKUP(B74,'PEMBEKALAN POP'!$B$5:$I$1048576,8,0),"") | U74: TARGET | V74: {=MAX(IF(INDUKSI!$B$5:$B$1048576='Data Training 2022'!B74,INDUKSI!$H$5:$H$1048576))} -> #N/A | W74: =IFERROR(VLOOKUP(B74,INDUKSI!$B$5:$I$1048576,8,0),"") -> LULUS | X74: TARGET | Y74: {=MAX(IF(REINDUKSI!$B$5:$B$1048576='Data Training 2022'!B74,REINDUKSI!$H$5:$H$1048576))} -> 0 | Z74: =IFERROR(VLOOKUP(B74,REINDUKSI!$B$5:$I$1048576,8,0),"") | AA74: =IF(L74="OPERATOR","TARGET",IF(L74="MEKANIK","TARGET","")) | AB74: {=MAX(IF(BSA!$B$5:$B$1048576='Data Training 2022'!B74,BSA!$H$5:$H$1048576))} -> 0 | AC74: =IFERROR(VLOOKUP(B74,BSA!$B$5:$I$1048576,8,0),"") | AD74: TARGET | AG74: =IF(L74="MEKANIK","TARGET","") | AH74: {=MAX(IF(ISOLASI!$B$5:$B$1048576='Data Training 2022'!B74,ISOLASI!$H$5:$H$1048576))} -> 0 | AI74: =IFERROR(VLOOKUP(B74,ISOLASI!$B$5:$I$1048576,8,0),"") | AK74: {=MAX(IF('DEKAT AIR'!$B$5:$B$1048576='Data Training 2022'!B74,'DEKAT AIR'!$H$5:$H$1048576))} -> 0 | AL74: =IFERROR(VLOOKUP(B74,'DEKAT AIR'!$B$5:$I$1048576,8,0),"") | AN74: {=MAX(IF(KETINGGIAN!$B$5:$B$1048576='Data Training 2022'!B74,KETINGGIAN!$H$5:$H$1048576))} -> 0 | AO74: =IFERROR(VLOOKUP(B74,KETINGGIAN!$B$5:$I$1048576,8,0),"") | AT74: {=MAX(IF(TOOLSKEEPER!$B$5:$B$1048576='Data Training 2022'!B74,TOOLSKEEPER!$H$5:$H$1048576))} -> 0 | AU74: =IFERROR(VLOOKUP(B74,TOOLSKEEPER!$B$5:$I$1048576,8,0),"")
A75: =A74+1 -> 70 | B75: =TEXT(C75,"00000000") -> 00118286 | C75: 0118286 | E75: BAGAS PRAYITNO | F75: PT. SAPTAINDRA SEJATI | G75: GROUP LEADER | H75: HRGA & FA | I75: MINING-HAULING-PORT | K75: S | L75: PENGAWAS | M75: TARGET | O75: =IFERROR(VLOOKUP(B75,POP!$B$5:$I$1048576,7,0),"") | P75: =IFERROR(VLOOKUP(B75,POM!$B$5:$I$1048576,7,0),"") | Q75: =IFERROR(VLOOKUP(B75,POU!$B$5:$I$1048576,7,0),"") | R75: =IF(AND(L75="PENGAWAS",M75="TARGET",N75=""),"TARGET","") -> TARGET | S75: =IFERROR(VLOOKUP(B75,'PEMBEKALAN POP'!$B$5:$I$1048576,7,0),"") | T75: =IFERROR(VLOOKUP(B75,'PEMBEKALAN POP'!$B$5:$I$1048576,8,0),"") | U75: TARGET | V75: {=MAX(IF(INDUKSI!$B$5:$B$1048576='Data Training 2022'!B75,INDUKSI!$H$5:$H$1048576))} -> #N/A | W75: =IFERROR(VLOOKUP(B75,INDUKSI!$B$5:$I$1048576,8,0),"") -> LULUS | X75: TARGET | Y75: {=MAX(IF(REINDUKSI!$B$5:$B$1048576='Data Training 2022'!B75,REINDUKSI!$H$5:$H$1048576))} -> 44768 | Z75: =IFERROR(VLOOKUP(B75,REINDUKSI!$B$5:$I$1048576,8,0),"") -> LULUS | AA75: =IF(L75="OPERATOR","TARGET",IF(L75="MEKANIK","TARGET","")) | AB75: {=MAX(IF(BSA!$B$5:$B$1048576='Data Training 2022'!B75,BSA!$H$5:$H$1048576))} -> 44693 | AC75: =IFERROR(VLOOKUP(B75,BSA!$B$5:$I$1048576,8,0),"") -> LULUS | AD75: TARGET | AG75: =IF(L75="MEKANIK","TARGET","") | AH75: {=MAX(IF(ISOLASI!$B$5:$B$1048576='Data Training 2022'!B75,ISOLASI!$H$5:$H$1048576))} -> 0 | AI75: =IFERROR(VLOOKUP(B75,ISOLASI!$B$5:$I$1048576,8,0),"") | AK75: {=MAX(IF('DEKAT AIR'!$B$5:$B$1048576='Data Training 2022'!B75,'DEKAT AIR'!$H$5:$H$1048576))} -> 0 | AL75: =IFERROR(VLOOKUP(B75,'DEKAT AIR'!$B$5:$I$1048576,8,0),"") | AN75: {=MAX(IF(KETINGGIAN!$B$5:$B$1048576='Data Training 2022'!B75,KETINGGIAN!$H$5:$H$1048576))} -> 0 | AO75: =IFERROR(VLOOKUP(B75,KETINGGIAN!$B$5:$I$1048576,8,0),"") | AT75: {=MAX(IF(TOOLSKEEPER!$B$5:$B$1048576='Data Training 2022'!B75,TOOLSKEEPER!$H$5:$H$1048576))} -> 0 | AU75: =IFERROR(VLOOKUP(B75,TOOLSKEEPER!$B$5:$I$1048576,8,0),"")
