Workbook
Name a: #REF!
Name a: #REF!
Name a: #REF!
Name a: #REF!
Name a: #REF!
Name aa: #REF!
Name aa: #REF!
Name aa: #REF!
Name aa: #REF!
Name aa: #REF!
Name aaaa: #REF!
Name aaaa: #REF!
Name aaaa: #REF!
Name aaaa: #REF!
Name aaaa: #REF!
Name accident: [1]Insiden!$I$21:$I$29
Name Alat: [2]Validasi!$H$8:$H$26
Name Area: [3]Sum!$C$77:$C$79
Name as: #REF!
Name as: #REF!
Name as: #REF!
Name as: #REF!
Name as: #REF!
Name Company: [3]Sum!$J$46:$J$87
Name Departemen: [2]Validasi!$C$8:$C$22
Name Departments: [3]Sum!$G$9:$G$26
Name ENGINEERING: "eng"
Name Excel_BuiltIn__FilterDatabase_6: #REF!
Name Excel_BuiltIn__FilterDatabase_6: #REF!
Name Excel_BuiltIn__FilterDatabase_6: #REF!
Name Excel_BuiltIn__FilterDatabase_6: #REF!
Name Excel_BuiltIn__FilterDatabase_6: #REF!
Name Excel_BuiltIn__FilterDatabase_8: #REF!
Name Excel_BuiltIn__FilterDatabase_8: #REF!
Name Excel_BuiltIn__FilterDatabase_8: #REF!
Name Excel_BuiltIn__FilterDatabase_8: #REF!
Name Excel_BuiltIn__FilterDatabase_8: #REF!
Name Excel_BuiltIn_Print_Area: #REF!
Name Excel_BuiltIn_Print_Area: #REF!
Name Excel_BuiltIn_Print_Area: #REF!
Name Excel_BuiltIn_Print_Area: #REF!
Name Excel_BuiltIn_Print_Area: #REF!
Name F.Pekerjaan: [4]Sum!$C$26:$C$34
Name F.Pribadi: [4]Sum!$C$17:$C$22
Name Faktor_Pekerjaan: [5]Sum!$C$46:$C$53
Name Faktor_Pribadi: [5]Sum!$C$36:$C$43
Name Hari: [2]Validasi!$N$8:$N$14
Name Jabatan: [5]Sum!$G$77:$G$94
Name Jam: [2]Validasi!$Q$9:$Q$32
Name Jenis_Kontak: [5]Sum!$C$59:$C$72
Name Job: [2]Validasi!$M$8:$M$15
Name Kondisi_tidak_aman: [5]Sum!$C$20:$C$33
Name Kontak: [2]Validasi!$I$8:$I$22
Name KTA: [2]Validasi!$K$8:$K$21
Name Lama: [2]Validasi!$P$7:$P$12
Name LOGISTIC_HEAVY_EQUIP: "log"
Name Lokasi: [2]Validasi!$D$8:$D$26
Name MACO: #REF!
Name MACO: #REF!
Name MACO: #REF!

Sheet Dashboard Monthly (2)
B2: 2022
B3: PARAMETER | C3: UNIT | D3: JAN | E3: FEB | F3: MAR | G3: APR | H3: MEI | I3: JUNI | J3: JULI | K3: AUG | L3: SEPT | M3: OCT | N3: NOV | O3: DES | P3: YTD 2022 | R3: PARAMETER | S3: UNIT | T3: Q1 | U3: Q2 | V3: Q3 | W3: Q4 | X3: 2022
B4: SAFETY INSIDENT | R4: Safety Incident
B5: TOTAL INCIDENT | C5: Freq | D5: =SUM(D6:D13) -> 12 | E5: =SUM(E6:E13) -> 5 | F5: =SUM(F6:F13) -> 7 | G5: =SUM(G6:G13) -> 9 | H5: =SUM(H6:H13) -> 10 | I5: =SUM(I6:I13) -> 8 | J5: =SUM(J6:J13) -> 7 | K5: =SUM(K6:K13) -> 9 | ... P5: =SUM(P6:P13) -> 73 | R5: Total Inciden | S5: Freq | T5: =SUM(T6:T13) -> 24 | U5: =SUM(U6:U13) -> 27 | V5: =SUM(V6:V13) -> 19 | W5: =SUM(W6:W13) -> 3 | X5: =SUM(T5:W5) -> 73
B6: FATALITY | C6: Freq | D6: - | E6: - | F6: - | G6: - | H6: - | I6: - | J6: - | K6: - | L6: - | M6: - | N6: - | O6: - | P6: =SUM(D6:O6) -> 0 | R6: Fatality | S6: Freq | T6: =SUM(D6:F6) -> 0 | U6: =SUM(G6:I6) -> 0 | V6: =SUM(J6:L6) -> 0 | W6: =SUM(M6:O6) -> 0 | X6: =SUM(T6:W6) -> 0
B7: LTI | C7: Freq | D7: - | E7: - | F7: - | G7: - | H7: - | I7: - | J7: - | K7: - | L7: - | M7: - | N7: - | O7: - | P7: =SUM(D7:O7) -> 0 | R7: LTI | S7: Freq | T7: =SUM(D7:F7) -> 0 | U7: =SUM(G7:I7) -> 0 | V7: =SUM(J7:L7) -> 0 | W7: =SUM(M7:O7) -> 0 | X7: =SUM(T7:W7) -> 0
B8: MTI | C8: Freq | D8: - | E8: 1 | F8: - | G8: - | H8: - | I8: - | J8: 2 | K8: - | L8: - | M8: - | N8: - | O8: - | P8: =SUM(D8:O8) -> 3 | R8: First Aid | S8: Freq | T8: =SUM(D8:F8) -> 1 | U8: =SUM(G8:I8) -> 0 | V8: =SUM(J8:L8) -> 2 | W8: =SUM(M8:O8) -> 0 | X8: =SUM(T8:W8) -> 3
B9: FAI | C9: Freq | D9: - | E9: - | G9: - | I9: - | K9: - | L9: - | M9: - | N9: - | O9: - | P9: =SUM(D9:O9) -> 0 | R9: MTI | S9: Freq | T9: =SUM(D9:F9) -> 0 | U9: =SUM(G9:I9) -> 0 | V9: =SUM(J9:L9) -> 0 | W9: =SUM(M9:O9) -> 0 | X9: =SUM(T9:W9) -> 0
B10: PROPERTY DAMAGE | C10: Freq | D10: 6 | E10: 2 | F10: 5 | G10: 6 | H10: 4 | I10: 5 | J10: 3 | K10: 3 | L10: 2 | M10: 2 | N10: - | O10: - | P10: =SUM(D10:O10) -> 38 | R10: Properti Damage | S10: Freq | T10: =SUM(D10:F10) -> 13 | U10: =SUM(G10:I10) -> 15 | V10: =SUM(J10:L10) -> 8 | W10: =SUM(M10:O10) -> 2 | X10: =SUM(T10:W10) -> 38
B11: FIRE CASE | C11: Freq | D11: - | E11: - | F11: - | G11: - | H11: - | I11: - | J11: - | K11: - | L11: - | M11: - | N11: - | O11: - | P11: =SUM(D11:O11) -> 0 | R11: Fire Case | S11: Freq | T11: =SUM(D11:F11) -> 0 | U11: =SUM(G11:I11) -> 0 | V11: =SUM(J11:L11) -> 0 | W11: =SUM(M11:O11) -> 0 | X11: =SUM(T11:W11) -> 0
B12: ENVIRONMENT | C12: Freq | D12: 1 | E12: - | F12: - | G12: 1 | H12: 1 | I12: 1 | J12: 1 | K12: 1 | L12: - | M12: 1 | N12: - | O12: - | P12: =SUM(D12:O12) -> 7 | R12: Environment | S12: Freq | T12: =SUM(D12:F12) -> 1 | U12: =SUM(G12:I12) -> 3 | V12: =SUM(J12:L12) -> 2 | W12: =SUM(M12:O12) -> 1 | X12: =SUM(T12:W12) -> 7
B13: NEARMISS | C13: Freq | D13: 5 | E13: 2 | F13: 2 | G13: 2 | H13: 5 | I13: 2 | J13: 1 | K13: 5 | L13: 1 | M13: - | N13: - | O13: - | P13: =SUM(D13:O13) -> 25 | R13: Near Miss | S13: Freq | T13: =SUM(D13:F13) -> 9 | U13: =SUM(G13:I13) -> 9 | V13: =SUM(J13:L13) -> 7 | W13: =SUM(M13:O13) -> 0 | X13: =SUM(T13:W13) -> 25
B16: SHE Legal Compliance | E16: Audit SMKP | I16: SAP YTD 2021
B17: Patuh | C17: 0.97 | E17: Patuh | F17: 0.71 | I17: Observasi | J17: 0.88
B18: Tidak Patuh | C18: 0.03 | E18: Tidak Patuh | F18: 0.29 | I18: Hazard | J18: 0.74 | AE18: =25*40% -> 10
I19: Inspeksi | J19: 0.98
R20: 8406 | S20: 1668
R21: 167 | S21: 62
R22: =SUM(R20:R21) -> 8573 | S22: =SUM(S20:S21) -> 1730
B33: SAFETY INSIDENT | C33: Unit | D33: MTD Vs | E33: Okt-21 | F33: Okt-22 | G33: Long Term | H33: 2019 | I33: 2020 | J33: 2021 | K33: 2022 | N33: Total Incident | O33: HPRI | P33: NON HPRI
B34: Total Incident | C34: Freq | E34: =SUM(E37:E44) -> 41 | F34: =SUM(F37:F44) -> 73 | H34: =SUM(H37:H44) -> 5 | I34: =SUM(I37:I44) -> 28 | J34: =SUM(J37:J44) -> 48 | K34: =SUM(K37:K44) -> 73 | L34: =(54-32)/32 -> 0.6875 | M34: 2019 | N34: 5 | O34: 2 | P34: 3
B35: HPRI | C35: Freq | H35: 2 | I35: 13 | J35: 11 | K35: =O37 -> 34 | M35: 2020 | N35: 28 | O35: 13 | P35: 15
B36: NON HPRI | C36: Freq | H36: 0 | I36: 15 | J36: 37 | K36: =P37 -> 39 | M36: 2021 | N36: 48 | O36: 11 | P36: 37
B37: Fatality | C37: Freq | E37: 1 | F37: 0 | H37: 0 | I37: 0 | J37: 1 | K37: =F37 -> 0 | M37: 2022 | N37: =SUM(O37:P37) -> 73 | O37: 34 | P37: 39
B38: LTI | C38: Freq | E38: 0 | F38: 0 | H38: 0 | I38: 1 | J38: 1 | K38: =F38 -> 0
B39: FA | C39: Freq | E39: 5 | F39: 0 | H39: 1 | I39: 9 | J39: 5 | K39: =F39 -> 0
B40: MTI | C40: Freq | E40: 0 | F40: 3 | H40: 0 | I40: 0 | J40: 0 | K40: =F40 -> 3 | N40: Hauling | O40: Mining | P40: Workshop | Q40: Mess
B41: PD | C41: Freq | E41: 21 | F41: 38 | H41: 4 | I41: 15 | J41: 25 | K41: =F41 -> 38 | M41: Total Incident | N41: =SUM(N42:N43) -> 59 | O41: =SUM(O42:O43) -> 9 | P41: =SUM(P42:P43) -> 4 | Q41: =SUM(Q42:Q43) -> 1
B42: FC | C42: Freq | E42: 0 | F42: 0 | H42: 0 | I42: 0 | J42: 0 | K42: =F42 -> 0 | M42: HPRI | N42: 29 | O42: 4 | P42: 0 | Q42: 1
B43: EI | C43: Freq | E43: 2 | F43: 7 | H43: 0 | I43: 0 | J43: 2 | K43: =F43 -> 7 | M43: NON HPRI | N43: 30 | O43: 5 | P43: 4 | Q43: 0
B44: NM | C44: Freq | E44: 12 | F44: 25 | H44: 0 | I44: 3 | J44: 14 | K44: =F44 -> 25
P48: 9272 | Q48: 1915
P49: 814 | Q49: 159
P50: =SUM(P48:P49) -> 10086 | Q50: =SUM(Q48:Q49) -> 2074 | AI50: =9272+1915 -> 11187
P51: =SUM(P50:Q50) -> 12160
C56: =5/C63 -> 0.71428571
C57: =C62/C63 -> 0.14285714
B59: Penyebab dasar insiden | C59: Basic Cause | D59: % | F59: Kurangnya Keterampilan | G59: Kurangnya Pengawasan | H59: Kurangnya pengetahuan | I59: Pelanggaran Prosedur | J59: Prosedur Kerja Tidak Memadai | Q59: =10/70 -> 0.14285714
B60: Employee Awareness | C60: 6 | D60: =C60/$C$63 -> 0.85714286 | F60: 13 | H60: 2 | I60: 22
B61: SOP Compliance | C61: 0 | D61: =C61/$C$63 -> 0 | J61: 4
B62: Supervisory Skill | C62: 1 | D62: =C62/$C$63 -> 0.14285714 | G62: 3 | I62: 6
B63: Grand Total | C63: =SUM(C60:C62) -> 7
F64: 13 | G64: 3 | H64: 2 | I64: 28 | J64: 4
E67: 50 | F67: Kurangnya Keterampilan | G67: Kurangnya pengetahuan | H67: Pelanggaran Prosedur
F68: 13 | G68: 2 | H68: 28
F69: =F68/E67 -> 0.26 | G69: =G68/E67 -> 0.04 | H69: =H68/E67 -> 0.56
F70: Kurangnya Pengawasan
F71: 3
F72: =F71/E67 -> 0.06
F73: Prosedur Kerja Tidak Memadai
F74: 4
F75: =F74/E67 -> 0.08
D86: YTD Okt 2021 | E86: YTD Okt 2022
C87: MP | D87: 931 | E87: 1810
C88: Populasi alat | D88: 293 | E88: 308
D90: MP | E90: Populasi alat
C91: YTD Sep 2021 | D91: 970 | E91: 293
C92: YTD Sep 2022 | D92: 1809 | E92: 350

Sheet Dashboard Monthly
B2: 2022
B3: Parameter | C3: Unit | D3: JAN | E3: FEB | F3: MAR | G3: APR | H3: MEI | I3: JUNI | J3: JULI | K3: AUG | L3: SEPT | M3: OCT | N3: NOV | O3: DES | P3: Ytd 2021 | R3: Parameter | S3: Unit | T3: Q1 | U3: Q2 | V3: Q3 | W3: Q4 | X3: 2021
B4: Safety Incident | R4: Safety Incident
B5: Total Inciden | C5: Freq | D5: =SUM(D6:D13) -> 12 | E5: =SUM(E6:E13) -> 5 | F5: =SUM(F6:F13) -> 7 | G5: =SUM(G6:G13) -> 9 | H5: =SUM(H6:H13) -> 10 | I5: =SUM(I6:I13) -> 8 | J5: =SUM(J6:J13) -> 6 | K5: =SUM(K6:K13) -> 0 | ... P5: =SUM(P6:P13) -> 57 | R5: Total Inciden | S5: Freq | T5: =SUM(T6:T13) -> 24 | U5: =SUM(U6:U13) -> 27 | V5: =SUM(V6:V13) -> 6 | W5: =SUM(W6:W13) -> 0 | X5: =SUM(T5:W5) -> 57
B6: Fatality | C6: Freq | D6: - | E6: - | F6: - | G6: - | H6: - | I6: - | J6: - | K6: - | L6: - | M6: - | N6: - | O6: - | P6: =SUM(D6:O6) -> 0 | R6: Fatality | S6: Freq | T6: =SUM(D6:F6) -> 0 | U6: =SUM(G6:I6) -> 0 | V6: =SUM(J6:L6) -> 0 | W6: =SUM(M6:O6) -> 0 | X6: =SUM(T6:W6) -> 0
B7: LTI | C7: Freq | D7: - | E7: - | F7: - | G7: - | H7: - | I7: - | J7: - | K7: - | L7: - | M7: - | N7: - | O7: - | P7: =SUM(D7:O7) -> 0 | R7: LTI | S7: Freq | T7: =SUM(D7:F7) -> 0 | U7: =SUM(G7:I7) -> 0 | V7: =SUM(J7:L7) -> 0 | W7: =SUM(M7:O7) -> 0 | X7: =SUM(T7:W7) -> 0
B8: First Aid | C8: Freq | D8: - | E8: - | F8: - | G8: - | H8: - | I8: - | J8: - | K8: - | L8: - | M8: - | N8: - | O8: - | P8: =SUM(D8:O8) -> 0 | R8: First Aid | S8: Freq | T8: =SUM(D8:F8) -> 0 | U8: =SUM(G8:I8) -> 0 | V8: =SUM(J8:L8) -> 0 | W8: =SUM(M8:O8) -> 0 | X8: =SUM(T8:W8) -> 0
B9: MTI | C9: Freq | D9: - | E9: 1 | F9: - | G9: - | H9: - | I9: - | J9: 2 | K9: - | L9: - | M9: - | N9: - | O9: - | P9: =SUM(D9:O9) -> 3 | R9: MTI | S9: Freq | T9: =SUM(D9:F9) -> 1 | U9: =SUM(G9:I9) -> 0 | V9: =SUM(J9:L9) -> 2 | W9: =SUM(M9:O9) -> 0 | X9: =SUM(T9:W9) -> 3
B10: Properti Damage | C10: Freq | D10: 4 | E10: 2 | F10: 5 | G10: 6 | H10: 3 | I10: 5 | J10: 3 | K10: - | L10: - | M10: - | N10: - | O10: - | P10: =SUM(D10:O10) -> 28 | R10: Properti Damage | S10: Freq | T10: =SUM(D10:F10) -> 11 | U10: =SUM(G10:I10) -> 14 | V10: =SUM(J10:L10) -> 3 | W10: =SUM(M10:O10) -> 0 | X10: =SUM(T10:W10) -> 28
B11: Fire Case | C11: Freq | D11: - | E11: - | F11: - | G11: - | H11: - | I11: - | J11: - | K11: - | L11: - | M11: - | N11: - | O11: - | P11: =SUM(D11:O11) -> 0 | R11: Fire Case | S11: Freq | T11: =SUM(D11:F11) -> 0 | U11: =SUM(G11:I11) -> 0 | V11: =SUM(J11:L11) -> 0 | W11: =SUM(M11:O11) -> 0 | X11: =SUM(T11:W11) -> 0
B12: Environment | C12: Freq | D12: 1 | E12: - | F12: - | G12: 1 | H12: 1 | I12: 1 | J12: - | K12: - | L12: - | M12: - | N12: - | O12: - | P12: =SUM(D12:O12) -> 4 | R12: Environment | S12: Freq | T12: =SUM(D12:F12) -> 1 | U12: =SUM(G12:I12) -> 3 | V12: =SUM(J12:L12) -> 0 | W12: =SUM(M12:O12) -> 0 | X12: =SUM(T12:W12) -> 4
B13: Near Miss | C13: Freq | D13: 7 | E13: 2 | F13: 2 | G13: 2 | H13: 6 | I13: 2 | J13: 1 | K13: - | L13: - | M13: - | N13: - | O13: - | P13: =SUM(D13:O13) -> 22 | R13: Near Miss | S13: Freq | T13: =SUM(D13:F13) -> 11 | U13: =SUM(G13:I13) -> 10 | V13: =SUM(J13:L13) -> 1 | W13: =SUM(M13:O13) -> 0 | X13: =SUM(T13:W13) -> 22
B16: SHE Legal Compliance | E16: Audit SMKP | I16: SAP YTD 2021
B17: Patuh | C17: 0.97 | E17: Patuh | F17: 0.65 | I17: Observasi | J17: 0.88
B18: Tidak Patuh | C18: 0.05 | E18: Tidak Patuh | F18: 0.35 | I18: Hazard | J18: 0.74
I19: Inspeksi | J19: 0.98
B33: c | C33: Unit | D33: MTD Vs | E33: Jul-21 | F33: Jul-22 | G33: Long Term | H33: 2019 | I33: 2020 | J33: 2021 | K33: 2022
B34: Safety Incident
B35: Total Incident | C35: Freq | E35: =SUM(E36:E43) -> 57 | F35: =SUM(F36:F43) -> 57 | H35: =SUM(H36:H43) -> 5 | I35: =SUM(I36:I43) -> 28 | J35: =SUM(J36:J43) -> 48 | K35: =SUM(K36:K43) -> 57 | M35: =(J35-I35)/J35 -> 0.41666667 | O35: =21/28 -> 0.75
B36: Fatality | C36: Freq | E36: =SUM(D6:J6) -> 0 | F36: 0 | H36: 0 | I36: 0 | J36: 1 | K36: =F36 -> 0 | M36: =28+28 -> 56
B37: LTI | C37: Freq | E37: =SUM(D7:J7) -> 0 | F37: 0 | H37: 0 | I37: 1 | J37: 1 | K37: =F37 -> 0
B38: FA | C38: Freq | E38: =SUM(D8:J8) -> 0 | F38: 0 | H38: 1 | I38: 9 | J38: 5 | K38: =F38 -> 0
B39: MTI | C39: Freq | E39: =SUM(D9:J9) -> 3 | F39: 3 | H39: 0 | I39: 0 | J39: 0 | K39: =F39 -> 3
B40: PD | C40: Freq | E40: =SUM(D10:J10) -> 28 | F40: 28 | H40: 4 | I40: 15 | J40: 25 | K40: =F40 -> 28
B41: FC | C41: Freq | E41: =SUM(D11:J11) -> 0 | F41: 0 | H41: 0 | I41: 0 | J41: 0 | K41: =F41 -> 0 | P41: =4119+197 -> 4316
B42: EI | C42: Freq | E42: =SUM(D12:J12) -> 4 | F42: 4 | H42: 0 | I42: 0 | J42: 2 | K42: =F42 -> 4 | P42: =859+81 -> 940
B43: NM | C43: Freq | E43: =SUM(D13:J13) -> 22 | F43: 22 | H43: 0 | I43: 3 | J43: 14 | K43: =F43 -> 22
D64: 2019 | E64: 2020 | F64: 2021 | G64: 2022 | K64: Total Incident | L64: Fatality | M64: LTI
B65: Total Incident | C65: Freq | D65: 5 | E65: 28 | F65: 49 | G65: 17 | J65: 2019 | K65: 5 | L65: 0 | M65: 0
B66: Fatality | C66: Freq | D66: 0 | E66: 0 | F66: 1 | G66: 0 | J66: 2020 | K66: 28 | L66: 0 | M66: 1
B67: LTI | C67: Freq | D67: 0 | E67: 1 | F67: 1 | G67: 0 | J67: 2021 | K67: 49 | L67: 1 | M67: 1
J68: 2022 | K68: 17 | L68: 0 | M68: 0
B76: 2019 | C76: 5
B77: 2020 | C77: 28
B78: 2021 | C78: 48
B79: 44749 | C79: 57
C81: HPRI | D81: NONHPRI
B82: 2019 | C82: 2 | D82: 3
B83: 2020 | C83: 13 | D83: 15
B84: 2021 | C84: 11 | D84: 37
B85: 2022 | C85: 29 | D85: =C79-C85 -> 28

Sheet DASHBOARD
C5: DASHBOARD MONITORING INSIDEN YTD 2022
C11: NO | D11: BULAN | E11: MAN POWER | F11: MAN HOURS | G11: MAN HOURS NLTI | H11: KTA | J11: Jumlah Insiden | S11: LOST DAY | T11: LOST COST | U11: LTIFR/FR | V11: AIFR | W11: PDFR | X11: LTI SR | Y11: IR | Z11: LR
I12: TTA | J12: NM | K12: PD | L12: FAI | M12: MTI | N12: RWI | O12: LTI | P12: FATAL | Q12: EI | R12: TOTAL INSIDEN
C13: 1 | D13: JAN | E13: 1100 | F13: 307708 | G13: =F13/31*31 -> 307708 | H13: 1621 | I13: 365 | J13: =COUNTIFS('BASIC CAUSE INSIDEN'!$N$2:$N$1048576,DASHBOARD!$J$12,'BASIC CAUSE INSIDEN'!$F$2:$F$1048576,DASHBOARD!$D13) -> 5 | K13: =COUNTIFS('BASIC CAUSE INSIDEN'!$N$2:$N$1048576,DASHBOARD!$K$12,'BASIC CAUSE INSIDEN'!$F$2:$F$1048576,DASHBOARD!$D13) -> 6 | L13: =COUNTIFS('BASIC CAUSE INSIDEN'!$N$2:$N$1048576,DASHBOARD!$L$12,'BASIC CAUSE INSIDEN'!$F$2:$F$1048576,DASHBOARD!$D13) -> 0 | M13: =COUNTIFS('BASIC CAUSE INSIDEN'!$N$2:$N$1048576,DASHBOARD!$M$12,'BASIC CAUSE INSIDEN'!$F$2:$F$1048576,DASHBOARD!$D13) -> 0 | N13: =COUNTIFS('BASIC CAUSE INSIDEN'!$N$2:$N$1048576,DASHBOARD!$N$12,'BASIC CAUSE INSIDEN'!$F$2:$F$1048576,DASHBOARD!$D13) -> 0 | O13: =COUNTIFS('BASIC CAUSE INSIDEN'!$N$2:$N$1048576,DASHBOARD!$O$12,'BASIC CAUSE INSIDEN'!$F$2:$F$1048576,DASHBOARD!$D13) -> 0 | P13: =COUNTIFS('BASIC CAUSE INSIDEN'!$N$2:$N$1048576,DASHBOARD!$P$12,'BASIC CAUSE INSIDEN'!$F$2:$F$1048576,DASHBOARD!$D13) -> 0 | Q13: =COUNTIFS('BASIC CAUSE INSIDEN'!$N$2:$N$1048576,DASHBOARD!$Q$12,'BASIC CAUSE INSIDEN'!$F$2:$F$1048576,DASHBOARD!$D13) -> 1 | R13: =SUM(J13:Q13) -> 12 | S13: 31 | T13: 5.6898963e+08 | U13: =(O13*1000000)/F13 -> 0 | V13: {=SUM(K13:P13*1000000)/F13} -> 19.499006 | W13: =(K13*1000000)/F13 -> 19.499006 | X13: =(S13*1000000)/F13 -> 100.74486 | Y13: {=SUM(K13:P13*1000000)/F13} -> 19.499006 | Z13: =T13/F13 -> 1849.122
C14: 2 | D14: FEB | E14: 1117 | F14: 260112 | G14: =F14/28*28 -> 260112 | H14: 1493 | I14: 334 | J14: =COUNTIFS('BASIC CAUSE INSIDEN'!$N$2:$N$1048576,DASHBOARD!$J$12,'BASIC CAUSE INSIDEN'!$F$2:$F$1048576,DASHBOARD!$D14) -> 2 | K14: =COUNTIFS('BASIC CAUSE INSIDEN'!$N$2:$N$1048576,DASHBOARD!$K$12,'BASIC CAUSE INSIDEN'!$F$2:$F$1048576,DASHBOARD!$D14) -> 2 | L14: =COUNTIFS('BASIC CAUSE INSIDEN'!$N$2:$N$1048576,DASHBOARD!$L$12,'BASIC CAUSE INSIDEN'!$F$2:$F$1048576,DASHBOARD!$D14) -> 0 | M14: =COUNTIFS('BASIC CAUSE INSIDEN'!$N$2:$N$1048576,DASHBOARD!$M$12,'BASIC CAUSE INSIDEN'!$F$2:$F$1048576,DASHBOARD!$D14) -> 1 | N14: =COUNTIFS('BASIC CAUSE INSIDEN'!$N$2:$N$1048576,DASHBOARD!$N$12,'BASIC CAUSE INSIDEN'!$F$2:$F$1048576,DASHBOARD!$D14) -> 0 | O14: =COUNTIFS('BASIC CAUSE INSIDEN'!$N$2:$N$1048576,DASHBOARD!$O$12,'BASIC CAUSE INSIDEN'!$F$2:$F$1048576,DASHBOARD!$D14) -> 0 | P14: =COUNTIFS('BASIC CAUSE INSIDEN'!$N$2:$N$1048576,DASHBOARD!$P$12,'BASIC CAUSE INSIDEN'!$F$2:$F$1048576,DASHBOARD!$D14) -> 0 | Q14: =COUNTIFS('BASIC CAUSE INSIDEN'!$N$2:$N$1048576,DASHBOARD!$Q$12,'BASIC CAUSE INSIDEN'!$F$2:$F$1048576,DASHBOARD!$D14) -> 0 | R14: =SUM(J14:Q14) -> 5 | S14: 28 | T14: 9.8178707e+08 | U14: =(O14*1000000)/F14 -> 0 | V14: {=SUM(K14:P14*1000000)/F14} -> 11.533493 | W14: =(K14*1000000)/F14 -> 7.6889955 | X14: =(S14*1000000)/F14 -> 107.64594 | Y14: {=SUM(K14:P14*1000000)/F14} -> 11.533493 | Z14: =T14/F14 -> 3774.4782
C15: 3 | D15: MAR | E15: 1513 | F15: 247068 | G15: =F15/31*31 -> 247068 | H15: 1203 | I15: 256 | J15: =COUNTIFS('BASIC CAUSE INSIDEN'!$N$2:$N$1048576,DASHBOARD!$J$12,'BASIC CAUSE INSIDEN'!$F$2:$F$1048576,DASHBOARD!$D15) -> 2 | K15: =COUNTIFS('BASIC CAUSE INSIDEN'!$N$2:$N$1048576,DASHBOARD!$K$12,'BASIC CAUSE INSIDEN'!$F$2:$F$1048576,DASHBOARD!$D15) -> 5 | L15: =COUNTIFS('BASIC CAUSE INSIDEN'!$N$2:$N$1048576,DASHBOARD!$L$12,'BASIC CAUSE INSIDEN'!$F$2:$F$1048576,DASHBOARD!$D15) -> 0 | M15: =COUNTIFS('BASIC CAUSE INSIDEN'!$N$2:$N$1048576,DASHBOARD!$M$12,'BASIC CAUSE INSIDEN'!$F$2:$F$1048576,DASHBOARD!$D15) -> 0 | N15: =COUNTIFS('BASIC CAUSE INSIDEN'!$N$2:$N$1048576,DASHBOARD!$N$12,'BASIC CAUSE INSIDEN'!$F$2:$F$1048576,DASHBOARD!$D15) -> 0 | O15: =COUNTIFS('BASIC CAUSE INSIDEN'!$N$2:$N$1048576,DASHBOARD!$O$12,'BASIC CAUSE INSIDEN'!$F$2:$F$1048576,DASHBOARD!$D15) -> 0 | P15: =COUNTIFS('BASIC CAUSE INSIDEN'!$N$2:$N$1048576,DASHBOARD!$P$12,'BASIC CAUSE INSIDEN'!$F$2:$F$1048576,DASHBOARD!$D15) -> 0 | Q15: =COUNTIFS('BASIC CAUSE INSIDEN'!$N$2:$N$1048576,DASHBOARD!$Q$12,'BASIC CAUSE INSIDEN'!$F$2:$F$1048576,DASHBOARD!$D15) -> 0 | R15: =SUM(J15:Q15) -> 7 | S15: 31 | T15: 2.3536113e+09 | U15: =(O15*1000000)/F15 -> 0 | V15: {=SUM(K15:P15*1000000)/F15} -> 20.237344 | W15: =(K15*1000000)/F15 -> 20.237344 | X15: =(S15*1000000)/F15 -> 125.47153 | Y15: {=SUM(K15:P15*1000000)/F15} -> 20.237344 | Z15: =T15/F15 -> 9526.1681
C16: 4 | D16: APR | E16: 1270 | F16: 256839 | G16: =F16/30*30 -> 256839 | H16: 761 | I16: 130 | J16: =COUNTIFS('BASIC CAUSE INSIDEN'!$N$2:$N$1048576,DASHBOARD!$J$12,'BASIC CAUSE INSIDEN'!$F$2:$F$1048576,DASHBOARD!$D16) -> 2 | K16: =COUNTIFS('BASIC CAUSE INSIDEN'!$N$2:$N$1048576,DASHBOARD!$K$12,'BASIC CAUSE INSIDEN'!$F$2:$F$1048576,DASHBOARD!$D16) -> 6 | L16: =COUNTIFS('BASIC CAUSE INSIDEN'!$N$2:$N$1048576,DASHBOARD!$L$12,'BASIC CAUSE INSIDEN'!$F$2:$F$1048576,DASHBOARD!$D16) -> 0 | M16: =COUNTIFS('BASIC CAUSE INSIDEN'!$N$2:$N$1048576,DASHBOARD!$M$12,'BASIC CAUSE INSIDEN'!$F$2:$F$1048576,DASHBOARD!$D16) -> 0 | N16: =COUNTIFS('BASIC CAUSE INSIDEN'!$N$2:$N$1048576,DASHBOARD!$N$12,'BASIC CAUSE INSIDEN'!$F$2:$F$1048576,DASHBOARD!$D16) -> 0 | O16: =COUNTIFS('BASIC CAUSE INSIDEN'!$N$2:$N$1048576,DASHBOARD!$O$12,'BASIC CAUSE INSIDEN'!$F$2:$F$1048576,DASHBOARD!$D16) -> 0 | P16: =COUNTIFS('BASIC CAUSE INSIDEN'!$N$2:$N$1048576,DASHBOARD!$P$12,'BASIC CAUSE INSIDEN'!$F$2:$F$1048576,DASHBOARD!$D16) -> 0 | Q16: =COUNTIFS('BASIC CAUSE INSIDEN'!$N$2:$N$1048576,DASHBOARD!$Q$12,'BASIC CAUSE INSIDEN'!$F$2:$F$1048576,DASHBOARD!$D16) -> 1 | R16: =SUM(J16:Q16) -> 9 | S16: 0 | T16: 2.4038619e+09 | U16: =(O16*1000000)/F16 -> 0 | V16: {=SUM(K16:P16*1000000)/F16} -> 23.360938 | W16: =(K16*1000000)/F16 -> 23.360938 | X16: =(S16*1000000)/F16 -> 0 | Y16: {=SUM(K16:P16*1000000)/F16} -> 23.360938 | Z16: =T16/F16 -> 9359.4114
C17: 5 | D17: MEI | E17: 1413 | F17: 327786 | G17: =F17/31*31 -> 327786 | H17: 569 | I17: 37 | J17: =COUNTIFS('BASIC CAUSE INSIDEN'!$N$2:$N$1048576,DASHBOARD!$J$12,'BASIC CAUSE INSIDEN'!$F$2:$F$1048576,DASHBOARD!$D17) -> 5 | K17: =COUNTIFS('BASIC CAUSE INSIDEN'!$N$2:$N$1048576,DASHBOARD!$K$12,'BASIC CAUSE INSIDEN'!$F$2:$F$1048576,DASHBOARD!$D17) -> 4 | L17: =COUNTIFS('BASIC CAUSE INSIDEN'!$N$2:$N$1048576,DASHBOARD!$L$12,'BASIC CAUSE INSIDEN'!$F$2:$F$1048576,DASHBOARD!$D17) -> 0 | M17: =COUNTIFS('BASIC CAUSE INSIDEN'!$N$2:$N$1048576,DASHBOARD!$M$12,'BASIC CAUSE INSIDEN'!$F$2:$F$1048576,DASHBOARD!$D17) -> 0 | N17: =COUNTIFS('BASIC CAUSE INSIDEN'!$N$2:$N$1048576,DASHBOARD!$N$12,'BASIC CAUSE INSIDEN'!$F$2:$F$1048576,DASHBOARD!$D17) -> 0 | O17: =COUNTIFS('BASIC CAUSE INSIDEN'!$N$2:$N$1048576,DASHBOARD!$O$12,'BASIC CAUSE INSIDEN'!$F$2:$F$1048576,DASHBOARD!$D17) -> 0 | P17: =COUNTIFS('BASIC CAUSE INSIDEN'!$N$2:$N$1048576,DASHBOARD!$P$12,'BASIC CAUSE INSIDEN'!$F$2:$F$1048576,DASHBOARD!$D17) -> 0 | Q17: =COUNTIFS('BASIC CAUSE INSIDEN'!$N$2:$N$1048576,DASHBOARD!$Q$12,'BASIC CAUSE INSIDEN'!$F$2:$F$1048576,DASHBOARD!$D17) -> 1 | R17: =SUM(J17:Q17) -> 10 | S17: 0 | T17: 5.5619652e+08 | U17: =(O17*1000000)/F17 -> 0 | V17: {=SUM(K17:P17*1000000)/F17} -> 12.203084 | W17: =(K17*1000000)/F17 -> 12.203084 | X17: =(S17*1000000)/F17 -> 0 | Y17: {=SUM(K17:P17*1000000)/F17} -> 12.203084 | Z17: =T17/F17 -> 1696.8282
C18: 6 | D18: JUN | E18: 1513 | F18: 381712.5 | G18: =F18/30*30 -> 381712.5 | H18: 888 | I18: 158 | J18: =COUNTIFS('BASIC CAUSE INSIDEN'!$N$2:$N$1048576,DASHBOARD!$J$12,'BASIC CAUSE INSIDEN'!$F$2:$F$1048576,DASHBOARD!$D18) -> 2 | K18: =COUNTIFS('BASIC CAUSE INSIDEN'!$N$2:$N$1048576,DASHBOARD!$K$12,'BASIC CAUSE INSIDEN'!$F$2:$F$1048576,DASHBOARD!$D18) -> 5 | L18: =COUNTIFS('BASIC CAUSE INSIDEN'!$N$2:$N$1048576,DASHBOARD!$L$12,'BASIC CAUSE INSIDEN'!$F$2:$F$1048576,DASHBOARD!$D18) -> 0 | M18: =COUNTIFS('BASIC CAUSE INSIDEN'!$N$2:$N$1048576,DASHBOARD!$M$12,'BASIC CAUSE INSIDEN'!$F$2:$F$1048576,DASHBOARD!$D18) -> 0 | N18: =COUNTIFS('BASIC CAUSE INSIDEN'!$N$2:$N$1048576,DASHBOARD!$N$12,'BASIC CAUSE INSIDEN'!$F$2:$F$1048576,DASHBOARD!$D18) -> 0 | O18: =COUNTIFS('BASIC CAUSE INSIDEN'!$N$2:$N$1048576,DASHBOARD!$O$12,'BASIC CAUSE INSIDEN'!$F$2:$F$1048576,DASHBOARD!$D18) -> 0 | P18: =COUNTIFS('BASIC CAUSE INSIDEN'!$N$2:$N$1048576,DASHBOARD!$P$12,'BASIC CAUSE INSIDEN'!$F$2:$F$1048576,DASHBOARD!$D18) -> 0 | Q18: =COUNTIFS('BASIC CAUSE INSIDEN'!$N$2:$N$1048576,DASHBOARD!$Q$12,'BASIC CAUSE INSIDEN'!$F$2:$F$1048576,DASHBOARD!$D18) -> 1 | R18: =SUM(J18:Q18) -> 8 | S18: 0 | T18: 49019660 | U18: =(O18*1000000)/F18 -> 0 | V18: {=SUM(K18:P18*1000000)/F18} -> 13.098864 | W18: =(K18*1000000)/F18 -> 13.098864 | X18: =(S18*1000000)/F18 -> 0 | Y18: {=SUM(K18:P18*1000000)/F18} -> 13.098864 | Z18: =T18/F18 -> 128.42037
C19: 7 | D19: JULI | E19: 1721 | F19: 418169 | G19: =F19/31*31 -> 418169 | H19: 1143 | I19: 193 | J19: =COUNTIFS('BASIC CAUSE INSIDEN'!$N$2:$N$1048576,DASHBOARD!$J$12,'BASIC CAUSE INSIDEN'!$F$2:$F$1048576,DASHBOARD!$D19) -> 1 | K19: =COUNTIFS('BASIC CAUSE INSIDEN'!$N$2:$N$1048576,DASHBOARD!$K$12,'BASIC CAUSE INSIDEN'!$F$2:$F$1048576,DASHBOARD!$D19) -> 3 | L19: =COUNTIFS('BASIC CAUSE INSIDEN'!$N$2:$N$1048576,DASHBOARD!$L$12,'BASIC CAUSE INSIDEN'!$F$2:$F$1048576,DASHBOARD!$D19) -> 0 | M19: =COUNTIFS('BASIC CAUSE INSIDEN'!$N$2:$N$1048576,DASHBOARD!$M$12,'BASIC CAUSE INSIDEN'!$F$2:$F$1048576,DASHBOARD!$D19) -> 2 | N19: =COUNTIFS('BASIC CAUSE INSIDEN'!$N$2:$N$1048576,DASHBOARD!$N$12,'BASIC CAUSE INSIDEN'!$F$2:$F$1048576,DASHBOARD!$D19) -> 0 | O19: =COUNTIFS('BASIC CAUSE INSIDEN'!$N$2:$N$1048576,DASHBOARD!$O$12,'BASIC CAUSE INSIDEN'!$F$2:$F$1048576,DASHBOARD!$D19) -> 0 | P19: =COUNTIFS('BASIC CAUSE INSIDEN'!$N$2:$N$1048576,DASHBOARD!$P$12,'BASIC CAUSE INSIDEN'!$F$2:$F$1048576,DASHBOARD!$D19) -> 0 | Q19: =COUNTIFS('BASIC CAUSE INSIDEN'!$N$2:$N$1048576,DASHBOARD!$Q$12,'BASIC CAUSE INSIDEN'!$F$2:$F$1048576,DASHBOARD!$D19) -> 1 | R19: =SUM(J19:Q19) -> 7 | S19: 0 | T19: 1884392334 | U19: =(O19*1000000)/F19 -> 0 | V19: {=SUM(K19:P19*1000000)/F19} -> 11.956888 | W19: =(K19*1000000)/F19 -> 7.1741329 | X19: =(S19*1000000)/F19 -> 0 | Y19: {=SUM(K19:P19*1000000)/F19} -> 11.956888 | Z19: =T19/F19 -> 4506.2937
C20: 8 | D20: AGST | E20: 1809 | F20: 421621.5 | G20: =F20/31*31 -> 421621.5 | J20: =COUNTIFS('BASIC CAUSE INSIDEN'!$N$2:$N$1048576,DASHBOARD!$J$12,'BASIC CAUSE INSIDEN'!$F$2:$F$1048576,DASHBOARD!$D20) -> 5 | K20: =COUNTIFS('BASIC CAUSE INSIDEN'!$N$2:$N$1048576,DASHBOARD!$K$12,'BASIC CAUSE INSIDEN'!$F$2:$F$1048576,DASHBOARD!$D20) -> 3 | L20: =COUNTIFS('BASIC CAUSE INSIDEN'!$N$2:$N$1048576,DASHBOARD!$L$12,'BASIC CAUSE INSIDEN'!$F$2:$F$1048576,DASHBOARD!$D20) -> 0 | M20: =COUNTIFS('BASIC CAUSE INSIDEN'!$N$2:$N$1048576,DASHBOARD!$M$12,'BASIC CAUSE INSIDEN'!$F$2:$F$1048576,DASHBOARD!$D20) -> 0 | N20: =COUNTIFS('BASIC CAUSE INSIDEN'!$N$2:$N$1048576,DASHBOARD!$N$12,'BASIC CAUSE INSIDEN'!$F$2:$F$1048576,DASHBOARD!$D20) -> 0 | O20: =COUNTIFS('BASIC CAUSE INSIDEN'!$N$2:$N$1048576,DASHBOARD!$O$12,'BASIC CAUSE INSIDEN'!$F$2:$F$1048576,DASHBOARD!$D20) -> 0 | P20: =COUNTIFS('BASIC CAUSE INSIDEN'!$N$2:$N$1048576,DASHBOARD!$P$12,'BASIC CAUSE INSIDEN'!$F$2:$F$1048576,DASHBOARD!$D20) -> 0 | Q20: =COUNTIFS('BASIC CAUSE INSIDEN'!$N$2:$N$1048576,DASHBOARD!$Q$12,'BASIC CAUSE INSIDEN'!$F$2:$F$1048576,DASHBOARD!$D20) -> 1 | R20: =SUM(J20:Q20) -> 9 | S20: 0 | T20: 1193000000 | U20: =(O20*1000000)/F20 -> 0 | V20: {=SUM(K20:P20*1000000)/F20} -> 7.1153867 | W20: =(K20*1000000)/F20 -> 7.1153867 | X20: =(S20*1000000)/F20 -> 0 | Y20: {=SUM(K20:P20*1000000)/F20} -> 7.1153867 | Z20: =T20/F20 -> 2829.5521
C21: 9 | D21: SEPT | E21: 1810 | F21: 426966.5 | G21: =F21/30*30 -> 426966.5 | J21: =COUNTIFS('BASIC CAUSE INSIDEN'!$N$2:$N$1048576,DASHBOARD!$J$12,'BASIC CAUSE INSIDEN'!$F$2:$F$1048576,DASHBOARD!$D21) -> 1 | K21: =COUNTIFS('BASIC CAUSE INSIDEN'!$N$2:$N$1048576,DASHBOARD!$K$12,'BASIC CAUSE INSIDEN'!$F$2:$F$1048576,DASHBOARD!$D21) -> 2 | L21: =COUNTIFS('BASIC CAUSE INSIDEN'!$N$2:$N$1048576,DASHBOARD!$L$12,'BASIC CAUSE INSIDEN'!$F$2:$F$1048576,DASHBOARD!$D21) -> 0 | M21: =COUNTIFS('BASIC CAUSE INSIDEN'!$N$2:$N$1048576,DASHBOARD!$M$12,'BASIC CAUSE INSIDEN'!$F$2:$F$1048576,DASHBOARD!$D21) -> 0 | N21: =COUNTIFS('BASIC CAUSE INSIDEN'!$N$2:$N$1048576,DASHBOARD!$N$12,'BASIC CAUSE INSIDEN'!$F$2:$F$1048576,DASHBOARD!$D21) -> 0 | O21: =COUNTIFS('BASIC CAUSE INSIDEN'!$N$2:$N$1048576,DASHBOARD!$O$12,'BASIC CAUSE INSIDEN'!$F$2:$F$1048576,DASHBOARD!$D21) -> 0 | P21: =COUNTIFS('BASIC CAUSE INSIDEN'!$N$2:$N$1048576,DASHBOARD!$P$12,'BASIC CAUSE INSIDEN'!$F$2:$F$1048576,DASHBOARD!$D21) -> 0 | Q21: =COUNTIFS('BASIC CAUSE INSIDEN'!$N$2:$N$1048576,DASHBOARD!$Q$12,'BASIC CAUSE INSIDEN'!$F$2:$F$1048576,DASHBOARD!$D21) -> 0 | R21: =SUM(J21:Q21) -> 3 | S21: 0 | T21: 26250000 | U21: =(O21*1000000)/F21 -> 0 | V21: {=SUM(K21:P21*1000000)/F21} -> 4.6842082 | W21: =(K21*1000000)/F21 -> 4.6842082 | X21: =(S21*1000000)/F21 -> 0 | Y21: {=SUM(K21:P21*1000000)/F21} -> 4.6842082 | Z21: =T21/F21 -> 61.480233
C22: 10 | D22: OKT | E22: 1810 | F22: 426966.5 | G22: =F22/31*31 -> 426966.5 | J22: =COUNTIFS('BASIC CAUSE INSIDEN'!$N$2:$N$1048576,DASHBOARD!$J$12,'BASIC CAUSE INSIDEN'!$F$2:$F$1048576,DASHBOARD!$D22) -> 1 | K22: =COUNTIFS('BASIC CAUSE INSIDEN'!$N$2:$N$1048576,DASHBOARD!$K$12,'BASIC CAUSE INSIDEN'!$F$2:$F$1048576,DASHBOARD!$D22) -> 2 | L22: =COUNTIFS('BASIC CAUSE INSIDEN'!$N$2:$N$1048576,DASHBOARD!$L$12,'BASIC CAUSE INSIDEN'!$F$2:$F$1048576,DASHBOARD!$D22) -> 0 | M22: =COUNTIFS('BASIC CAUSE INSIDEN'!$N$2:$N$1048576,DASHBOARD!$M$12,'BASIC CAUSE INSIDEN'!$F$2:$F$1048576,DASHBOARD!$D22) -> 0 | N22: =COUNTIFS('BASIC CAUSE INSIDEN'!$N$2:$N$1048576,DASHBOARD!$N$12,'BASIC CAUSE INSIDEN'!$F$2:$F$1048576,DASHBOARD!$D22) -> 0 | O22: =COUNTIFS('BASIC CAUSE INSIDEN'!$N$2:$N$1048576,DASHBOARD!$O$12,'BASIC CAUSE INSIDEN'!$F$2:$F$1048576,DASHBOARD!$D22) -> 0 | P22: =COUNTIFS('BASIC CAUSE INSIDEN'!$N$2:$N$1048576,DASHBOARD!$P$12,'BASIC CAUSE INSIDEN'!$F$2:$F$1048576,DASHBOARD!$D22) -> 0 | Q22: =COUNTIFS('BASIC CAUSE INSIDEN'!$N$2:$N$1048576,DASHBOARD!$Q$12,'BASIC CAUSE INSIDEN'!$F$2:$F$1048576,DASHBOARD!$D22) -> 1 | R22: =SUM(J22:Q22) -> 4 | U22: =(O22*1000000)/F22 -> 0 | V22: {=SUM(K22:P22*1000000)/F22} -> 4.6842082 | W22: =(K22*1000000)/F22 -> 4.6842082 | X22: =(S22*1000000)/F22 -> 0 | Y22: {=SUM(K22:P22*1000000)/F22} -> 4.6842082 | Z22: =T22/F22 -> 0
C23: 11 | D23: NOV | J23: =COUNTIFS('BASIC CAUSE INSIDEN'!$N$2:$N$1048576,DASHBOARD!$J$12,'BASIC CAUSE INSIDEN'!$F$2:$F$1048576,DASHBOARD!$D23) -> 0 | K23: =COUNTIFS('BASIC CAUSE INSIDEN'!$N$2:$N$1048576,DASHBOARD!$K$12,'BASIC CAUSE INSIDEN'!$F$2:$F$1048576,DASHBOARD!$D23) -> 0 | L23: =COUNTIFS('BASIC CAUSE INSIDEN'!$N$2:$N$1048576,DASHBOARD!$L$12,'BASIC CAUSE INSIDEN'!$F$2:$F$1048576,DASHBOARD!$D23) -> 0 | M23: =COUNTIFS('BASIC CAUSE INSIDEN'!$N$2:$N$1048576,DASHBOARD!$M$12,'BASIC CAUSE INSIDEN'!$F$2:$F$1048576,DASHBOARD!$D23) -> 0 | N23: =COUNTIFS('BASIC CAUSE INSIDEN'!$N$2:$N$1048576,DASHBOARD!$N$12,'BASIC CAUSE INSIDEN'!$F$2:$F$1048576,DASHBOARD!$D23) -> 0 | O23: =COUNTIFS('BASIC CAUSE INSIDEN'!$N$2:$N$1048576,DASHBOARD!$O$12,'BASIC CAUSE INSIDEN'!$F$2:$F$1048576,DASHBOARD!$D23) -> 0 | P23: =COUNTIFS('BASIC CAUSE INSIDEN'!$N$2:$N$1048576,DASHBOARD!$P$12,'BASIC CAUSE INSIDEN'!$F$2:$F$1048576,DASHBOARD!$D23) -> 0 | Q23: =COUNTIFS('BASIC CAUSE INSIDEN'!$N$2:$N$1048576,DASHBOARD!$Q$12,'BASIC CAUSE INSIDEN'!$F$2:$F$1048576,DASHBOARD!$D23) -> 0 | R23: =SUM(J23:Q23) -> 0 | U23: =(O23*1000000)/F23 -> #DIV/0! | V23: {=SUM(K23:P23*1000000)/F23} -> #DIV/0! | W23: =(K23*1000000)/F23 -> #DIV/0! | X23: =(S23*1000000)/F23 -> #DIV/0! | Y23: {=SUM(K23:P23*1000000)/F23} -> #DIV/0! | Z23: =T23/F23 -> #DIV/0!
C24: 12 | D24: DES | J24: =COUNTIFS('BASIC CAUSE INSIDEN'!$N$2:$N$1048576,DASHBOARD!$J$12,'BASIC CAUSE INSIDEN'!$F$2:$F$1048576,DASHBOARD!$D24) -> 0 | K24: =COUNTIFS('BASIC CAUSE INSIDEN'!$N$2:$N$1048576,DASHBOARD!$K$12,'BASIC CAUSE INSIDEN'!$F$2:$F$1048576,DASHBOARD!$D24) -> 0 | L24: =COUNTIFS('BASIC CAUSE INSIDEN'!$N$2:$N$1048576,DASHBOARD!$L$12,'BASIC CAUSE INSIDEN'!$F$2:$F$1048576,DASHBOARD!$D24) -> 0 | M24: =COUNTIFS('BASIC CAUSE INSIDEN'!$N$2:$N$1048576,DASHBOARD!$M$12,'BASIC CAUSE INSIDEN'!$F$2:$F$1048576,DASHBOARD!$D24) -> 0 | N24: =COUNTIFS('BASIC CAUSE INSIDEN'!$N$2:$N$1048576,DASHBOARD!$N$12,'BASIC CAUSE INSIDEN'!$F$2:$F$1048576,DASHBOARD!$D24) -> 0 | O24: =COUNTIFS('BASIC CAUSE INSIDEN'!$N$2:$N$1048576,DASHBOARD!$O$12,'BASIC CAUSE INSIDEN'!$F$2:$F$1048576,DASHBOARD!$D24) -> 0 | P24: =COUNTIFS('BASIC CAUSE INSIDEN'!$N$2:$N$1048576,DASHBOARD!$P$12,'BASIC CAUSE INSIDEN'!$F$2:$F$1048576,DASHBOARD!$D24) -> 0 | Q24: =COUNTIFS('BASIC CAUSE INSIDEN'!$N$2:$N$1048576,DASHBOARD!$Q$12,'BASIC CAUSE INSIDEN'!$F$2:$F$1048576,DASHBOARD!$D24) -> 0 | R24: =SUM(J24:Q24) -> 0 | U24: =(O24*1000000)/F24 -> #DIV/0! | V24: {=SUM(K24:P24*1000000)/F24} -> #DIV/0! | W24: =(K24*1000000)/F24 -> #DIV/0! | X24: =(S24*1000000)/F24 -> #DIV/0! | Y24: {=SUM(K24:P24*1000000)/F24} -> #DIV/0! | Z24: =T24/F24 -> #DIV/0!
C25: TOTAL | E25: =SUM(E13:E24) -> 15076 | F25: =SUM(F13:F24) -> 3474949 | G25: =SUM(G13:G24) -> 3474949 | H25: =SUM(H13:H24) -> 4317 | I25: =SUM(I13:I24) -> 955 | J25: =SUM(J13:J24) -> 26 | K25: =SUM(K13:K24) -> 38 | L25: =SUM(L13:L24) -> 0 | ... T25: =SUM(T13:T24) -> 1.0017108e+10 | U25: =(O25*1000000)/F25 -> 0 | V25: {=SUM(K25:P25*1000000)/F25} -> 11.798734 | W25: =(K25*1000000)/F25 -> 10.935412 | X25: =(S25*1000000)/F25 -> 25.899661 | Y25: {=SUM(K25:P25*1000000)/F25} -> 11.798734 | Z25: =T25/F25 -> 2882.6634
C28: REKOMENDASI & LAYERING PENANGGUNG JAWAB AREA (PJA)
C31: NO | E31: Rekomendasi Insiden | H31: Layering Penanggung Jawab Area (PJA) | V31: Klasifikasi
D32: BULAN | E32: REKOMENDASI | F32: ACTUAL | G32: PERSEN % | H32: PRODUKSI HAULING | I32: PRODUKSI MINING | J32: PROCON | K32: MINE PLAN | L32: PITCON & SURVEY | M32: TRAINING | N32: PLANT TUHUP | O32: PLANT HAJU | P32: PLANT CHPP | Q32: HRGA | R32: LOGISTIK | S32: SHE | T32: AMC | U32: HPRI | V32: NON HPRI | W32: TOTAL
C33: 1 | D33: JAN | E33: =COUNTA('RINCIAN KECELAKAAN'!N8:N64) -> 57 | F33: =COUNTIFS('RINCIAN KECELAKAAN'!$S8:$S64,'RINCIAN KECELAKAAN'!$AB$8) -> 57 | G33: =F33/E33 -> 1 | H33: =COUNTIF('RINCIAN KECELAKAAN'!$R8:$R64,DASHBOARD!H32) -> 28 | I33: =COUNTIF('RINCIAN KECELAKAAN'!$R8:$R64,DASHBOARD!I32) -> 2 | J33: =COUNTIF('RINCIAN KECELAKAAN'!$R8:$R64,DASHBOARD!J32) -> 0 | K33: =COUNTIF('RINCIAN KECELAKAAN'!$R8:$R64,DASHBOARD!K32) -> 0 | L33: =COUNTIF('RINCIAN KECELAKAAN'!$R8:$R64,DASHBOARD!L32) -> 0 | M33: =COUNTIF('RINCIAN KECELAKAAN'!$R8:$R64,DASHBOARD!M32) -> 8 | N33: =COUNTIF('RINCIAN KECELAKAAN'!$R8:$R64,DASHBOARD!N32) -> 0 | O33: =COUNTIF('RINCIAN KECELAKAAN'!$R8:$R64,DASHBOARD!O32) -> 9 | ... T33: =COUNTIF('RINCIAN KECELAKAAN'!$R8:$R64,DASHBOARD!T32) -> 2 | U33: =COUNTIF('RINCIAN KECELAKAAN'!$T8:$T64,DASHBOARD!U32) -> 5 | V33: =COUNTIF('RINCIAN KECELAKAAN'!$T8:$T64,DASHBOARD!V32) -> 7 | W33: =SUM(U33:V33) -> 12
C34: 2 | D34: FEB | E34: =COUNTA('RINCIAN KECELAKAAN'!S65:S93) -> 29 | F34: =COUNTIF('RINCIAN KECELAKAAN'!$S$65:$S$93,'RINCIAN KECELAKAAN'!$AB$8) -> 29 | G34: =F34/E34 -> 1 | H34: =COUNTIF('RINCIAN KECELAKAAN'!$R65:$R93,DASHBOARD!H32) -> 15 | I34: =COUNTIF('RINCIAN KECELAKAAN'!$R65:$R93,DASHBOARD!I32) -> 4 | J34: =COUNTIF('RINCIAN KECELAKAAN'!$R65:$R93,DASHBOARD!J32) -> 0 | K34: =COUNTIF('RINCIAN KECELAKAAN'!$R65:$R93,DASHBOARD!K32) -> 0 | L34: =COUNTIF('RINCIAN KECELAKAAN'!$R65:$R93,DASHBOARD!L32) -> 1 | M34: =COUNTIF('RINCIAN KECELAKAAN'!$R65:$R93,DASHBOARD!M32) -> 1 | N34: =COUNTIF('RINCIAN KECELAKAAN'!$R65:$R93,DASHBOARD!N32) -> 0 | O34: =COUNTIF('RINCIAN KECELAKAAN'!$R65:$R93,DASHBOARD!O32) -> 3 | ... T34: =COUNTIF('RINCIAN KECELAKAAN'!$R65:$R93,DASHBOARD!T32) -> 0 | U34: =COUNTIF('RINCIAN KECELAKAAN'!$T65:$T93,DASHBOARD!U32) -> 4 | V34: =COUNTIF('RINCIAN KECELAKAAN'!$T65:$T93,DASHBOARD!V32) -> 1 | W34: =SUM(U34:V34) -> 5
C35: 3 | D35: MAR | E35: =COUNTA('RINCIAN KECELAKAAN'!S94:S133) -> 40 | F35: =COUNTIF('RINCIAN KECELAKAAN'!$S$94:$S$133,'RINCIAN KECELAKAAN'!$AB$8) -> 40 | G35: =F35/E35 -> 1 | H35: =COUNTIF('RINCIAN KECELAKAAN'!$R94:$R133,DASHBOARD!H32) -> 25 | I35: =COUNTIF('RINCIAN KECELAKAAN'!$R94:$R133,DASHBOARD!I32) -> 0 | J35: =COUNTIF('RINCIAN KECELAKAAN'!$R94:$R133,DASHBOARD!J32) -> 0 | K35: =COUNTIF('RINCIAN KECELAKAAN'!$R94:$R133,DASHBOARD!K32) -> 0 | L35: =COUNTIF('RINCIAN KECELAKAAN'!$R94:$R133,DASHBOARD!L32) -> 0 | M35: =COUNTIF('RINCIAN KECELAKAAN'!$R94:$R133,DASHBOARD!M32) -> 2 | N35: =COUNTIF('RINCIAN KECELAKAAN'!$R94:$R133,DASHBOARD!N32) -> 0 | O35: =COUNTIF('RINCIAN KECELAKAAN'!$R94:$R133,DASHBOARD!O32) -> 0 | ... T35: =COUNTIF('RINCIAN KECELAKAAN'!$R94:$R133,DASHBOARD!T32) -> 1 | U35: =COUNTIF('RINCIAN KECELAKAAN'!$T94:$T133,DASHBOARD!U32) -> 3 | V35: =COUNTIF('RINCIAN KECELAKAAN'!$T94:$T133,DASHBOARD!V32) -> 4 | W35: =SUM(U35:V35) -> 7
C36: 4 | D36: APR | E36: =COUNTA('RINCIAN KECELAKAAN'!S134:S192) -> 59 | F36: =COUNTIF('RINCIAN KECELAKAAN'!$S$134:$S$192,'RINCIAN KECELAKAAN'!$AB$8) -> 59 | G36: =F36/E36 -> 1 | H36: =COUNTIF('RINCIAN KECELAKAAN'!$R134:$R192,DASHBOARD!H32) -> 28 | I36: =COUNTIF('RINCIAN KECELAKAAN'!$R134:$R192,DASHBOARD!I32) -> 0 | J36: =COUNTIF('RINCIAN KECELAKAAN'!$R134:$R192,DASHBOARD!J32) -> 0 | K36: =COUNTIF('RINCIAN KECELAKAAN'!$R134:$R192,DASHBOARD!K32) -> 0 | L36: =COUNTIF('RINCIAN KECELAKAAN'!$R134:$R192,DASHBOARD!L32) -> 1 | M36: =COUNTIF('RINCIAN KECELAKAAN'!$R134:$R192,DASHBOARD!M32) -> 7 | N36: =COUNTIF('RINCIAN KECELAKAAN'!$R134:$R192,DASHBOARD!N32) -> 0 | O36: =COUNTIF('RINCIAN KECELAKAAN'!$R134:$R192,DASHBOARD!O32) -> 6 | ... T36: =COUNTIF('RINCIAN KECELAKAAN'!$R134:$R192,DASHBOARD!T32) -> 2 | U36: =COUNTIF('RINCIAN KECELAKAAN'!$T134:$T192,DASHBOARD!U32) -> 4 | V36: =COUNTIF('RINCIAN KECELAKAAN'!$T134:$T192,DASHBOARD!V32) -> 5 | W36: =SUM(U36:V36) -> 9
C37: 5 | D37: MEI | E37: =COUNTA('RINCIAN KECELAKAAN'!S193:S270) -> 78 | F37: =COUNTIF('RINCIAN KECELAKAAN'!$S$193:$S$270,'RINCIAN KECELAKAAN'!$AB$8) -> 78 | G37: =F37/E37 -> 1 | H37: =COUNTIF('RINCIAN KECELAKAAN'!$R193:$R270,DASHBOARD!H32) -> 17 | I37: =COUNTIF('RINCIAN KECELAKAAN'!$R193:$R270,DASHBOARD!I32) -> 22 | J37: =COUNTIF('RINCIAN KECELAKAAN'!$R193:$R270,DASHBOARD!J32) -> 0 | K37: =COUNTIF('RINCIAN KECELAKAAN'!$R193:$R270,DASHBOARD!K32) -> 1 | L37: =COUNTIF('RINCIAN KECELAKAAN'!$R193:$R270,DASHBOARD!L32) -> 0 | M37: =COUNTIF('RINCIAN KECELAKAAN'!$R193:$R270,DASHBOARD!M32) -> 7 | N37: =COUNTIF('RINCIAN KECELAKAAN'!$R193:$R270,DASHBOARD!N32) -> 0 | O37: =COUNTIF('RINCIAN KECELAKAAN'!$R193:$R270,DASHBOARD!O32) -> 23 | ... T37: =COUNTIF('RINCIAN KECELAKAAN'!$R193:$R270,DASHBOARD!T32) -> 0 | U37: =COUNTIF('RINCIAN KECELAKAAN'!$T193:$T270,DASHBOARD!U32) -> 7 | V37: =COUNTIF('RINCIAN KECELAKAAN'!$T193:$T270,DASHBOARD!V32) -> 3 | W37: =SUM(U37:V37) -> 10
C38: 6 | D38: JUN | E38: =COUNTA('RINCIAN KECELAKAAN'!S271:S331) -> 61 | F38: =COUNTIF('RINCIAN KECELAKAAN'!$S$271:$S$331,'RINCIAN KECELAKAAN'!$AB$8) -> 61 | G38: =F38/E38 -> 1 | H38: =COUNTIF('RINCIAN KECELAKAAN'!$R271:$R331,DASHBOARD!H32) -> 23 | I38: =COUNTIF('RINCIAN KECELAKAAN'!$R271:$R331,DASHBOARD!I32) -> 9 | J38: =COUNTIF('RINCIAN KECELAKAAN'!$R271:$R331,DASHBOARD!J32) -> 0 | K38: =COUNTIF('RINCIAN KECELAKAAN'!$R271:$R331,DASHBOARD!K32) -> 0 | L38: =COUNTIF('RINCIAN KECELAKAAN'!$R271:$R331,DASHBOARD!L32) -> 0 | M38: =COUNTIF('RINCIAN KECELAKAAN'!$R271:$R331,DASHBOARD!M32) -> 1 | N38: =COUNTIF('RINCIAN KECELAKAAN'!$R271:$R331,DASHBOARD!N32) -> 0 | O38: =COUNTIF('RINCIAN KECELAKAAN'!$R271:$R331,DASHBOARD!O32) -> 18 | ... T38: =COUNTIF('RINCIAN KECELAKAAN'!$R271:$R331,DASHBOARD!T32) -> 2 | U38: =COUNTIF('RINCIAN KECELAKAAN'!$T271:$T331,DASHBOARD!U32) -> 3 | V38: =COUNTIF('RINCIAN KECELAKAAN'!$T271:$T331,DASHBOARD!V32) -> 5 | W38: =SUM(U38:V38) -> 8
C39: 7 | D39: JULI | E39: =COUNTA('RINCIAN KECELAKAAN'!S332:S394) -> 63 | F39: =COUNTIF('RINCIAN KECELAKAAN'!$S$332:$S$394,'RINCIAN KECELAKAAN'!$AB$8) -> 63 | G39: =F39/E39 -> 1 | H39: =COUNTIF('RINCIAN KECELAKAAN'!$R332:$R394,DASHBOARD!H32) -> 25 | I39: =COUNTIF('RINCIAN KECELAKAAN'!$R332:$R394,DASHBOARD!I32) -> 0 | J39: =COUNTIF('RINCIAN KECELAKAAN'!$R332:$R394,DASHBOARD!J32) -> 0 | K39: =COUNTIF('RINCIAN KECELAKAAN'!$R332:$R394,DASHBOARD!K32) -> 0 | L39: =COUNTIF('RINCIAN KECELAKAAN'!$R332:$R394,DASHBOARD!L32) -> 0 | M39: =COUNTIF('RINCIAN KECELAKAAN'!$R332:$R394,DASHBOARD!M32) -> 0 | N39: =COUNTIF('RINCIAN KECELAKAAN'!$R332:$R394,DASHBOARD!N32) -> 0 | O39: =COUNTIF('RINCIAN KECELAKAAN'!$R332:$R394,DASHBOARD!O32) -> 8 | ... T39: =COUNTIF('RINCIAN KECELAKAAN'!$R332:$R394,DASHBOARD!T32) -> 1 | U39: =COUNTIF('RINCIAN KECELAKAAN'!$T332:$T394,DASHBOARD!U32) -> 4 | V39: =COUNTIF('RINCIAN KECELAKAAN'!$T332:$T394,DASHBOARD!V32) -> 3 | W39: =SUM(U39:V39) -> 7
C40: 8 | D40: AGST | E40: =COUNTA('RINCIAN KECELAKAAN'!S395:S427) -> 31 | F40: =COUNTIF('RINCIAN KECELAKAAN'!$S$395:$S$427,'RINCIAN KECELAKAAN'!$AB$8) -> 30 | G40: =F40/E40 -> 0.96774194 | H40: =COUNTIF('RINCIAN KECELAKAAN'!$R395:$R427,DASHBOARD!H32) -> 15 | I40: =COUNTIF('RINCIAN KECELAKAAN'!$R395:$R427,DASHBOARD!I32) -> 6 | J40: =COUNTIF('RINCIAN KECELAKAAN'!$R395:$R427,DASHBOARD!J32) -> 0 | K40: =COUNTIF('RINCIAN KECELAKAAN'!$R395:$R427,DASHBOARD!K32) -> 0 | L40: =COUNTIF('RINCIAN KECELAKAAN'!$R395:$R427,DASHBOARD!L32) -> 1 | M40: =COUNTIF('RINCIAN KECELAKAAN'!$R395:$R427,DASHBOARD!M32) -> 1 | N40: =COUNTIF('RINCIAN KECELAKAAN'!$R395:$R427,DASHBOARD!N32) -> 0 | O40: =COUNTIF('RINCIAN KECELAKAAN'!$R395:$R427,DASHBOARD!O32) -> 2 | ... T40: =COUNTIF('RINCIAN KECELAKAAN'!$R395:$R427,DASHBOARD!T32) -> 0 | U40: =COUNTIF('RINCIAN KECELAKAAN'!$T395:$T427,DASHBOARD!U32) -> 2 | V40: =COUNTIF('RINCIAN KECELAKAAN'!$T395:$T427,DASHBOARD!V32) -> 7 | W40: =SUM(U40:V40) -> 9
C41: 9 | D41: SEPT | E41: =COUNTA('RINCIAN KECELAKAAN'!S428:S447) -> 19 | F41: =COUNTIF('RINCIAN KECELAKAAN'!$S$428:$S$447,'RINCIAN KECELAKAAN'!$AB$8) -> 11 | G41: =F41/E41 -> 0.57894737 | H41: =COUNTIF('RINCIAN KECELAKAAN'!$R428:$R447,DASHBOARD!H32) -> 7 | I41: =COUNTIF('RINCIAN KECELAKAAN'!$R428:$R447,DASHBOARD!I32) -> 7 | J41: =COUNTIF('RINCIAN KECELAKAAN'!$R428:$R447,DASHBOARD!J32) -> 0 | K41: =COUNTIF('RINCIAN KECELAKAAN'!$R428:$R447,DASHBOARD!K32) -> 0 | L41: =COUNTIF('RINCIAN KECELAKAAN'!$R428:$R447,DASHBOARD!L32) -> 0 | M41: =COUNTIF('RINCIAN KECELAKAAN'!$R428:$R447,DASHBOARD!M32) -> 2 | N41: =COUNTIF('RINCIAN KECELAKAAN'!$R428:$R447,DASHBOARD!N32) -> 0 | O41: =COUNTIF('RINCIAN KECELAKAAN'!$R428:$R447,DASHBOARD!O32) -> 3 | ... T41: =COUNTIF('RINCIAN KECELAKAAN'!$R428:$R447,DASHBOARD!T32) -> 0 | U41: =COUNTIF('RINCIAN KECELAKAAN'!$T428:$T447,DASHBOARD!U32) -> 2 | V41: =COUNTIF('RINCIAN KECELAKAAN'!$T428:$T447,DASHBOARD!V32) -> 1 | W41: =SUM(U41:V41) -> 3
C42: 10 | D42: OKT | E42: =COUNTA('RINCIAN KECELAKAAN'!S448:S456) -> 6 | F42: =COUNTIF('RINCIAN KECELAKAAN'!$S$448:$S$456,'RINCIAN KECELAKAAN'!$AB$8) -> 6 | G42: =F42/E42 -> 1 | H42: =COUNTIF('RINCIAN KECELAKAAN'!$R448:$R456,DASHBOARD!H32) -> 0 | I42: =COUNTIF('RINCIAN KECELAKAAN'!$R448:$R456,DASHBOARD!I32) -> 0 | J42: =COUNTIF('RINCIAN KECELAKAAN'!$R448:$R456,DASHBOARD!J32) -> 0 | K42: =COUNTIF('RINCIAN KECELAKAAN'!$R448:$R456,DASHBOARD!K32) -> 0 | L42: =COUNTIF('RINCIAN KECELAKAAN'!$R448:$R456,DASHBOARD!L32) -> 0 | M42: =COUNTIF('RINCIAN KECELAKAAN'!$R448:$R456,DASHBOARD!M32) -> 0 | N42: =COUNTIF('RINCIAN KECELAKAAN'!$R448:$R456,DASHBOARD!N32) -> 0 | O42: =COUNTIF('RINCIAN KECELAKAAN'!$R448:$R456,DASHBOARD!O32) -> 0 | ... T42: =COUNTIF('RINCIAN KECELAKAAN'!$R448:$R456,DASHBOARD!T32) -> 0 | U42: =COUNTIF('RINCIAN KECELAKAAN'!$T448:$T456,DASHBOARD!U32) -> 0 | V42: =COUNTIF('RINCIAN KECELAKAAN'!$T448:$T456,DASHBOARD!V32) -> 1 | W42: =SUM(U42:V42) -> 1
C43: 11 | D43: NOV
C44: 12 | D44: DES
C45: TOTAL | E45: =SUM(E33:E44) -> 443 | F45: =SUM(F33:F44) -> 434 | G45: =F45/E45 -> 0.97968397 | H45: =SUM(H33:H44) -> 183 | I45: =SUM(I33:I44) -> 50 | J45: =SUM(J33:J44) -> 0 | K45: =SUM(K33:K44) -> 1 | L45: =SUM(L33:L44) -> 3 | M45: =SUM(M33:M44) -> 29 | N45: =SUM(N33:N44) -> 0 | O45: =SUM(O33:O44) -> 72 | ... W45: =SUM(W33:W44) -> 71
E46: =E45-F45 -> 9
C48: LOKASI INSIDEN
C52: NO | E52: LOKASI INSIDEN
D53: BULAN | E53: MINING | F53: LNR | G53: CHR | H53: SHR | I53: ROM CHPP | J53: PORT TUHUP | K53: CSA | L53: PIT STOP | M53: TPS | N53: WORKSHOP | O53: WAREHOUSE | P53: MESS | Q53: KLINIK | R53: MINE ROAD AKSES | S53: TOTAL
C54: 1 | D54: JAN | E54: =COUNTIF('RINCIAN KECELAKAAN'!$H8:$H64,DASHBOARD!E53) -> 0 | F54: =COUNTIF('RINCIAN KECELAKAAN'!$H8:$H64,DASHBOARD!F53) -> 5 | G54: =COUNTIF('RINCIAN KECELAKAAN'!$H8:$H64,DASHBOARD!G53) -> 0 | H54: =COUNTIF('RINCIAN KECELAKAAN'!$H8:$H64,DASHBOARD!H53) -> 4 | I54: =COUNTIF('RINCIAN KECELAKAAN'!$H8:$H64,DASHBOARD!I53) -> 0 | J54: =COUNTIF('RINCIAN KECELAKAAN'!$H8:$H64,DASHBOARD!J53) -> 3 | K54: =COUNTIF('RINCIAN KECELAKAAN'!$H8:$H64,DASHBOARD!K53) -> 0 | L54: =COUNTIF('RINCIAN KECELAKAAN'!$H8:$H64,DASHBOARD!L53) -> 0 | ... R54: =COUNTIF('RINCIAN KECELAKAAN'!$H8:$H64,DASHBOARD!R53) -> 0 | S54: =SUM(E54:R54) -> 12
C55: 2 | D55: FEB | E55: =COUNTIF('RINCIAN KECELAKAAN'!$H65:$H93,DASHBOARD!E53) -> 1 | F55: =COUNTIF('RINCIAN KECELAKAAN'!$H65:$H93,DASHBOARD!F53) -> 0 | G55: =COUNTIF('RINCIAN KECELAKAAN'!$H65:$H93,DASHBOARD!G53) -> 0 | H55: =COUNTIF('RINCIAN KECELAKAAN'!$H65:$H93,DASHBOARD!H53) -> 4 | I55: =COUNTIF('RINCIAN KECELAKAAN'!$H65:$H93,DASHBOARD!I53) -> 0 | J55: =COUNTIF('RINCIAN KECELAKAAN'!$H65:$H93,DASHBOARD!J53) -> 0 | K55: =COUNTIF('RINCIAN KECELAKAAN'!$H65:$H93,DASHBOARD!K53) -> 0 | L55: =COUNTIF('RINCIAN KECELAKAAN'!$H65:$H93,DASHBOARD!L53) -> 0 | ... R55: =COUNTIF('RINCIAN KECELAKAAN'!$H65:$H93,DASHBOARD!R53) -> 0 | S55: =SUM(E55:R55) -> 5
C56: 3 | D56: MAR | E56: =COUNTIF('RINCIAN KECELAKAAN'!$H94:$H133,DASHBOARD!E53) -> 0 | F56: =COUNTIF('RINCIAN KECELAKAAN'!$H94:$H133,DASHBOARD!F53) -> 1 | G56: =COUNTIF('RINCIAN KECELAKAAN'!$H94:$H133,DASHBOARD!G53) -> 1 | H56: =COUNTIF('RINCIAN KECELAKAAN'!$H94:$H133,DASHBOARD!H53) -> 3 | I56: =COUNTIF('RINCIAN KECELAKAAN'!$H94:$H133,DASHBOARD!I53) -> 1 | J56: =COUNTIF('RINCIAN KECELAKAAN'!$H94:$H133,DASHBOARD!J53) -> 1 | K56: =COUNTIF('RINCIAN KECELAKAAN'!$H94:$H133,DASHBOARD!K53) -> 0 | L56: =COUNTIF('RINCIAN KECELAKAAN'!$H94:$H133,DASHBOARD!L53) -> 0 | ... R56: =COUNTIF('RINCIAN KECELAKAAN'!$H94:$H133,DASHBOARD!R53) -> 0 | S56: =SUM(E56:R56) -> 7
C57: 4 | D57: APR | E57: =COUNTIF('RINCIAN KECELAKAAN'!$H134:$H192,DASHBOARD!E53) -> 1 | F57: =COUNTIF('RINCIAN KECELAKAAN'!$H134:$H192,DASHBOARD!F53) -> 3 | G57: =COUNTIF('RINCIAN KECELAKAAN'!$H134:$H192,DASHBOARD!G53) -> 0 | H57: =COUNTIF('RINCIAN KECELAKAAN'!$H134:$H192,DASHBOARD!H53) -> 4 | I57: =COUNTIF('RINCIAN KECELAKAAN'!$H134:$H192,DASHBOARD!I53) -> 0 | J57: =COUNTIF('RINCIAN KECELAKAAN'!$H134:$H192,DASHBOARD!J53) -> 0 | K57: =COUNTIF('RINCIAN KECELAKAAN'!$H134:$H192,DASHBOARD!K53) -> 0 | L57: =COUNTIF('RINCIAN KECELAKAAN'!$H134:$H192,DASHBOARD!L53) -> 0 | ... R57: =COUNTIF('RINCIAN KECELAKAAN'!$H134:$H192,DASHBOARD!R53) -> 0 | S57: =SUM(E57:R57) -> 9
C58: 5 | D58: MEI | E58: =COUNTIF('RINCIAN KECELAKAAN'!$H193:$H270,DASHBOARD!E53) -> 4 | F58: =COUNTIF('RINCIAN KECELAKAAN'!$H193:$H270,DASHBOARD!F53) -> 1 | G58: =COUNTIF('RINCIAN KECELAKAAN'!$H193:$H270,DASHBOARD!G53) -> 0 | H58: =COUNTIF('RINCIAN KECELAKAAN'!$H193:$H270,DASHBOARD!H53) -> 4 | I58: =COUNTIF('RINCIAN KECELAKAAN'!$H193:$H270,DASHBOARD!I53) -> 0 | J58: =COUNTIF('RINCIAN KECELAKAAN'!$H193:$H270,DASHBOARD!J53) -> 0 | K58: =COUNTIF('RINCIAN KECELAKAAN'!$H193:$H270,DASHBOARD!K53) -> 0 | L58: =COUNTIF('RINCIAN KECELAKAAN'!$H193:$H270,DASHBOARD!L53) -> 0 | ... R58: =COUNTIF('RINCIAN KECELAKAAN'!$H193:$H270,DASHBOARD!R53) -> 0 | S58: =SUM(E58:R58) -> 10
C59: 6 | D59: JUN | E59: =COUNTIF('RINCIAN KECELAKAAN'!$H271:$H331,DASHBOARD!E53) -> 2 | F59: =COUNTIF('RINCIAN KECELAKAAN'!$H271:$H331,DASHBOARD!F53) -> 1 | G59: =COUNTIF('RINCIAN KECELAKAAN'!$H271:$H331,DASHBOARD!G53) -> 1 | H59: =COUNTIF('RINCIAN KECELAKAAN'!$H271:$H331,DASHBOARD!H53) -> 2 | I59: =COUNTIF('RINCIAN KECELAKAAN'!$H271:$H331,DASHBOARD!I53) -> 1 | J59: =COUNTIF('RINCIAN KECELAKAAN'!$H271:$H331,DASHBOARD!J53) -> 0 | K59: =COUNTIF('RINCIAN KECELAKAAN'!$H271:$H331,DASHBOARD!K53) -> 1 | L59: =COUNTIF('RINCIAN KECELAKAAN'!$H271:$H331,DASHBOARD!L53) -> 0 | ... R59: =COUNTIF('RINCIAN KECELAKAAN'!$H271:$H331,DASHBOARD!R53) -> 0 | S59: =SUM(E59:R59) -> 8
C60: 7 | D60: JULI | E60: =COUNTIF('RINCIAN KECELAKAAN'!$H$332:$H$394,DASHBOARD!E53) -> 0 | F60: =COUNTIF('RINCIAN KECELAKAAN'!$H$332:$H$394,DASHBOARD!F53) -> 1 | G60: =COUNTIF('RINCIAN KECELAKAAN'!$H$332:$H$394,DASHBOARD!G53) -> 0 | H60: =COUNTIF('RINCIAN KECELAKAAN'!$H$332:$H$394,DASHBOARD!H53) -> 4 | I60: =COUNTIF('RINCIAN KECELAKAAN'!$H$332:$H$394,DASHBOARD!I53) -> 1 | J60: =COUNTIF('RINCIAN KECELAKAAN'!$H$332:$H$394,DASHBOARD!J53) -> 0 | K60: =COUNTIF('RINCIAN KECELAKAAN'!$H$332:$H$394,DASHBOARD!K53) -> 0 | L60: =COUNTIF('RINCIAN KECELAKAAN'!$H$332:$H$394,DASHBOARD!L53) -> 0 | ... R60: =COUNTIF('RINCIAN KECELAKAAN'!$H$332:$H$394,DASHBOARD!R53) -> 0 | S60: =SUM(E60:R60) -> 7
C61: 8 | D61: AGST | E61: =COUNTIF('RINCIAN KECELAKAAN'!$H$395:$H$427,DASHBOARD!E53) -> 0 | F61: =COUNTIF('RINCIAN KECELAKAAN'!$H$395:$H$427,DASHBOARD!F53) -> 3 | G61: =COUNTIF('RINCIAN KECELAKAAN'!$H$395:$H$427,DASHBOARD!G53) -> 0 | H61: =COUNTIF('RINCIAN KECELAKAAN'!$H$395:$H$427,DASHBOARD!H53) -> 2 | I61: =COUNTIF('RINCIAN KECELAKAAN'!$H$395:$H$427,DASHBOARD!I53) -> 1 | J61: =COUNTIF('RINCIAN KECELAKAAN'!$H$395:$H$427,DASHBOARD!J53) -> 1 | K61: =COUNTIF('RINCIAN KECELAKAAN'!$H$395:$H$427,DASHBOARD!K53) -> 0 | L61: =COUNTIF('RINCIAN KECELAKAAN'!$H$395:$H$427,DASHBOARD!L53) -> 0 | ... R61: =COUNTIF('RINCIAN KECELAKAAN'!$H$395:$H$427,DASHBOARD!R53) -> 1 | S61: =SUM(E61:R61) -> 9
C62: 9 | D62: SEPT | E62: =COUNTIF('RINCIAN KECELAKAAN'!$H$428:$H$447,DASHBOARD!E53) -> 1 | F62: =COUNTIF('RINCIAN KECELAKAAN'!$H$428:$H$447,DASHBOARD!F53) -> 1 | G62: =COUNTIF('RINCIAN KECELAKAAN'!$H$428:$H$447,DASHBOARD!G53) -> 0 | H62: =COUNTIF('RINCIAN KECELAKAAN'!$H$428:$H$447,DASHBOARD!H53) -> 1 | I62: =COUNTIF('RINCIAN KECELAKAAN'!$H$428:$H$447,DASHBOARD!I53) -> 0 | J62: =COUNTIF('RINCIAN KECELAKAAN'!$H$428:$H$447,DASHBOARD!J53) -> 0 | K62: =COUNTIF('RINCIAN KECELAKAAN'!$H$428:$H$447,DASHBOARD!K53) -> 0 | L62: =COUNTIF('RINCIAN KECELAKAAN'!$H$428:$H$447,DASHBOARD!L53) -> 0 | ... R62: =COUNTIF('RINCIAN KECELAKAAN'!$H$428:$H$447,DASHBOARD!R53) -> 0 | S62: =SUM(E62:R62) -> 3
C63: 10 | D63: OKT
C64: 11 | D64: NOV
C65: 12 | D65: DES
C66: TOTAL | E66: =SUM(E54:E65) -> 9 | F66: =SUM(F54:F65) -> 16 | G66: =SUM(G54:G65) -> 2 | H66: =SUM(H54:H65) -> 28 | I66: =SUM(I54:I65) -> 4 | J66: =SUM(J54:J65) -> 5 | K66: =SUM(K54:K65) -> 1 | L66: =SUM(L54:L65) -> 0 | ... S66: =SUM(S54:S65) -> 70
C72: NO | D72: Bulan | E72: BASIC CAUSE INCIDENT
E73: Supervisory Skill | F73: SOP Compliance | G73: Employee Awareness | H73: Management of Change | I73: TOTAL
C74: 1 | D74: JAN | E74: =COUNTIF('BASIC CAUSE INSIDEN'!$AM2:$AM13,DASHBOARD!$E$73) -> 3 | F74: =COUNTIF('BASIC CAUSE INSIDEN'!$AM2:$AM13,DASHBOARD!$F$73) -> 1 | G74: =COUNTIF('BASIC CAUSE INSIDEN'!$AM2:$AM13,DASHBOARD!$G$73) -> 8 | H74: =COUNTIF('BASIC CAUSE INSIDEN'!$AM2:$AM13,DASHBOARD!$H$73) -> 0 | I74: =SUM(E74:H74) -> 12
C75: 2 | D75: FEB | E75: =COUNTIF('BASIC CAUSE INSIDEN'!$AM14:$AM18,DASHBOARD!$E$73) -> 0 | F75: =COUNTIF('BASIC CAUSE INSIDEN'!$AM14:$AM18,DASHBOARD!$F$73) -> 1 | G75: =COUNTIF('BASIC CAUSE INSIDEN'!$AM14:$AM18,DASHBOARD!$G$73) -> 4 | H75: =COUNTIF('BASIC CAUSE INSIDEN'!$AM14:$AM18,DASHBOARD!$H$73) -> 0 | I75: =SUM(E75:H75) -> 5
C76: 3 | D76: MAR | E76: =COUNTIF('BASIC CAUSE INSIDEN'!$AM19:$AM25,DASHBOARD!$E$73) -> 1 | F76: =COUNTIF('BASIC CAUSE INSIDEN'!$AM19:$AM25,DASHBOARD!$F$73) -> 0 | G76: =COUNTIF('BASIC CAUSE INSIDEN'!$AM19:$AM25,DASHBOARD!$G$73) -> 6 | H76: =COUNTIF('BASIC CAUSE INSIDEN'!$AM19:$AM25,DASHBOARD!$H$73) -> 0 | I76: =SUM(E76:H76) -> 7
C77: 4 | D77: APR | E77: =COUNTIF('BASIC CAUSE INSIDEN'!$AM26:$AM34,DASHBOARD!$E$73) -> 0 | F77: =COUNTIF('BASIC CAUSE INSIDEN'!$AM26:$AM34,DASHBOARD!$F$73) -> 1 | G77: =COUNTIF('BASIC CAUSE INSIDEN'!$AM26:$AM34,DASHBOARD!$G$73) -> 8 | H77: =COUNTIF('BASIC CAUSE INSIDEN'!$AM26:$AM34,DASHBOARD!$H$73) -> 0 | I77: =SUM(E77:H77) -> 9
C78: 5 | D78: MEI | E78: =COUNTIF('BASIC CAUSE INSIDEN'!$AM35:$AM44,DASHBOARD!$E$73) -> 2 | F78: =COUNTIF('BASIC CAUSE INSIDEN'!$AM35:$AM44,DASHBOARD!$F$73) -> 0 | G78: =COUNTIF('BASIC CAUSE INSIDEN'!$AM35:$AM44,DASHBOARD!$G$73) -> 8 | H78: =COUNTIF('BASIC CAUSE INSIDEN'!$AM35:$AM44,DASHBOARD!$H$73) -> 0 | I78: =SUM(E78:H78) -> 10
C79: 6 | D79: JUN | I79: =SUM(E79:H79) -> 0
C80: 7 | D80: JULI | I80: =SUM(E80:H80) -> 0
C81: 8 | D81: AGST | I81: =SUM(E81:H81) -> 0
C82: 9 | D82: SEPT | I82: =SUM(E82:H82) -> 0
C83: 10 | D83: OKT | I83: =SUM(E83:H83) -> 0
C84: 11 | D84: NOV | I84: =SUM(E84:H84) -> 0
C85: 12 | D85: DES | I85: =SUM(E85:H85) -> 0
C86: TOTAL | E86: =SUM(E74:E85) -> 6 | F86: =SUM(F74:F85) -> 3 | G86: =SUM(G74:G85) -> 34 | H86: =SUM(H74:H85) -> 0 | I86: =SUM(I74:I85) -> 43
C87: % | E87: =E86/$I86 -> 0.13953488 | F87: =F86/$I86 -> 0.069767442 | G87: =G86/$I86 -> 0.79069767 | H87: =H86/$I86 -> 0 | I87: =I86/$I86 -> 1

Sheet LONG TERM
B1: 2020
B2: MONTH | C2: MAN POWER | D2: MAN HOURS | E2: MAN HOURS NLTI | F2: KTA | G2: TTA | H2: NM | I2: EI | J2: PD | K2: FC | L2: FA | M2: MI | N2: MTI | O2: RWI | P2: LTI | Q2: FATAL | R2: TOTAL | S2: LOST DAY | T2: LOST COST | U2: LTIFR / FR | V2: AIFR | W2: PDFR | X2: LTI SR | Y2: IR | Z2: LR
B4: JANUARI | C4: 355 | D4: 75944.5 | E4: =D4/31*24 -> 58795.742 | F4: 0 | G4: 0 | H4: 0 | J4: 0 | K4: 0 | L4: 0 | M4: 0 | N4: 0 | O4: 0 | P4: 0 | Q4: 0 | R4: =SUM(H4:Q4) -> 0 | T4: 0 | U4: =((P4)*1000000)/D4 -> 0 | V4: =((J4+K4+L4+N4+M4+O4+P4+Q4)*1000000)/D4 -> 0 | W4: =$J4*1000000/$D4 -> 0 | X4: =(SUM(S4)*1000000)/D4 -> 0 | Y4: =(SUM(J4:Q4)*1000000)/D4 -> 0 | Z4: =T4/D4 -> 0
B5: FEBRUARI | C5: 377 | D5: 84564 | E5: =D5/31*24 -> 65468.903 | F5: 0 | G5: 0 | H5: 0 | J5: 0 | K5: 0 | L5: 0 | M5: 0 | N5: 0 | O5: 0 | P5: 1 | Q5: 0 | R5: =SUM(H5:Q5) -> 1 | T5: 3.2146129e+09 | U5: =((P5)*1000000)/D5 -> 11.825363 | V5: =((J5+K5+L5+N5+M5+O5+P5+Q5)*1000000)/D5 -> 11.825363 | W5: =$J5*1000000/$D5 -> 0 | X5: =(SUM(S5)*1000000)/D5 -> 0 | Y5: =(SUM(J5:Q5)*1000000)/D5 -> 11.825363 | Z5: =T5/D5 -> 38013.965
B6: MARET | C6: 485 | D6: 94393 | E6: =D6/31*24 -> 73078.452 | F6: 0 | G6: 0 | H6: 0 | J6: 1 | K6: 0 | L6: 0 | M6: 0 | N6: 0 | O6: 0 | P6: 0 | Q6: 0 | R6: =SUM(H6:Q6) -> 1 | T6: 0 | U6: =((P6)*1000000)/D6 -> 0 | V6: =((J6+K6+L6+N6+M6+O6+P6+Q6)*1000000)/D6 -> 10.594006 | W6: =$J6*1000000/$D6 -> 10.594006 | X6: =(SUM(S6)*1000000)/D6 -> 0 | Y6: =(SUM(J6:Q6)*1000000)/D6 -> 10.594006 | Z6: =T6/D6 -> 0
B7: APRIL | C7: 520 | D7: 117037.3 | E7: =D7/31*24 -> 90609.523 | F7: 0 | G7: 0 | H7: 0 | J7: 0 | K7: 0 | L7: 2 | M7: 0 | N7: 0 | O7: 0 | P7: 0 | Q7: 0 | R7: =SUM(H7:Q7) -> 2 | T7: 822247984 | U7: =((P7)*1000000)/D7 -> 0 | V7: =((J7+K7+L7+N7+M7+O7+P7+Q7)*1000000)/D7 -> 17.088569 | W7: =$J7*1000000/$D7 -> 0 | X7: =(SUM(S7)*1000000)/D7 -> 0 | Y7: =(SUM(J7:Q7)*1000000)/D7 -> 17.088569 | Z7: =T7/D7 -> 7025.5208
B8: MEI | C8: 515 | D8: 120739.8 | E8: =D8/31*24 -> 93475.974 | F8: 0 | G8: 0 | H8: 0 | J8: 3 | K8: 0 | L8: 0 | M8: 0 | N8: 0 | O8: 0 | P8: 0 | Q8: 0 | R8: =SUM(H8:Q8) -> 3 | T8: 2815708108 | U8: =((P8)*1000000)/D8 -> 0 | V8: =((J8+K8+L8+N8+M8+O8+P8+Q8)*1000000)/D8 -> 24.846819 | W8: =$J8*1000000/$D8 -> 24.846819 | X8: =(SUM(S8)*1000000)/D8 -> 0 | Y8: =(SUM(J8:Q8)*1000000)/D8 -> 24.846819 | Z8: =T8/D8 -> 23320.464
B9: JUNE | C9: 508 | D9: 112769 | E9: =D9/31*24 -> 87305.032 | F9: 0 | G9: 0 | H9: 0 | J9: 1 | K9: 0 | L9: 3 | M9: 0 | N9: 0 | O9: 0 | P9: 0 | Q9: 0 | R9: =SUM(H9:Q9) -> 4 | T9: 1006163400 | U9: =((P9)*1000000)/D9 -> 0 | V9: =((J9+K9+L9+N9+M9+O9+P9+Q9)*1000000)/D9 -> 35.470741 | W9: =$J9*1000000/$D9 -> 8.8676853 | X9: =(SUM(S9)*1000000)/D9 -> 0 | Y9: =(SUM(J9:Q9)*1000000)/D9 -> 35.470741 | Z9: =T9/D9 -> 8922.3404
B10: JULI | C10: 532 | D10: 127791.5 | E10: =D10/31*24 -> 98935.355 | F10: 0 | G10: 0 | H10: 0 | J10: 1 | K10: 0 | L10: 0 | M10: 0 | N10: 0 | O10: 0 | P10: 0 | Q10: 0 | R10: =SUM(H10:Q10) -> 1 | T10: 0 | U10: =((P10)*1000000)/D10 -> 0 | V10: =((J10+K10+L10+N10+M10+O10+P10+Q10)*1000000)/D10 -> 7.8252466 | W10: =$J10*1000000/$D10 -> 7.8252466 | X10: =(SUM(S10)*1000000)/D10 -> 0 | Y10: =(SUM(J10:Q10)*1000000)/D10 -> 7.8252466 | Z10: =T10/D10 -> 0
B11: AGUSTUS | C11: 526 | D11: 109451 | E11: =D11/31*24 -> 84736.258 | F11: 0 | G11: 0 | H11: 0 | J11: 3 | K11: 0 | L11: 1 | M11: 0 | N11: 0 | O11: 0 | P11: 0 | Q11: 0 | R11: =SUM(H11:Q11) -> 4 | T11: 1.0366477e+09 | U11: =((P11)*1000000)/D11 -> 0 | V11: =((J11+K11+L11+N11+M11+O11+P11+Q11)*1000000)/D11 -> 36.546034 | W11: =$J11*1000000/$D11 -> 27.409526 | X11: =(SUM(S11)*1000000)/D11 -> 0 | Y11: =(SUM(J11:Q11)*1000000)/D11 -> 36.546034 | Z11: =T11/D11 -> 9471.341
B12: SEPTEMBER | C12: 533 | D12: 103964 | E12: =D12/31*24 -> 80488.258 | F12: 0 | G12: 0 | H12: 1 | J12: 1 | K12: 0 | L12: 2 | M12: 0 | N12: 0 | O12: 0 | P12: 0 | Q12: 0 | R12: =SUM(H12:Q12) -> 4 | T12: 5.1832387e+08 | U12: =((P12)*1000000)/D12 -> 0 | V12: =((J12+K12+L12+N12+M12+O12+P12+Q12)*1000000)/D12 -> 28.856143 | W12: =$J12*1000000/$D12 -> 9.6187142 | X12: =(SUM(S12)*1000000)/D12 -> 0 | Y12: =(SUM(J12:Q12)*1000000)/D12 -> 28.856143 | Z12: =T12/D12 -> 4985.6092
B13: OKTOBER | C13: 573 | D13: 136099 | E13: =D13/31*24 -> 105366.97 | F13: 0 | G13: 0 | H13: 1 | J13: 2 | K13: 0 | L13: 0 | M13: 0 | N13: 0 | O13: 0 | P13: 0 | Q13: 0 | R13: =SUM(H13:Q13) -> 3 | T13: 385000000 | U13: =((P13)*1000000)/D13 -> 0 | V13: =((J13+K13+L13+N13+M13+O13+P13+Q13)*1000000)/D13 -> 14.695185 | W13: =$J13*1000000/$D13 -> 14.695185 | X13: =(SUM(S13)*1000000)/D13 -> 0 | Y13: =(SUM(J13:Q13)*1000000)/D13 -> 14.695185 | Z13: =T13/D13 -> 2828.8231
B14: NOVEMBER | C14: 601 | D14: 136311.5 | E14: =D14/31*24 -> 105531.48 | F14: 0 | G14: 0 | H14: 0 | J14: 2 | K14: 0 | L14: 0 | M14: 0 | N14: 0 | O14: 0 | P14: 0 | Q14: 0 | R14: =SUM(H14:Q14) -> 2 | T14: 1.5097586e+08 | U14: =((P14)*1000000)/D14 -> 0 | V14: =((J14+K14+L14+N14+M14+O14+P14+Q14)*1000000)/D14 -> 14.672276 | W14: =$J14*1000000/$D14 -> 14.672276 | X14: =(SUM(S14)*1000000)/D14 -> 0 | Y14: =(SUM(J14:Q14)*1000000)/D14 -> 14.672276 | Z14: =T14/D14 -> 1107.5798
B15: DESEMBER | C15: 618 | D15: 150349 | E15: =D15/31*24 -> 116399.23 | F15: 0 | G15: 0 | H15: 1 | J15: 1 | K15: 0 | L15: 1 | M15: 0 | N15: 0 | O15: 0 | P15: 0 | Q15: 0 | R15: =SUM(H15:Q15) -> 3 | T15: 5.1832387e+08 | U15: =((P15)*1000000)/D15 -> 0 | V15: =((J15+K15+L15+N15+M15+O15+P15+Q15)*1000000)/D15 -> 13.302383 | W15: =$J15*1000000/$D15 -> 6.6511916 | X15: =(SUM(S15)*1000000)/D15 -> 0 | Y15: =(SUM(J15:Q15)*1000000)/D15 -> 13.302383 | Z15: =T15/D15 -> 3447.4714
B16: TOTAL | C16: =SUM(C4:C15) -> 6143 | D16: =SUM(D4:D15) -> 1369413.6 | E16: =SUM(E4:E15) -> 1060191.2 | F16: =SUM(F4:F15) -> 0 | G16: =SUM(G4:G15) -> 0 | H16: =SUM(H4:H15) -> 3 | J16: =SUM(J4:J15) -> 15 | K16: =SUM(K4:K15) -> 0 | L16: =SUM(L4:L15) -> 9 | M16: =SUM(M4:M15) -> 0 | N16: =SUM(N4:N15) -> 0 | O16: =SUM(O4:O15) -> 0 | P16: =SUM(P4:P15) -> 1 | Q16: =SUM(Q4:Q15) -> 0 | R16: =SUM(R4:R15) -> 28 | S16: =SUM(T4:T15) -> 1.0468004e+10 | T16: =((P16)*1000000)/D16 -> 0.73023957 | U16: =((J16+K16+L16+N16+M16+O16+P16+Q16)*1000000)/D16 -> 18.255989 | V16: =(SUM(R16)*1000000)/D16 -> 20.446708 | W16: =(SUM(J16:Q16)*1000000)/D16 -> 18.255989 | X16: =SUM(X4:X15) -> 0 | Y16: =(SUM(J16:Q16)*1000000)/D16 -> 18.255989 | Z16: =T16/D16 -> 5.3324983e-07
B18: 2021
B19: MONTH | C19: MAN POWER | D19: MAN HOURS | E19: MAN HOURS NLTI | F19: KTA | G19: TTA | H19: NM | I19: EI | J19: PD | K19: FC | L19: FA | M19: MI | N19: MTI | O19: RWI | P19: LTI | Q19: FATAL | R19: TOTAL | S19: LOST DAY | T19: LOST COST | U19: LTIFR / FR | V19: AIFR | W19: PDFR | X19: LTI SR | Y19: IR | Z19: LR
B21: JANUARI | C21: 657 | D21: 155571 | E21: =D21/31*31 -> 155571 | F21: 0 | G21: 0 | H21: 0 | I21: 0 | J21: 1 | K21: 0 | L21: 2 | M21: 0 | N21: 0 | O21: 0 | P21: 0 | Q21: 0 | R21: =SUM(H21:Q21) -> 3 | S21: 0 | T21: 648345729 | U21: =((P21)*1000000)/D21 -> 0 | V21: =((J21+K21+L21+N21+M21+O21+P21+Q21)*1000000)/D21 -> 19.2838 | W21: =$J21*1000000/$D21 -> 6.4279332 | X21: =(SUM(S21)*1000000)/D21 -> 0 | Y21: =(SUM(J21:Q21)*1000000)/D21 -> 19.2838 | Z21: =T21/D21 -> 4167.5231
B22: FEBRUARI | C22: 713 | D22: 156767 | E22: =D22/31*31 -> 156767 | F22: 0 | G22: 0 | H22: 0 | I22: 0 | J22: 1 | K22: 0 | L22: 0 | M22: 0 | N22: 0 | O22: 0 | P22: 0 | Q22: 0 | R22: =SUM(H22:Q22) -> 1 | S22: 0 | T22: 0 | U22: =((P22)*1000000)/D22 -> 0 | V22: =((J22+K22+L22+N22+M22+O22+P22+Q22)*1000000)/D22 -> 6.3788935 | W22: =$J22*1000000/$D22 -> 6.3788935 | X22: =(SUM(S22)*1000000)/D22 -> 0 | Y22: =(SUM(J22:Q22)*1000000)/D22 -> 6.3788935 | Z22: =T22/D22 -> 0
B23: MARET | C23: 789 | D23: 196951.5 | E23: =D23/31*31 -> 196951.5 | F23: 0 | G23: 0 | H23: 1 | I23: 0 | J23: 2 | K23: 0 | L23: 0 | M23: 0 | N23: 0 | O23: 0 | P23: 0 | Q23: 0 | R23: =SUM(H23:Q23) -> 3 | S23: 0 | T23: 384978154 | U23: =((P23)*1000000)/D23 -> 0 | V23: =((J23+K23+L23+N23+M23+O23+P23+Q23)*1000000)/D23 -> 10.154784 | W23: =$J23*1000000/$D23 -> 10.154784 | X23: =(SUM(S23)*1000000)/D23 -> 0 | Y23: =(SUM(J23:Q23)*1000000)/D23 -> 10.154784 | Z23: =T23/D23 -> 1954.6851
B24: APRIL | C24: 849 | D24: 211266 | E24: =D24/31*31 -> 211266 | F24: 0 | G24: 0 | H24: 0 | I24: 0 | J24: 5 | K24: 0 | L24: 3 | M24: 0 | N24: 0 | O24: 0 | P24: 0 | Q24: 0 | R24: =SUM(H24:Q24) -> 8 | S24: 0 | T24: 6.2946727e+09 | U24: =((P24)*1000000)/D24 -> 0 | V24: =((J24+K24+L24+N24+M24+O24+P24+Q24)*1000000)/D24 -> 37.866954 | W24: =$J24*1000000/$D24 -> 23.666847 | X24: =(SUM(S24)*1000000)/D24 -> 0 | Y24: =(SUM(J24:Q24)*1000000)/D24 -> 37.866954 | Z24: =T24/D24 -> 29795.011
B25: MEI | C25: 985 | D25: 208986 | E25: =D25/31*31 -> 208986 | F25: 0 | G25: 0 | H25: 4 | I25: 0 | J25: 3 | K25: 0 | L25: 0 | M25: 0 | N25: 0 | O25: 0 | P25: 0 | Q25: 0 | R25: =SUM(H25:Q25) -> 7 | S25: 0 | T25: 467922400 | U25: =((P25)*1000000)/D25 -> 0 | V25: =((J25+K25+L25+N25+M25+O25+P25+Q25)*1000000)/D25 -> 14.355029 | W25: =$J25*1000000/$D25 -> 14.355029 | X25: =(SUM(S25)*1000000)/D25 -> 0 | Y25: =(SUM(J25:Q25)*1000000)/D25 -> 14.355029 | Z25: =T25/D25 -> 2239.0131
B26: JUNE | C26: 970 | D26: 253971 | E26: 0 | F26: 0 | G26: 0 | H26: 3 | I26: 2 | K26: 0 | L26: 0 | M26: 0 | N26: 0 | O26: 0 | P26: 0 | Q26: 1 | R26: =SUM(H26:Q26) -> 6 | S26: 6000 | T26: 1751009640 | U26: =((P26)*1000000)/D26 -> 0 | V26: =((J26+K26+L26+N26+M26+O26+P26+Q26)*1000000)/D26 -> 3.9374574 | W26: =$J26*1000000/$D26 -> 0 | X26: =(SUM(S26)*1000000)/D26 -> 23624.745 | Y26: =(SUM(J26:Q26)*1000000)/D26 -> 3.9374574 | Z26: =T26/D26 -> 6894.5259
B27: JULI | C27: 970 | D27: 253971 | E27: =D27/31*31 -> 253971 | F27: 0 | G27: 0 | H27: 2 | I27: 0 | J27: 2 | K27: 0 | L27: 0 | M27: 0 | N27: 0 | O27: 0 | P27: 0 | Q27: 0 | R27: =SUM(H27:Q27) -> 4 | S27: 0 | T27: 236732535 | U27: =((P27)*1000000)/D27 -> 0 | V27: =((J27+K27+L27+N27+M27+O27+P27+Q27)*1000000)/D27 -> 7.8749149 | W27: =$J27*1000000/$D27 -> 7.8749149 | X27: =(SUM(S27)*1000000)/D27 -> 0 | Y27: =(SUM(J27:Q27)*1000000)/D27 -> 7.8749149 | Z27: =T27/D27 -> 932.12428
B28: AGUSTUS | C28: 970 | D28: 253971 | E28: =D28/31*31 -> 253971 | F28: 0 | G28: 0 | H28: 0 | I28: 0 | J28: 2 | K28: 0 | L28: 0 | M28: 0 | N28: 0 | O28: 0 | P28: 0 | Q28: 0 | R28: =SUM(H28:Q28) -> 2 | S28: 0 | T28: 173578800 | U28: =((P28)*1000000)/D28 -> 0 | V28: =((J28+K28+L28+N28+M28+O28+P28+Q28)*1000000)/D28 -> 7.8749149 | W28: =$J28*1000000/$D28 -> 7.8749149 | X28: =(SUM(S28)*1000000)/D28 -> 0 | Y28: =(SUM(J28:Q28)*1000000)/D28 -> 7.8749149 | Z28: =T28/D28 -> 683.45914
B29: SEPTEMBER | C29: 970 | D29: 253971 | E29: =D29/31*31 -> 253971 | F29: 0 | G29: 0 | H29: 1 | I29: 0 | J29: 4 | K29: 0 | L29: 0 | M29: 0 | N29: 0 | O29: 0 | P29: 0 | Q29: 0 | R29: =SUM(H29:Q29) -> 5 | S29: 0 | T29: 151384150 | U29: =((P29)*1000000)/D29 -> 0 | V29: =((J29+K29+L29+N29+M29+O29+P29+Q29)*1000000)/D29 -> 15.74983 | W29: =$J29*1000000/$D29 -> 15.74983 | X29: =(SUM(S29)*1000000)/D29 -> 0 | Y29: =(SUM(J29:Q29)*1000000)/D29 -> 15.74983 | Z29: =T29/D29 -> 596.06865
B30: OKTOBER | C30: 931 | D30: 243882 | E30: =D30/31*31 -> 243882 | F30: 0 | G30: 0 | H30: 1 | I30: 0 | J30: 1 | K30: 0 | L30: 0 | M30: 0 | N30: 0 | O30: 0 | P30: 0 | Q30: 0 | R30: =SUM(H30:Q30) -> 2 | S30: 0 | T30: 200000 | U30: =((P30)*1000000)/D30 -> 0 | V30: =((J30+K30+L30+N30+M30+O30+P30+Q30)*1000000)/D30 -> 4.1003436 | W30: =$J30*1000000/$D30 -> 4.1003436 | X30: =(SUM(S30)*1000000)/D30 -> 0 | Y30: =(SUM(J30:Q30)*1000000)/D30 -> 4.1003436 | Z30: =T30/D30 -> 0.82006872
B31: NOVEMBER | C31: 931 | D31: 243882 | E31: =D31/31*31 -> 243882 | F31: 0 | G31: 0 | H31: 1 | I31: 0 | J31: 3 | K31: 0 | L31: 0 | M31: 0 | N31: 0 | O31: 0 | P31: 0 | Q31: 0 | R31: =SUM(H31:Q31) -> 4 | S31: 0 | T31: 758494631 | U31: =((P31)*1000000)/D31 -> 0 | V31: =((J31+K31+L31+N31+M31+O31+P31+Q31)*1000000)/D31 -> 12.301031 | W31: =$J31*1000000/$D31 -> 12.301031 | X31: =(SUM(S31)*1000000)/D31 -> 0 | Y31: =(SUM(J31:Q31)*1000000)/D31 -> 12.301031 | Z31: =T31/D31 -> 3110.0886
B32: DESEMBER | C32: 931 | D32: 243882 | E32: =D32/31*30 -> 236014.84 | F32: 0 | G32: 0 | H32: 1 | I32: 0 | J32: 1 | K32: 0 | L32: 0 | M32: 0 | N32: 0 | O32: 0 | P32: 1 | Q32: 0 | R32: =SUM(H32:Q32) -> 3 | S32: 25 | U32: =((P32)*1000000)/D32 -> 4.1003436 | V32: =((J32+K32+L32+N32+M32+O32+P32+Q32)*1000000)/D32 -> 8.2006872 | W32: =$J32*1000000/$D32 -> 4.1003436 | X32: =(SUM(S32)*1000000)/D32 -> 102.50859 | Y32: =(SUM(J32:Q32)*1000000)/D32 -> 8.2006872 | Z32: =T32/D32 -> 0
B33: TOTAL | C33: =SUM(C21:C32) -> 10666 | D33: =SUM(D21:D32) -> 2677071.5 | E33: =SUM(E21:E32) -> 2415233.3 | F33: =SUM(F21:F32) -> 0 | G33: =SUM(G21:G32) -> 0 | H33: =SUM(H21:H32) -> 14 | I33: =SUM(I21:I32) -> 2 | J33: =SUM(J21:J32) -> 25 | ... T33: =SUM(T21:T32) -> 1.0867319e+10 | U33: =((P33)*1000000)/D33 -> 0.37354251 | V33: =((J33+K33+L33+N33+M33+O33+P33+Q33)*1000000)/D33 -> 11.95336 | W33: =$J33*1000000/$E33 -> 10.350967 | X33: =(SUM(S33)*1000000)/D33 -> 2250.5936 | Y33: =(SUM(J33:Q33)*1000000)/D33 -> 11.95336 | Z33: =T33/D33 -> 4059.4055
B35: 2022
B36: MONTH | C36: MAN POWER | D36: MAN HOURS | E36: MAN HOURS NLTI | F36: KTA | G36: TTA | H36: NM | I36: EI | J36: PD | K36: FC | L36: FA | M36: MI | N36: MTI | O36: RWI | P36: LTI | Q36: FATAL | R36: TOTAL | S36: LOST DAY | T36: LOST COST | U36: LTIFR / FR | V36: AIFR | W36: PDFR | X36: LTI SR | Y36: IR | Z36: LR
B38: JANUARI | C38: 1100 | D38: 300342 | E38: =D38/31*31 -> 300342 | F38: 0 | G38: 0 | H38: 5 | I38: 1 | J38: 6 | K38: 0 | L38: 0 | M38: 0 | N38: 0 | O38: 0 | P38: 0 | Q38: 0 | R38: =-SUM(H38:Q38) -> -12 | S38: 31 | T38: 5.6898963e+08 | U38: =((P38)*1000000)/D38 -> 0 | V38: =((J38+K38+L38+N38+M38+O38+P38+Q38)*1000000)/D38 -> 19.977226 | W38: =$J38*1000000/$D38 -> 19.977226 | X38: =(SUM(S38)*1000000)/D38 -> 103.21567 | Y38: =(SUM(J38:Q38)*1000000)/D38 -> 19.977226 | Z38: =T38/D38 -> 1894.4724
B39: FEBRUARI | C39: 1117 | D39: 260112 | E39: =D39/28*28 -> 260112 | F39: 0 | G39: 0 | H39: 2 | I39: 0 | J39: 2 | K39: 0 | L39: 0 | M39: 0 | N39: 1 | O39: 0 | P39: 0 | Q39: 0 | R39: =-SUM(H39:Q39) -> -5 | S39: 28 | T39: 9.8178707e+08 | U39: =((P39)*1000000)/D39 -> 0 | V39: =((J39+K39+L39+N39+M39+O39+P39+Q39)*1000000)/D39 -> 11.533493 | W39: =$J39*1000000/$D39 -> 7.6889955 | X39: =(SUM(S39)*1000000)/D39 -> 107.64594 | Y39: =(SUM(J39:Q39)*1000000)/D39 -> 11.533493 | Z39: =T39/D39 -> 3774.4782
B40: MARET | C40: 1513 | D40: 247068 | E40: =D40/31*31 -> 247068 | F40: 0 | G40: 0 | H40: 2 | I40: 0 | J40: 5 | K40: 0 | L40: 0 | M40: 0 | N40: 0 | O40: 0 | P40: 0 | Q40: 0 | R40: =-SUM(H40:Q40) -> -7 | S40: 31 | T40: 2.3536113e+09 | U40: =((P40)*1000000)/D40 -> 0 | V40: =((J40+K40+L40+N40+M40+O40+P40+Q40)*1000000)/D40 -> 20.237344 | W40: =$J40*1000000/$D40 -> 20.237344 | X40: =(SUM(S40)*1000000)/D40 -> 125.47153 | Y40: =(SUM(J40:Q40)*1000000)/D40 -> 20.237344 | Z40: =T40/D40 -> 9526.1681
B41: APRIL | C41: 1270 | D41: 256839 | E41: =D41/30*30 -> 256839 | F41: 0 | G41: 0 | H41: 2 | I41: 1 | J41: 6 | K41: 0 | L41: 0 | M41: 0 | N41: 0 | O41: 0 | P41: 0 | Q41: 0 | R41: =-SUM(H41:Q41) -> -9 | S41: 0 | T41: 2.4038619e+09 | U41: =((P41)*1000000)/D41 -> 0 | V41: =((J41+K41+L41+N41+M41+O41+P41+Q41)*1000000)/D41 -> 23.360938 | W41: =$J41*1000000/$D41 -> 23.360938 | X41: =(SUM(S41:S41)*1000000)/D41 -> 0 | Y41: =(SUM(J41:Q41)*1000000)/D41 -> 23.360938 | Z41: =T41/D41 -> 9359.4114
B42: MEI | C42: 1413 | D42: 327786 | E42: =D42/31*31 -> 327786 | F42: 0 | G42: 0 | H42: 5 | I42: 1 | J42: 4 | K42: 0 | L42: 0 | M42: 0 | N42: 0 | O42: 0 | P42: 0 | Q42: 0 | R42: =-SUM(H42:Q42) -> -10 | S42: 0 | T42: 5.5619652e+08 | U42: =((P42)*1000000)/D42 -> 0 | V42: =((J42+K42+L42+N42+M42+O42+P42+Q42)*1000000)/D42 -> 12.203084 | W42: =$J42*1000000/$D42 -> 12.203084 | X42: =(SUM(S42)*1000000)/D42 -> 0 | Y42: =(SUM(J42:Q42)*1000000)/D42 -> 12.203084 | Z42: =T42/D42 -> 1696.8282
B43: JUNE | C43: 1513 | D43: 381713 | E43: =D43/30*30 -> 381713 | F43: 0 | G43: 0 | H43: 2 | I43: 1 | J43: 5 | K43: 0 | L43: 0 | M43: 0 | N43: 0 | O43: 0 | P43: 0 | Q43: 0 | R43: =-SUM(H43:Q43) -> -8 | S43: 0 | T43: 49019660 | U43: =(SUM(P43:Q43)*1000000)/D43 -> 0 | V43: =((J43+K43+L43+N43+M43+O43+P43+Q43)*1000000)/D43 -> 13.098847 | W43: =$J43*1000000/$D43 -> 13.098847 | X43: =(SUM(S43:S43)*1000000)/D43 -> 0 | Y43: =(SUM(J43:Q43)*1000000)/D43 -> 13.098847 | Z43: =T43/D43 -> 128.4202
B44: JULI | C44: 1721 | D44: 418169 | E44: =D44/31*31 -> 418169 | F44: 0 | G44: 0 | H44: 1 | I44: 1 | J44: 3 | K44: 0 | L44: 0 | M44: 0 | N44: 2 | O44: 0 | P44: 0 | Q44: 0 | R44: =-SUM(H44:Q44) -> -7 | S44: 0 | T44: 1884392334 | U44: =((P44)*1000000)/D44 -> 0 | V44: =((J44+K44+L44+N44+M44+O44+P44+Q44)*1000000)/D44 -> 11.956888 | W44: =$J44*1000000/$D44 -> 7.1741329 | X44: =(SUM(S44:S44)*1000000)/D44 -> 0 | Y44: =(SUM(J44:Q44)*1000000)/D44 -> 11.956888 | Z44: =T44/D44 -> 4506.2937
B45: AGUSTUS | C45: 1809 | D45: 421621.5 | E45: =D45/31*31 -> 421621.5 | F45: 0 | G45: 0 | H45: 5 | I45: 1 | J45: 3 | K45: 0 | L45: 0 | M45: 0 | N45: 0 | O45: 0 | P45: 0 | Q45: 0 | R45: =-SUM(H45:Q45) -> -9 | S45: 0 | T45: 1193000000 | U45: =((P45)*1000000)/D45 -> 0 | V45: =((J45+K45+L45+N45+M45+O45+P45+Q45)*1000000)/D45 -> 7.1153867 | W45: =$J45*1000000/$D45 -> 7.1153867 | X45: =(SUM(S45:S45)*1000000)/D45 -> 0 | Y45: =(SUM(J45:Q45)*1000000)/D45 -> 7.1153867 | Z45: =T45/D45 -> 2829.5521
B46: SEPTEMBER | C46: 1810 | D46: 426967 | E46: =D46/30*30 -> 426967 | F46: 0 | G46: 0 | H46: 1 | I46: 0 | J46: 2 | N46: 0 | O46: 0 | P46: 0 | Q46: 0 | R46: =-SUM(H46:Q46) -> -3 | S46: 0 | T46: 26250000 | U46: =((P46)*1000000)/D46 -> 0 | V46: =((J46+K46+L46+N46+M46+O46+P46+Q46)*1000000)/D46 -> 4.6842028 | W46: =$J46*1000000/$D46 -> 4.6842028 | X46: =(SUM(S46:S46)*1000000)/D46 -> 0 | Y46: =(SUM(J46:Q46)*1000000)/D46 -> 4.6842028 | Z46: =T46/D46 -> 61.480161
B47: OKTOBER | F47: 0 | G47: 0 | H47: 1 | I47: 1 | J47: 2 | K47: 0 | L47: 0 | M47: 0 | N47: 0 | O47: 0 | P47: 0 | Q47: 0 | R47: =-SUM(H47:Q47) -> -4 | S47: 0 | T47: 0 | U47: =((P47)*1000000)/D47 -> #DIV/0! | V47: =((J47+K47+L47+N47+M47+O47+P47+Q47)*1000000)/D47 -> #DIV/0! | W47: =$J47*1000000/$D47 -> #DIV/0! | X47: =(SUM(S47:S47)*1000000)/D47 -> #DIV/0! | Y47: =(SUM(J47:Q47)*1000000)/D47 -> #DIV/0! | Z47: =T47/D47 -> #DIV/0!
B48: NOVEMBER | I48: 0 | U48: =((P48)*1000000)/D48 -> #DIV/0! | V48: =((J48+K48+L48+N48+M48+O48+P48+Q48)*1000000)/D48 -> #DIV/0! | W48: =$J48*1000000/$D48 -> #DIV/0! | X48: =(SUM(S48:S48)*1000000)/D48 -> #DIV/0! | Y48: =(SUM(J48:Q48)*1000000)/D48 -> #DIV/0! | Z48: =T48/D48 -> #DIV/0!
B49: DESEMBER | I49: 0 | U49: =((P49)*1000000)/D49 -> #DIV/0! | V49: =((J49+K49+L49+N49+M49+O49+P49+Q49)*1000000)/D49 -> #DIV/0! | W49: =$J49*1000000/$D49 -> #DIV/0! | X49: =(SUM(S49:S49)*1000000)/D49 -> #DIV/0! | Y49: =(SUM(J49:Q49)*1000000)/D49 -> #DIV/0! | Z49: =T49/D49 -> #DIV/0!
B50: TOTAL | C50: =SUM(C38:C49) -> 13266 | D50: =SUM(D38:D49) -> 3040617.5 | E50: =SUM(E38:E49) -> 3040617.5 | F50: =SUM(F38:F49) -> 0 | G50: =SUM(G38:G49) -> 0 | H50: =SUM(H38:H49) -> 26 | I50: =SUM(I38:I49) -> 7 | J50: =SUM(J38:J49) -> 38 | ... T50: =SUM(T38:T49) -> 1.0017108e+10 | U50: =((P50)*1000000)/D50 -> 0 | V50: =((J50+K50+L50+N50+M50+O50+P50+Q50)*1000000)/D50 -> 13.484103 | W50: =$J50*1000000/$E50 -> 12.497461 | X50: =(SUM(S50)*1000000)/D50 -> 29.599251 | Y50: =(SUM(J50:Q50)*1000000)/D50 -> 13.484103 | Z50: =T50/D50 -> 3294.4323

Sheet RINCIAN KECELAKAAN
Y1: SPR - 04
B4: RINGKASAN KECELAKAAN BULANAN TAHUN 2022
B5: RINCIAN DARI KECELAKAAN | O5: Eviden Perbaikan
P6: Due Date | Q6: PIC | R6: Layering PJA | S6: Status | T6: Klasifikasi | U6: HARI HILANG | W6: ESTIMASI BIAYA (Rp)
B7: NO | C7: BULAN | D7: NO. REGISTER | E7: KATEGORI | F7: HARI & TANGGAL, JAM | G7: LOKASI | H7: LOKASI INSIDEN | I7: NAMA KORBAN / NOMOR UNIT | J7: RINCIAN KERUSAKAN UNIT / LUKA-LUKA KORBAN | K7: PENJELASAN KEJADIAN (KRONOLOGI SINGKAT) | L7: PENYEBAB KEJADIAN | N7: TINDAKAN PERBAIKAN | O7: Eviden Perbaikan | P7: Due Date | Q7: PIC | R7: Layering PJA | S7: Status | T7: HPRI VS Non HPRI | U7: MANUSIA | V7: ALAT | W7: PERBAIKAN | X7: MEDIS | Y7: BIAYA LAIN-LAIN | Z7: TOTAL BIAYA
B8: 1 | C8: JAN | D8: LPI-01-I-2022-MACO | E8: NM | F8: 1/2/2022 | G8: KM 2.5 | H8: SHR | I8: Andi Kurniawan | J8: - | K8: Setelah DT-083 dumping di PORT, unit Travel kosongan menuju CHPP. Pada saat melintas di Km 02 unit berpapasan dengan sepeda Motor. DT-083 menghindari kendaraan Motor dikarenakan unit mengambil jalur terlalu kiri & kondisi Jalan Lembek menyebabkan unit Sleding dan Amblas | L8: TINDAKAN TIDAK AMAN | M8: Operator gagal mengantisipasi dalam memilih jalan saat berpapasan | N8: Memberikan sanksi kepada operator sesuai dengan SPDK yang berlaku | P8: 20/01/2022 | Q8: Aljary | R8: PRODUKSI HAULING | S8: CLOSED | T8: NON HPRI | U8: - | V8: - | W8: - | X8: - | Y8: - | AB8: CLOSED
N9: Melakukan perbaikan di sepanjang Km 2 | O9: Terlampir | P9: 20/01/2022 | Q9: Aljary | R9: PRODUKSI HAULING | S9: CLOSED | AB9: OPEN
N10: Melaksanakan CHRI di SHR bersama PT MC dan menindaklanjuti temuan jalan yang tidak layak | O10: Terlampir | P10: 20/01/2022 | Q10: Aljary | R10: PRODUKSI HAULING | S10: CLOSED
B11: 2 | C11: JAN | D11: LPI-02-I-2022-MACO | E11: PD | F11: 1/8/2022 | G11: Jembatan Timbang | H11: PORT TUHUP | I11: Rendi Nata | J11: - | K11: Sdr Rendi Nata mengoperasikan unit DT 040-005 muatan ke tuhup sekitar Pukul 11.00 mulai antri di timbangan, menunggu unit kosongan menimbang pada saat masuk timbangan tidak ada masalah, ketika sampai depan loket unit di belokkan ke kanan supaya kabin mendekat loket untuk menyerahkan doket muatan batubara. setelah menyerahkan doket muatan batubara, ujung muffler menyangkut atap jendela loket sehingga menyebabkan atap jendela rusak. | L11: TINDAKAN TIDAK AMAN | M11: Operator Kurang melakukan screening saat memasuki Timbangan | N11: Memberikan coaching kepada operator | O11: Terlampir | P11: 20/01/2022 | Q11: Thasmiadi | R11: PRODUKSI HAULING | S11: CLOSED | T11: NON HPRI | U11: - | V11: - | W11: - | X11: - | Y11: -
L12: KONDISI TIDAK AMAN | M12: Belum ada acuan jarak aman | N12: Membuat Instruksi pekerjaan penimbangan | O12: Belum tandatangan dan sosialiassi ke OPERATOR | P12: 20/01/2022 | Q12: Thasmiadi | R12: PRODUKSI HAULING | S12: CLOSED
N13: Pemasangan acuan jarak aman antara unit dengan kontainer | O13: Belum ada lampiran | P13: 20/01/2022 | Q13: Thasmiadi | R13: PRODUKSI HAULING | S13: CLOSED
L14: TINDAKAN TIDAK AMAN | M14: 'Posisi unit terlalu ke kanan mendekat loket (bangunan kontainer) | N14: Perbaikan atap | O14: Atap dilepas | P14: 20/01/2022 | Q14: Thasmiadi | R14: PRODUKSI HAULING | S14: CLOSED
N15: Pembuatan alat bantu keranjang doket | O15: Terlampir | P15: 20/01/2022 | Q15: Thasmiadi | R15: PRODUKSI HAULING | S15: CLOSED
B16: 3 | C16: JAN | D16: LPI-03-I-2022-MACO | E16: EI | F16: 1/9/2022 | G16: KM 53 Jembatan Briwit | H16: LNR | I16: Yunus Santosa | J16: - | K16: Pada saat proses penghantaran karyawan cuti , saat tiba di km 53 tangki MH 01 terlepas dan unit berhenti. | L16: KONDISI TIDAK AMAN | M16: Baut bracket tangki solar patah rusak | N16: Mengganti bolt bracket tangki yang patah | O16: Terlampir | P16: 20/01/2022 | Q16: Albert | R16: PLANT CHPP | S16: CLOSED | T16: NON HPRI | U16: - | V16: - | W16: - | X16: - | Y16: -
N17: Melakukan periodic service semua Manhaul | O17: Terlampir | P17: 20/01/2022 | Q17: Albert | R17: PLANT CHPP | S17: CLOSED
L18: TINDAKAN TIDAK AMAN | M18: P2H tidak melakukan pengecekan ke arah kolong unit | N18: Couching semua operator Manhaul perihal kebersihan Manhaul | O18: Evidence coaching pada saat reinduksi | P18: 20/01/2022 | Q18: Fadly | R18: HRGA | S18: CLOSED
N19: Membuat jadwal pencucian unit | O19: Pencucian unit pada saat sercive | P19: 20/01/2022 | Q19: Fadly | R19: HRGA | S19: CLOSED
A20: 2 | B20: 4 | C20: JAN | D20: LPI-04-I-2022-MACO | E20: NM | F20: 1/10/2022 | G20: KM 69 - LNR | H20: LNR | I20: Amirudin | J20: - | K20: Pada Tanggal 10 Januari 2022 Sdr Amirudin berangkat dari mes pukul 05.30 WIB, sampai di office Sdr Amirudin mengikuti P5M yang dibawakan oleh Pengawas Sdr, Rian. Setelah selesai P5M Sdr Amirudin di antar oleh Sdr. Rian ke parkiran transko (Bawah Camp) karena unit CP010-001 parkir di area tersebut. Stelah sampai di unit CP010-001 Sdr. Amirudin langsung melakukan P2H dan unit dinyatakan layak. Selesai P2H Sdr. Amiruddin langsung melakukan compacting area CHPP dan sekitar pukul 8.00 Wib Sdr. Amirudin mengarah ke area LNR karena cakupan pekerjaan sampai di KM 68, Setelah melakukan compacting di area KM 68 Sdr Amirudin mengarah ke KM 69, sampai di area median Km 69 Sdr. Amirudin melakukan manuver di ujung median dari sisi kosongan menuju sisi muatan. Tiba tiba bagian dram depan menginjak material lembek dan unit tidak bisa bergerak mundur. | L20: TINDAKAN TIDAK AMAN | M20: Operator bermanuver di area yang licin | N20: Melakukan couching & konseling terhadap operator compact | O20: Terlampir | P20: 1/15/2022 | Q20: Mugiono | R20: TRAINING | S20: CLOSED | T20: NON HPRI | U20: - | V20: - | W20: - | X20: - | Y20: -
L21: FAKTOR PRIBADI | M21: Operator gagal dalam mengidentifikasi bahaya | N21: Melakukan inclass kepada Sdr. Amiruddin terkait refresh pengoperasian unit compact | O21: Terlampir | P21: 1/17/2022 | Q21: Mugiono | R21: TRAINING | S21: CLOSED
L22: FAKTOR PEKERJAAN | M22: OTD belum maksimal melakukan kepengawasan terhadap NH saat orientasi | N22: Memberikan sanksi administrasi kepada Sdr. Mugiono | O22: Terlampir | P22: 1/15/2022 | Q22: Fadly | R22: HRGA | S22: CLOSED
L23: FAKTOR PEKERJAAN | M23: Cakupan untuk area orientasi NH belum terdapat di IK pelatihan | N23: Melakukan review INK pelatihan operator terkait cakupan batas area orientasi NH | O23: Terlampir | P23: 1/30/2022 | Q23: Mugiono | R23: TRAINING | S23: CLOSED
L24: FAKTOR PEKERJAAN | M24: Rasio manpower OTD belum sesuai dengan jumlah NH dan OPP | N24: Segera melakukan pemenuhan OTD sesuai dengan jumlah NH dan OPP | O24: Terlampir | P24: 3/13/2022 | Q24: Fadly | R24: HRGA | S24: CLOSED
L25: KONDISI TIDAK AMAN | M25: Terdapat timbunan serta material gravel sudah terkikis material timbunan dan air | N25: Segera melakukan pemadatan dan penambahan grevel di area LNR Km 69 | O25: Terlampir | P25: 1/15/2022 | Q25: Thasmiadi | R25: PRODUKSI HAULING | S25: CLOSED
L26: FAKTOR PEKERJAAN | M26: Pengawas belum melakukan identifikasi bahaya area jalan LNR | N26: Memberikan sanksi administrasi kepada Sdr. Thasmiadi | O26: Terlampir | P26: 1/15/2022 | Q26: Budi Gangsar | R26: PRODUKSI HAULING | S26: CLOSED
L27: FAKTOR PEKERJAAN | M27: Job desk kepengawasan di area LNR belum jelas pembagiannya (dari CHPP atau Haju) | N27: Segera melakukan penunjukan pengawas (PIC) di area LNR dan sosialisasi Job Desk kepengawasan area LNR | O27: Terlampir | P27: 1/21/2022 | Q27: Thasmiadi | R27: PRODUKSI HAULING | S27: CLOSED
B28: 5 | C28: JAN | D28: LPI-05-I-2022-MACO | E28: NM | F28: 1/13/2022 | G28: KM 16 - SHR | H28: SHR | I28: Fajar Setiawan | J28: - | K28: Tanggal 13 januari 2022 masuk shift 2 Pukul 17.30 berangkat MH ke CSA Sekitar pukul 17.40 Ikut P5M dipimpin oleh Pak Hendrik Kemudian melihat settingan unit, karena unit pegangan saya breakdown (DT 100), maka saya lihat settingan unit, Saat lihat settingan saya di setting di unit DT 022 Kemudian saya menunggu unit nya datang ke CSA, unit datang dari Tuhup kosongan (Driver catur) Setelah unit dtang sekitar pukul 18.20 kemudian saya melakukan P2H, unit layak operasi. Pukul 18.30 saya berangkat kosongan ke chpp Sekitar pukul 19,30 sampai chpp, langsung loading material WS2 unit loader PC400-025 Saya sempat singgah ke CSA untuk nambah air wiper dan membersihkan lampu Setelah selesai saya berangkat menuju Tuhup, Sekitar pukul 20.30 sampai sekitar haju, di KM 34 berhenti ambil packmeal, rencana dumping material baru makan Kemudian saya jalan lagi, sampai KM 27 dispatch juga tidak berhenti Sekitar pukul 22.30 sampai KM 16 turunan saya mengurangi kecepatan, sampai dijalan datar saya lanjut jalan seingat saya di gear 9. Kemudian saya naik tanjakan, saat sampai tajakan RPM unit turun, kemudian saya turunkan gear kemudian unit naik. Selang beberapa saat RPM turun lagi kemudian saya over gear turun, RPM turun lagi diangka 1500 saya over lagi gear unit tenaga tidak ada kemudian saya injak pedal gass full tidak lepas, unit tidak ada respon saya inisiatif injak service brake unit sudah mulai mundur , saya Tarik parking brake tidal mampu menahan unit tetap mundur. Saya injak rem sampai berdiri tidak mampu menahan, unit termundur saya tidak main steering, setahu saya itu lurus kemudian mentok ke tanggul. Yang saya lakukan saat tenaga hilang langsung saya turunkan transmisi per 2 gear Saat kondisi kemarin saya focus turunin gear Dulu pernah inclass oleh pak tafsal bahwa jalan hauling pakai mode manual full Metode manual itu semua dibawah kendali pengemudi, sesuai materi saat training "Apabila Unit Kehilangan Tenaga/Torsi dan Mundur ditanjakan" Setelah saya turun saya lihat kondisi unit, unit tidak ada kerusakan, Saya cb saya coba naikan unit, cb pakai double saya jalankan unit maju sekitar 1 meter. Unit maju kedepan 1 meter tetapi tire sebelah kiri amblas di material lembek. Saya turun pasang safety cone, dan wheelcok sebelah kanan yang dipasang Saya kontek radio ke rekan2, info jika unit amblas tolong di sampaikan ke pengawas Kemudian saya diantar ke Tuhup sekitar pukul 00.30 wib langsung ke klinik | L28: FAKTOR PEKERJAAN | M28: Operator terlambat melakukan shifting transmisi saat jalan menanjak sehingga unit kehilangan power | N28: Coaching & Sanksi Administratif Operator DT SPDK L2 | O28: Terlampir | P28: 2/5/2022 | Q28: Thasmiadi | R28: PRODUKSI HAULING | S28: CLOSED | T28: HPRI | U28: - | V28: - | W28: - | X28: - | Y28: - | AA28: Progres Roating
L29: TINDAKAN TIDAK AMAN | M29: Operator mengopersikan unit tidak berdasarkan training | N29: Refresh Pengoperasian unit DT | O29: Terlampir | P29: 2/5/2022 | Q29: Bambang S | R29: TRAINING | S29: CLOSED
L30: KONDISI TIDAK AMAN | M30: Belum terdapat rambu pindah transimisi saat tanjakan dan turunan | N30: Pemasangan rambu perpindahan transmisi tanjakan/ turunan KM 16 | O30: Terlampir | P30: 2/5/2022 | Q30: Thasmiadi | R30: PRODUKSI HAULING | S30: CLOSED
L31: KONDISI TIDAK AMAN | M31: Prioritas pemasangan di area LNR dengan tanjakan turunan panjang | N31: Maping tanjakan turunan di area SHR | O31: Terlampir | P31: 2/5/2022 | Q31: Thasmiadi | R31: PRODUKSI HAULING | S31: CLOSED
L32: FAKTOR PEKERJAAN | M32: Operator Panik saat unit termundur | N32: Resosialisasi materi emergency saat reinduksi paska cuti | O32: Terlampir | P32: 2/5/2022 | Q32: Bambang S | R32: TRAINING | S32: CLOSED
B33: 6 | C33: JAN | D33: LPI-06-I-2022-MACO | E33: PD | F33: 1/16/2022 | G33: KM 65 - LNR | H33: LNR | I33: Aris Hidayat | J33: - | K33: Sdr AH pukul 06.00 saat setelah P5M & P2H diinstuksikan mengoperasikan DT091 Bermuatan ke port untuk dumping material. setelah dumping, DT091 menuju KM39 untuk melaksanakan PI. Pukul 09.50 DT091 sudah sampai di lokasi PI dan diinformasikan mekanik jika terdapat temuan/rekomendasi adjust parking brake, leak spring 11,12, adj Holo Spring 5,6, dan grease tangki kosong. Kemudian pukul 11.50 DT091 menuju Haju dan parkir di CSA dan kemudian sdr AH diinstuksikan ke CHPP untuk ganti unit dengan DT095. Sdr AH langsung ke CHPP, sampai dilokasi langsung melakukan P2H, tidak ada deviasi. Saat travel turun, sdr AH merasakan di turunan km68 stering bergerak ke kiri sendiri. Kemudian saat melintas di turunan KM65 & stop di simpang Bao-bao, diinformasikan oleh scurity pos jaga setempat jika terdapat asap pada tyre depan. Kemudian Sdr AH turun dari unit untuk memasang wheelcock, safetycone, dan menyemprotkan apar pada bagian R1 | L33: FAKTOR PEKERJAAN | M33: Connecting bar loadsensing 7 cover arm shaff p9/p10 bengkok yang mengakibatkan shaff adjuster tidak bekerja / jamed | N33: Melakukan penggantian bar loadsensing dan cover arm | O33: Terlampir | P33: 2/5/2022 | Q33: Hary Prastowo | R33: PLANT HAJU | S33: CLOSED | T33: NON HPRI | AA33: Proses Order
N34: Safety recall ke operator terkait pengecekan pada connecting bar loadsensing saat P2H | O34: Terlampir | P34: 2/5/2022 | Q34: Thasmiadi | R34: PRODUKSI HAULING | S34: CLOSED
L35: FAKTOR PEKERJAAN | M35: Unit tidak dilakukan periodic inspection sesuai schedulenya | N35: Membuat jadwal periodic inspection dan disosialisasikan ke tim produksi H-1 | O35: Terlampir | P35: 2/2/2022 | Q35: Hary Prastowo | R35: PLANT HAJU | S35: CLOSED
N36: Membuat penunjukan PJA PI di KM39 | O36: Terlampir | P36: 2/5/2022 | Q36: Hary Prastowo | R36: PLANT HAJU | S36: CLOSED
B37: 7 | C37: JAN | D37: LPI-07-I-2022-MACO | E37: PD | F37: 1/20/2022 | G37: Parkiran Dispenser Port Tuhup | H37: PORT TUHUP | I37: Joy Manris Manullang | J37: - | K37: Pada Tanggal 20 Januari 2022 Sdr Joy Manris Manullang berangkat dari mes pukul 06.00 WIB langsung menuju ke jalann hauling LNR KM 74 untuk melakukan perbaikan Ecavator 292 yang breakdown dengan 3 orang teman (Vince, Dolly, Teddy) karena mendapat intruksi dari Pak Robby Surya untuk melakukan perbaikan unit excavator 292 di KM 74.Sampai di KM 74 saya dan 3 orang teman langsung melakukan perbaikan Excavaor sampai pukul 11.00 Wib, sekitar pukul 10.00 Wib Sdr Robby Surya tiba di km 74, kemudian sekitar pukul 11.10 Wib saya dan teman teman melakukan istirahat makan. Sekitar pukul 12.05 Wib saya berangkat ke tuhup bersama Pak Robby Surya dan Sdr. Dolly untuk pengambilan spare part dengan menggunakan LV BMC-01. Sampai dituhup sekitar pukul 14.24 Wib, Saya akan parkir di samping kontainer bekas WS FNK karena LCT yang membawa spare part belum tiba. saat saya manuver mundur untuk parkir tiba tiba saya kaget menabrak tiang CCTV lalu berubah arah. | L37: TINDAKAN TIDAK AMAN | M37: Belum terdapat ketentuan parkir di area tersebut atau TMP di area bekas workshop FNK terkait lokasi P khusus sarana | N37: Melakukan pembuatan TMP di WS eks FNK | O37: Ter | P37: 2/15/2022 | Q37: AMC | R37: AMC | S37: CLOSED | T37: NON HPRI | U37: - | V37: - | W37: - | X37: - | Y37: -
L38: TINDAKAN TIDAK AMAN | M38: Belum adanya rambu Parkir atau Larangan Parkir di area tersebut | N38: Melakukan pemasangan rambu di area tersebut | O38: Evidence Menyusul (by suta) | P38: 2/15/2022 | Q38: AMC | R38: AMC | S38: CLOSED
L39: TINDAKAN TIDAK AMAN | M39: Driver tidak memperhatikan area sekitar saat manuver mundur | N39: Melakukan pemberian tindak disiplin SPDK SP 1 Lubang 2 kepada Sdr Joy Manris Manullang | O39: Terlampir | P39: 1/28/2022 | Q39: Suyoni | R39: PRODUKSI MINING | S39: CLOSED
L40: TINDAKAN TIDAK AMAN | M40: Driver merasa terlalu percaya diri saat akan melakukan parkir karena sudah terbiasa parkir di area tersebut | N40: Melakukan refresh pengoperasian LV ke OTD dan Gorunded ke Dept SHE PT. SIS | O40: Terlampir | P40: 1/28/2022 | Q40: Suyoni | R40: PRODUKSI MINING | S40: CLOSED
B41: 8 | C41: JAN | D41: LPI-08-I-2022-MACO | E41: NM | F41: 1/21/2022 | G41: KM 28 - SHR | H41: SHR | I41: Eko Zulfikri | J41: - | K41: Sdr EZ pukul 20.00 WIB diantar naik MH015 ke km26 (dispatch) untuk mengoperasikan DT06 yang sebelumnya breakdown di jalan. Pukul 20.38 sampai di dispatch sdr EZ melakukan P2H unit kemudian travel ke Port untuk dumping material. Selanjutnya sdr EZ ke CHPP, pukul 01.58 loading di EX31 product Co-31 kemudian lanjut travel muatan ke port. Pukul 04.48 Sdr EZ setelah dumping dan mengisi fuel kemudian travel kosongan menuju CSA Haju untuk change shift. Pukul 05.50 WIB saat melintas di KM28, sdr EZ tidak bisa mengendalikan unit saat melintas jalan berlubang sehingga unit terprosok | L41: TINDAKAN TIDAK AMAN | M41: operator tidak defesive driving (overspeed) | N41: 1. Refresh pengoperasian unit DT | O41: Terlampir | P41: 1/30/2022 | Q41: Esra Edhy Thasmiadi | R41: PRODUKSI HAULING | S41: CLOSED | T41: NON HPRI | U41: - | V41: - | W41: - | X41: - | Y41: -
N42: 2. Memberikan sanksi SPDK kepada operator (SP2) | O42: Terlampir | P42: 1/30/2022 | Q42: Esra Edhy Thasmiadi | R42: PRODUKSI HAULING | S42: CLOSED
L43: TINDAKAN TIDAK AMAN | M43: P2H tidak dilakukan dengan benar | N43: 1. Memberikan Couching/konseling kepada pengawas langsung (sdr Farid) | O43: Terlampir | P43: 1/30/2022 | Q43: Thasmiadi | R43: PRODUKSI HAULING | S43: CLOSED
N44: 2. Memberikan Couching/konseling kepada operator (sdr Eko) | O44: Terlampir | P44: 1/30/2022 | Q44: Thasmiadi | R44: PRODUKSI HAULING | S44: CLOSED
L45: KONDISI TIDAK AMAN | M45: maintanance road shift II tidak maksimal | N45: Penyedian/pengaturan unit grader sesuai segment (SHR/CHR) | O45: Terlampir | P45: 1/30/2022 | Q45: Thasmiadi | R45: PRODUKSI HAULING | S45: CLOSED
B46: 9 | C46: JAN | D46: LPI-09-I-2022-MACO | E46: NM | F46: 1/22/2022 | G46: KM 4+800 - SHR | H46: SHR | I46: Hidayat Firman | J46: - | K46: Pada tanggal 22 januari 2022 unit DT-040-013 mengangkut material CO-3 dari CHPP menuju Tuhup di shift 2. saat sampai di SHR tanjakan Km 4+800, unit mengalami penurunan RPM dimana transmisi harus diturunkan. Saat diturunkan transmisi unit bisa naik, kemudian mengalami lagi hal yang sama operator menurunkan transmisi tetapi tidak bisa menaikan tenaga sehingga unit berhenti sejenak dan kemudian mundur hingga masuk ke paritan sehingga mengalami amblas. | L46: TINDAKAN TIDAK AMAN | M46: Operator terlambat melakukan shifting transmisi saat jalan menanjak sehingga unit kehilangan power | N46: Coaching Operator DT | O46: Terlampir | P46: 2/25/2022 | Q46: Thasmiadi | R46: PRODUKSI HAULING | S46: CLOSED | T46: HPRI | U46: - | V46: - | W46: - | X46: - | Y46: -
L47: TINDAKAN TIDAK AMAN | M47: Operator melakukan berdasarkan pengalamannya (kebiasaan) | N47: Refresh Pengoperasian unit DT | O47: Terlampir | P47: 1/30/2022 | Q47: Bambang S | R47: TRAINING | S47: CLOSED
L48: TINDAKAN TIDAK AMAN | M48: Operator Panik saat unit termundur | N48: Resosialisasi materi emergency saat reinduksi paska cuti | O48: Terlampir | P48: 1/30/2022 | Q48: Bambang S | R48: TRAINING | S48: CLOSED
B49: 10 | C49: JAN | D49: LPI-10-I-2022-MACO | E49: PD | F49: 1/27/2022 | G49: Port - Dumpingan GC | H49: PORT TUHUP | I49: Daniel Duma | J49: - | K49: Unit DT-089 diarahkan lokasi oleh petugas stockpile sesuai jenis material yang di angkut. Sampai dilokasi ROM, unit manuver untuk dumping di arahkan oleh petugas, saat cylinder dump full struck (maksimal) material yang turun hanya sedikit, beberapa saat unit digerakkan sehingga mengalami miring dan rebah ke kiri. | L49: TINDAKAN TIDAK AMAN | M49: Operator melakukan pergerakan unit ke depan | N49: Sanksi administrasi SPDK L2 (tidak mengikuti prosedur yang berlaku) | O49: Terlampir | P49: 2/15/2022 | Q49: Thasmiadi | R49: PRODUKSI HAULING | S49: CLOSED | T49: HPRI | U49: - | V49: - | W49: - | X49: - | Y49: -
L50: TINDAKAN TIDAK AMAN | M50: Operator DT-089 tidak mengikuti JSA yang berlaku saat dumping material GC1 / product dengan karakteristik lengket tidak melapor ke pengawas/ petugas | N50: Resosialisasi JSA Melaksanakan kegiatan pengoperasian dump truck batu bara | O50: Terlampir | P50: 2/15/2022 | Q50: Thasmiadi | R50: PRODUKSI HAULING | S50: CLOSED
L51: FAKTOR PEKERJAAN | M51: Belum terdapat petugas khusus mengarahkan saat dumping product dengan karakteristik material lengket | N51: Penambahan Petugas khusus Penimbunan area Stockpile Tuhup support dumping material product karakteristik material lengket (tindakan pencegahan) | O51: Terlampir | P51: 2/25/2022 | Q51: Thasmiadi | R51: PRODUKSI HAULING | S51: CLOSED
B52: 11 | C52: JAN | D52: LPI-11-I-2022-MACO | E52: PD | F52: 1/27/2022 | G52: KM 77 - LNR | H52: LNR | I52: Catur Khoiriza | J52: - | K52: Pada awal shift setelah P5M, sdr CKA standby di shalter menunggu instruksi dari pengawas. Kemudian pada pukul 10.00 diinstruksikan untuk membawa unit DT020-00124 untuk membantu melakukan parching di LNR km 73 dengan membawa material keras dari pit. Setelah melakukan P2H (tidak ada deviasi) kemudian sdr CKA travel ke loading point Ex35. Pada ritase ke 5, DT bermuatan material keras melintas LNR km 77 steering mengalami macet dikarenakan bocor hose steering dan sdr CKA spontan melakukan pengereman, namun menyenggol median jalan. Setelah kejadian tersebut, operator melaporkan kejadian ke atasan | L52: KONDISI TIDAK AMAN | M52: System steering tidak bekerja dengan normal | N52: Memeriksa Ball joint steering unit dengan HM >5000 | O52: Terlampir | P52: 4/30/2022 | Q52: Roery W | R52: PLANT HAJU | S52: CLOSED | T52: HPRI
N53: Memasang indashcam di unit DT20 ton | O53: Terlampir | P53: 4/30/2022 | Q53: Roery W | R53: PLANT HAJU | S53: CLOSED
L54: KONDISI TIDAK AMAN | M54: Jalur LNR masih terdapat beberapa titik jalan rusak | N54: Melakukan perbaikan jalur hauling, prioritas pada jalan berlubang km77 | O54: Terlampir | P54: 4/30/2022 | Q54: Anggi Okta | R54: PRODUKSI HAULING | S54: CLOSED
L55: FAKTOR PEKERJAAN | M55: Lock pin ball Joint belum melewati umur pakai | N55: Menurunkan masa pakai lock pin ball joint dari HM 6000 menjadi HM 5000 | O55: Terlampir | P55: 3/30/2022 | Q55: Roery W | R55: PLANT HAJU | S55: CLOSED
L56: FAKTOR PEKERJAAN | M56: Kondisi ball joint steering tidak ada dalam checklist PS | N56: Memasukkan pemeriksaan kondisi lockpin balljoint dalam chechlist periodical service | O56: Terlampir | P56: 3/30/2022 | Q56: Roery W | R56: PLANT HAJU | S56: CLOSED
L57: TINDAKAN TIDAK AMAN | M57: Mekanik tidak melihat kejanggalan saat PS | N57: Refresh Pemeriksaan pada komponen steering ke mekanik | O57: Terlampir | P57: 3/30/2022 | Q57: Surya | R57: TRAINING | S57: CLOSED
N58: coaching GL pentingnya pemeriksaan ulang | O58: Terlampir | P58: 3/30/2022 | Q58: Ahmad Otong | R58: PLANT HAJU | S58: CLOSED
N59: Membuat jadwal pencucian unit DT20 ton | O59: Terlampir | P59: 3/30/2022 | Q59: Ahmad Otong | R59: PLANT HAJU | S59: CLOSED
B60: 12 | C60: JAN | D60: LPI-12-II-2022- MACO | E60: PD | F60: 1/31/2022 | G60: KM 50 - LNR | H60: LNR | I60: Fenti Ari W | J60: - | K60: Pada tanggal 31 Januari 2022 unit DT-030-085 mengangkut material WS-1 dari CHPP menuju Tuhup di shift 2. saat setelah loading material sekitar pukul 03.00 WIB unit menuju Haju untuk parkir akhir shift. Sampai di LNR KM 50+500, operator mengalami mikrosleep, sehingga unit tidak terkendali keluar jalur muatan dan rebah ke kiri. | L60: TINDAKAN TIDAK AMAN | M60: Operator tidak istirahat sesuai SOP | N60: Coaching & Sanksi Administratif Operator DT SPDK L6 | O60: Terlampir | P60: 2/10/2022 | Q60: Thasmiadi | R60: PRODUKSI HAULING | S60: CLOSED | T60: HPRI | U60: - | V60: - | W60: - | X60: - | Y60: -
L61: TINDAKAN TIDAK AMAN | M61: Tidak Jujur dalam pengisian bugar selamat | N61: Edukasi pamflet/ poster blast WAG Operator dan Pengawas pentingnya mengatur pola istirahat | O61: Terlampir | P61: 2/15/2022 | Q61: Thasmiadi | R61: PRODUKSI HAULING | S61: CLOSED
L62: FAKTOR PEKERJAAN | M62: Kurang pemahaman pelaporan emergency | N62: Edukasi pamflet/ poster blast WAG Operator dan Pengawas pelaporan insiden | O62: Terlampir | P62: 2/15/2022 | Q62: Joko | R62: SHE | S62: CLOSED
L63: FAKTOR PEKERJAAN | M63: Kontrol fatique jam kritis tidak terlaksana 100 | N63: Internal Memo Produksi Pembagian Area Pelaksanaan Fatique Test Jam Kritis | O63: Terlampir | P63: 2/10/2022 | Q63: Joko | R63: SHE | S63: CLOSED
N64: Pelaksanaan Couching Counseling terkait pembagian area fatigue check dan target pemeriksaan kepada pengawas | O64: Terlampir | P64: 2/10/2022 | Q64: Thasmiadi | R64: PRODUKSI HAULING | S64: CLOSED
B65: 13 | C65: FEB | D65: LPI-13-II-2022- MACO | E65: NM | F65: 2/5/2022 | G65: KM 15 | H65: SHR | I65: Weldi | J65: - | K65: Sdr WLD pada tanggal 5 Februari 2022 pukul 05.15 berangkat ke CSA Haju dan mengikuti P5M & mengisi bugar selamat, kemudian menuju unit DT030-0114 untuk melakukan P2H (tidak ada deviasi). Pukul 06.00 WIB, sdr WLD menuju ke CHPP travel kosongan. Pukul 07.15 sampai di loading point EX28 product CO-2 kemudian melanjutkan travel ke port. Pukul 09.30 WIB melakukan dumping material di port kemudian melanjutkan travel ke CHPP, saat melintas di jalan menanjak KM15, unit berpapasan dengan DT AKT, dikarenakan jalur penyempitan, sdr WLD inisiatif stop menepi. Saat akan melanjutkan travel, unit amblas dan sdr WLD berusaha menaikan RPM untuk maju, dikarenakan unit tidak keluar lokasi amblas, unit dioperasikan mundur dan kemudian amblas | L65: FAKTOR PEKERJAAN | M65: Maintenance road tidak maksimal (Perencanaan tugas tidak memadai) | N65: Membuat DOP Road Maintenance | O65: Terlampir | P65: 2/20/2022 | Q65: Thasmiadi | R65: PRODUKSI HAULING | S65: CLOSED | T65: HPRI
N66: Sosialisasi DOP Road Maintenance pada P5M | O66: Terlampir | P66: 2/20/2022 | Q66: Thasmiadi | R66: PRODUKSI HAULING | S66: CLOSED
L67: KONDISI TIDAK AMAN | M67: Jalan tidak standart | N67: Melakukan pelebaran jalan | O67: Terlampir | P67: 2/20/2022 | Q67: Thasmiadi | R67: PRODUKSI HAULING | S67: CLOSED
N68: Melakukan loading material lunak pada jalur km15 | O68: Terlampir | P68: 2/20/2022 | Q68: Thasmiadi | R68: PRODUKSI HAULING | S68: CLOSED
L69: TINDAKAN TIDAK AMAN | M69: Tidak defensive driving | N69: Refresh Pengoperasian unit DT | O69: Terlampir | P69: 2/20/2022 | Q69: Esra Edhy | R69: TRAINING | S69: CLOSED
N70: Memberikan coaching dan konseling | O70: Terlampir | P70: 2/20/2022 | Q70: Thasmiadi | R70: PRODUKSI HAULING | S70: CLOSED
B71: 14 | C71: FEB | D71: LPI-14-II-2022- MACO | E71: MTI | F71: 2/15/2022 | G71: SEAM D PIT NORTH | H71: MINING | I71: Panni Sirait | J71: Luka robek pada tangan kanan dan betis kaki kiri | K71: Pada tanggal 15 Februari 2022, pukul 17.40 WIB Sdr Panni Sirait setelah P5M Mengarahkan sdr Irpan Operator Unit HD - 514 untuk menuju lokasi loading diarea puncak seam D excavator 88. Kemudian pada pukul 21.30 WIB kondisi batubara difront loading Exca 88 seam D habis, lalu sdr panni memanggil Sdr Dance melalui radio untuk berkoodinasi terkait dengan pemindahan lokasi loading diarea seam G. Lalu Sdr Panni sirait menuju lokasi untuk melakukan pengecekan kesiapan area, untuk proses layering akses exposed seam G Pada pukul 21.45 WIB sdr Panni saat selesai melakukan pengecekan lokasi, kemudian sdr panni meminta material keras dan mengarahkan Operator HD 514 (Sdr Irpan) untuk dumping diarea akses expose seam G, Pada pukul 22.00 WIB sdr Panni berjalan menuju tower lamp dan berdiri didepan tower lamp yang berjarak kurang lebih 6 meter dari titik dumping untuk mengarahkan Operator HD 514 (Sdr Irpan) untuk melakukan manuver dibelakang unit Dozer 109 Sekitar pukul 22.04 WIB pada saat posisi unit HD 514 mundur ke titik dumpingan, tyre F1 Unit HD 514 menginjak material keras kemudian serpihan melenting dan mengenai bagian tangan kanan dan betis kaki kiri sdr. Pani. Setelah terkena lentingan batu, sdr panni sirait terlihat terduduk di Tower lamp, operator Unit HD 514 (Sdr Irpan) yang melihat kondisi tersebut kemudian turun dari unit untuk meberikan pertolongan dan sdr Panni mengarahkan Operator HD 514 (Sdr Irpan) untuk melakukan pelaporan kepada channel emergency di ch.18 dan atasan langsung. Pada Pukul 22.15 WIB tim ERT mengarah kelokasi kejadian untuk melakukan pertolongan pertama kepada sdr panni sirait, kemudian dibawa menuju klinik Lampunut. Sdr. Panni mendapatkan perawatan medis dan penjahitan pada luka terbuka di lengan tangan dan betis depan. Selanjutnya pada tanggal 16 Februari 2022, Pukul 12.45 WIB Sdr panni sirait dirujuk ke RS Pertamina Tanjung untuk dilakukan Foto X ray karena ada suspect fracture. Dari hasil radiology yang dikeluarkan oleh dokter spesialis Dr. Deasy R. Nayoan Sp. Rad. M. Kes kesimpulan yang didapatkan tadalah pembengkakan jaringan lunak pada tangan dan kaki kiri dan tidak ada frakture. | L71: TINDAKAN TIDAK AMAN | M71: Posisi Pengawas (Sdr panni sirait) terlalu dekat dengan titik dumping point (berinisatif bahwa posisi didepan tower lamp adalah posisi yang aman untuk mengarahkan operator di titik dumping) | N71: 1. Memberikan coaching kepada pengawas Sdr Panni Sirait | O71: Terlampir | P71: 3/31/2022 | Q71: Listianto | R71: PRODUKSI MINING | S71: CLOSED | T71: HPRI
L72: TINDAKAN TIDAK AMAN | M72: Radius kepengawasan terlalu jauh pada saat proses perpindahaan Front | N72: 1. Membuat Internal Memo PJO tentang penegasan pengaturan traffic manajemen diarea tambang. | O72: Terlampir | P72: 3/31/2022 | Q72: Benny Permana | R72: SHE | S72: CLOSED
N73: 2. Menambahkan titik lokasi penempatan tower Lamp pada Daily Operation Plan Produksi | O73: Terlampir | P73: 3/31/2022 | Q73: Budi Gangsar | R73: PITCON & SURVEY | S73: CLOSED
N74: 3. Pembuatan surat penunjukan PJA dan pembagian area pengawasan di area PIT | O74: Terlampir | P74: 3/31/2022 | Q74: Benny Permana | R74: SHE | S74: CLOSED
L75: TINDAKAN TIDAK AMAN | M75: Pengawas Sdr (panni sirait) tidak menyadari potensi bahaya lentingan pada saat pekerjaan. | N75: 1. Memberikan induksi di lokasi kerja oleh Atasan Langsung kepada pengawas di area PIT. | O75: Terlampir | P75: 3/31/2022 | Q75: Listianto | R75: PRODUKSI MINING | S75: CLOSED
L76: TINDAKAN TIDAK AMAN | M76: Belum ada identifikasi bahaya lentingan material pada HIRA section produksi rev. 04 31 Desember 2021 pada proses dumping material OB . | N76: 1. Melakukan review HIRA dan JSA section produksi | O76: Terlampir | P76: 3/31/2022 | Q76: Hadran | R76: PRODUKSI MINING | S76: CLOSED
L77: FAKTOR PEKERJAAN | M77: Material roof seam g mempunyai kecenderungan mudah crack saat menerima penetrasi beban muatan | N77: 1. Melakukan penyekrapan diarea titik dumping sebelum dilakukan proses dumping dimulai. | O77: Terlampir | P77: 3/31/2022 | Q77: Listianto | R77: PRODUKSI MINING | S77: CLOSED
L78: FAKTOR PEKERJAAN | M78: Belum ada tempat khusus yang aman untuk pengawas dalam melakukan pengawasan di area titik dumping | N78: 1. Membuat tempat khusus untuk radius aman kepengawasan untuk pengawas di area PIT. | O78: Terlampir | P78: 3/31/2022 | Q78: Fadly | R78: HRGA | S78: CLOSED
B79: 15 | C79: FEB | D79: LPI-15-II-2022- MACO | E79: PD | F79: 2/19/2022 | G79: KM 32 | H79: SHR | I79: Davit septa hutomo | K79: Unit DT030-0087 saat melintas di Jalur SHR KM32 setelah melakukan dumping batubara di port pukul 08.45 WIB. Setelah beberapa menit sebelumnya hujan rintik, kondisi jalan menjadi agak licin yang membuat DT slip. Operator berusaha mengembalikan posisi unit agar lurus kembali, kemudian kaget karena ada unit yang akan melintas. operator berusaha menekan sevice brake dan mengaktifkan parking brake, tapi unit tetap berjalan menuju tanggul | L79: TINDAKAN TIDAK AMAN | M79: Operator overspeed (53 km/jam) di area batas kecepatan maksimal 30 km/jam | N79: Sanksi disiplin sesuai aturan yang berlaku | O79: Terlampir | P79: 3/20/2022 | Q79: Anggi Okta | R79: PRODUKSI HAULING | S79: CLOSED | T79: HPRI
N80: Resosialisasi batas kecepatan saat P5M | O80: Terlampir | P80: 3/20/2022 | Q80: Anggi Okta | R80: PRODUKSI HAULING | S80: CLOSED
L81: KONDISI TIDAK AMAN | M81: Jalan belum sepenuhnya kering | N81: Melakukan observasi jalan segmen AWR terbatas | O81: Terlampir | P81: 3/20/2022 | Q81: Anggi Okta | R81: PRODUKSI HAULING | S81: CLOSED
L82: FAKTOR PEKERJAAN | M82: Belum dilakukan reassesment kondisi terkini terhadap jalan di segmen km 32 | N82: Reassessment kondisi jalan terkini untuk penentuan status AWR | O82: Terlampir | P82: 3/20/2022 | Q82: Anggi Okta | R82: PRODUKSI HAULING | S82: CLOSED
L83: TINDAKAN TIDAK AMAN | M83: Operator memaksakan lewat dengan kecepatan berlebih | N83: Sanksi disiplin sesuai aturan yang berlaku | O83: Terlampir | P83: 3/20/2022 | Q83: Anggi Okta | R83: PRODUKSI HAULING | S83: CLOSED
N84: Sosialisasi TARP di P5M | O84: Terlampir | P84: 3/20/2022 | Q84: Anggi Okta | R84: PRODUKSI HAULING | S84: CLOSED
N85: Pasang banner TARP di jalan hauling dan lokasi tambang | O85: Rambu TARP Sudah Dipasang oleh pras evidence menyusul | P85: 3/30/2022 | Q85: Anggi Okta | R85: PRODUKSI HAULING | S85: CLOSED
B86: 16 | C86: FEB | D86: LPI-16-II-2022- MACO | E86: NM | F86: Selasa, 22 Februari 2022 pada 08.00 WIB | G86: KM 28 - SHR | H86: SHR | I86: Bambang Sugito | K86: Sekitar pukul 08:00 WIB, DT 012 melewati area penyempitan km 28 jalur kosongan. Pada saat bersamaan terdapat DT AKT dari arah berlawanan dari sisi muatan sehingga Operator DT 012 bermaksud meminggirkan unitnya untuk memberi kesempatan agar DT AKT muatan bisa lewat. Saat menepi tersebut roda kiri belakang DT 012 amblas di bagian pinggir jalan yang lunak. | L86: TINDAKAN TIDAK AMAN | M86: Operator gagal mengikuti prosedur | N86: Melakukan konseling kepada operator DT 012 | O86: Terlampir | P86: 3/6/2022 | Q86: Anggi Okta | R86: PRODUKSI HAULING | S86: CLOSED | T86: NON HPRI
L87: KONDISI TIDAK AMAN | M87: Tata lingkungan yang buruk | N87: Melakukan loading spoil di jalan Km 28 | O87: Terlampir | P87: 3/20/2022 | Q87: Thasmiadi | R87: PRODUKSI HAULING | S87: CLOSED
L88: FAKTOR PEKERJAAN | M88: Maintenance jalan yang belum optimal | N88: Melakukan penjadwalan loading spoil jalan hauling | O88: Terlampir | P88: 3/20/2022 | Q88: Thasmiadi | R88: PRODUKSI HAULING | S88: CLOSED
B89: 17 | C89: FEB | D89: LPI-17-II-2022- MACO | E89: PD | F89: 2/23/2022 | G89: KM 2 | H89: SHR | I89: Sandy | J89: Cabin Operator Terbakar | K89: Pada tanggal 23 Februari 2022, unit DT040-0010 melakukan operasional pengangkutan batubara dari room CHPP menuju Room Port. Pada saat melintas di km 20+100 operator melihat ke spion dan terdapat asap hitam, kemudian operator langsung parkir dan berhenti di km 2 dan memastikan panel monitor (tidak ditemukan warning pada indikator). Operator melaporkan kepada pengawas dan kemudian turun dari unit untuk memastikan kondisi unit (tidak ditemukan kendala). Setelah memerikasa unit operator kembali kedalam unit untuk mengisi timesheet karena ingin membreakdownkan unit. Pada saat mengisi time sheet terdapat DT030-0117 melintas dan mengatakan “asap dan mungkin unit terbakar”. Operator turun melihat unit terbakar dan meminta bantuan untuk memadamkan unit. Setelah padam kemudian operator diatarkan oleh pengawas untuk dilakukan pemeriksaan ke klinik Tuhup, dari hasil pemeriksaan tidak ada cidera. | L89: KONDISI TIDAK AMAN | M89: USC-3 Noise absorben/Glasbull menyentuh housing turbo yang panas | N89: Dilakukan pemeriksaan kepada semua Absorben cabin unit DT Hauling | O89: Terlampir | P89: 3/31/2022 | Q89: Ahmad Otong | R89: PLANT HAJU | S89: CLOSED | T89: HPRI
L90: FAKTOR PEKERJAAN | M90: Operator kurang pemahaman dalam penanganan emergency (Penggunaan APAR) | N90: Melakukan refresh pelaporan prosedur emergency dan penggunaan APAR | O90: Terlampir | P90: 3/31/2022 | Q90: Robby | R90: SHE | S90: CLOSED
L91: KONDISI TIDAK AMAN | M91: Pemeriksaan noise absorben belum dimasukkan dalam checklist pemeriksaan saat PI dan PS | N91: Memasukakkan pemeriksaan noise absorben dalam chcklist PI dan PS | O91: Terlampir | P91: 3/15/2022 | Q91: Ahmad Otong | R91: PLANT HAJU | S91: CLOSED
L92: FAKTOR PEKERJAAN | M92: Operator tidak melapor ke channel emergency saat melihat asap | N92: Memberikan sanksi kepada operator sesuai dengan SPDK yang berlaku | O92: Terlampir | P92: 3/15/2022 | Q92: Anggi Okta | R92: PLANT HAJU | S92: CLOSED
L93: FAKTOR PEKERJAAN | M93: Tidak terlihat oleh operator saat P2H | N93: Sosialisasi potensi bahaya Glasbull kepada operator jika terpapar benda panas | O93: Terlampir | P93: 3/31/2022 | Q93: Robby | R93: SHE | S93: CLOSED
B94: 18 | C94: MAR | D94: LPI-18-III-2022- MACO | E94: PD | F94: 3/1/2022 | G94: KM 51 | H94: LNR | I94: Hendra | K94: DI awal shift, setelah mengikuti P5M, operator melakukan P2H unti DT106, dinyatakan aman untuk dioperasikan. Operator kemudian membawa muatan menuju port, setelah menunggu kondisi aman, DT106 baru diijinkan dumping. Operator kemudian lanjut menuju CHPP untuk loading. Setelah loading di ROM dan makan malam, pukul 23:30 WIB operator DT106 melanjutkan perjalanan menuju port. Pada pukul 00:40 WIB setelah melewati tikungan ke kiri di KM 51, operator hilang kendali dan unit mengarah ke kanan hingga menabrak tanggul sisi kosongan, lalu rebah | L94: TINDAKAN TIDAK AMAN | M94: Operator Mengalami Microsleep | N94: Sanksi disiplin sesuai SPDK dan aturan perusahaan | O94: Terlampir | P94: 3/25/2022 | Q94: Komite Disiplin | R94: HRGA | S94: CLOSED | T94: HPRI
N95: Resosialisasi pengelolaan fatique di P5M | O95: Terlampir | P95: 3/25/2022 | Q95: Komite Disiplin | R95: HRGA | S95: CLOSED
L96: TINDAKAN TIDAK AMAN | M96: Overspeed (53km/jam) saat memasuki tikungan | N96: Sanksi disiplin sesuai aturan yang berlaku | O96: Terlampir | P96: 3/25/2022 | Q96: Anggi Okta | R96: PRODUKSI HAULING | S96: CLOSED
L97: FAKTOR PRIBADI | M97: Tidak mengambil waktu istirahat di area CHPP | N97: Resosialisasi pengelolaan fatigue dalam P5M operator | O97: Terlampir | P97: 3/25/2022 | Q97: Anggi Okta | R97: PRODUKSI HAULING | S97: CLOSED
N98: Membuat safety campaign tentang fatigue manajemen | O98: Terlampir | P98: 4/30/2022 | Q98: Anggi Okta | R98: PRODUKSI HAULING | S98: CLOSED
L99: FAKTOR PEKERJAAN | M99: Observasi Fatigue tidak dilakukan | N99: Konseling pengawas | O99: Terlampir | P99: 3/25/2022 | Q99: Anggi Okta | R99: PRODUKSI HAULING | S99: CLOSED
N100: briefing pengawas mengenai pentingnya pelaksanaan observasi fatique | O100: Terlampir | P100: 3/25/2022 | Q100: Anggi Okta | R100: PRODUKSI HAULING | S100: CLOSED
B101: 19 | C101: MAR | D101: LPI-19-III-2022- MACO | E101: NM | F101: Senin, 07 Maret 2022 pada pukul 23.45 WIB | G101: KM 13 | H101: SHR | I101: Abdul Haris | K101: Setelah beristirahat di km 34, Sekitar pukul 00:00 Operator DT 030-104 melanjutkan perjanan membawa muatan dari ROM CHPP menuju port. Saat memasuki km 14 turun hujan. Memasuki km 13 tanjakan unit DT104 slip dan mundur perlahan sejauh 26 meter. | L101: FAKTOR PEKERJAAN | M101: Jalan belum digravel | N101: 1. Melakukan perkerasan jalan dengan gravel di segmen high risk sesuai plan | O101: Terlampir | P101: 3/20/2022 | Q101: Anggi Okta | R101: PRODUKSI HAULING | S101: CLOSED | T101: NON HPRI
L102: TINDAKAN TIDAK AMAN | M102: Gagal mengikuti prosedur TARP | N102: 1. Pembinaan sesuai aturan yang berlaku | O102: Terlampir | P102: 3/20/2022 | Q102: Anggi Okta | R102: PRODUKSI HAULING | S102: CLOSED
...

Sheet Sheet3
D5: NO | E5: TINDAKAN PERBAIKAN | F5: EVIDENCE PERBAIKAN | G5: DUE DATE | H5: PIC | I5: SECTION | J5: PERUSAHAAN | K5: STATUS | N5: No | O5: Section | P5: PT MC | Q5: PT. BMC | R5: PT. SIS | S5: Grand Total
D6: 1 | E6: Melakukan teguran kepada pengawas terkait tidak berjalannya program | F6: No evidence | G6: 30 Juli 2022 | H6: Anggi Okta | I6: PRODUKSI | J6: PT. SIS | K6: OPEN | N6: 1 | O6: HRGA | S6: 3
D7: 2 | E7: Pembersihan berkala lampu belakang (Brake) yang tertutup lumpur | F7: No evidence | G7: Continue | H7: Anggi Okta | I7: PRODUKSI | J7: PT. SIS | K7: OPEN | O7: Fadly | R7: 3 | S7: 3
D8: 3 | E8: Melakukan penggantian extension tools dengan chicken tools | F8: Progress WS | G8: 44804 | H8: Ronald S | I8: PLANT | J8: PT. SIS | K8: OPEN | N8: 2 | O8: PLANT | S8: 2
D9: 4 | E9: Membuat standar parameter alat bantu kerja (common tools) | F9: No evidence | G9: 44758 | H9: Ronald S | I9: PLANT | J9: PT. SIS | K9: OPEN | O9: Ronald S | R9: 2 | S9: 2
D10: 5 | E10: Pemasangan Rambu Batas AWR di KM 39 | F10: No evidence | G10: 44771 | H10: Anggi Okta | I10: PRODUKSI | J10: PT. SIS | K10: OPEN | N10: 3 | O10: PRODUKSI | S10: 9
D11: 6 | E11: Penambahan delineator / penanda pada titik paritan yang dalam di Area SHR | F11: No evidence | G11: 44771 | H11: Anggi Okta | I11: PRODUKSI | J11: PT. SIS | K11: OPEN | O11: AMC | P11: 1 | S11: 1
D12: 7 | E12: Melakukan revisi item ceklist inspeksi CHRI dengan menambahkan item crosfall dan superelevasi | F12: No evidence | G12: 44773 | H12: AMC | I12: PRODUKSI | J12: PT MC | K12: OPEN | O12: Anggi Okta | R12: 5 | S12: 5
D13: 8 | E13: Membuat standarisasi dan melengkapi jenis memory indashcamera yang dapat dianalisa. | F13: No evidence | G13: 44773 | H13: Fadly | I13: HRGA | J13: PT. SIS | K13: OPEN | O13: Suyoni Setya | Q13: 3 | S13: 3
D14: 9 | E14: Menambah bandwitdh jaringan download data volvo connect | F14: No evidence | G14: 44804 | H14: Fadly | I14: HRGA | J14: PT. SIS | K14: OPEN | N14: Grand Total | P14: 1 | Q14: 3 | R14: 10 | S14: 14
D15: 10 | E15: Membuat area simulasi pemeriksaan brake. | F15: No evidence | G15: 44773 | H15: Anggi Okta | I15: PRODUKSI | J15: PT. SIS | K15: OPEN
D16: 11 | E16: Mereview kembali kebutuhan pengawas dengan scope pekerjaan | F16: No evidence | G16: 44787 | H16: Fadly | I16: HRGA | J16: PT. SIS | K16: OPEN
D17: 12 | E17: Memberikan sanksi kepada Sdr. B sesuai dengan SPDK yang berlaku | F17: No evidence | G17: 44786 | H17: Suyoni Setya | I17: PRODUKSI | J17: PT. BMC | K17: OPEN
D18: 13 | E18: Memberikan sanksi kepada Sdr. B sesuai dengan SPDK yang berlaku | F18: No evidence | G18: 44786 | H18: Suyoni Setya | I18: PRODUKSI | J18: PT. BMC | K18: OPEN
D19: 14 | E19: Penunjukan PIC Validasi Indashcam | F19: No evidence | G19: 44786 | H19: Suyoni Setya | I19: PRODUKSI | J19: PT. BMC | K19: OPEN

Sheet DT 090
A2: HARI & TANGGAL, JAM | B2: LOKASI | C2: LOKASI INSIDEN | D2: NAMA KORBAN / NOMOR UNIT | E2: PENJELASAN KEJADIAN (KRONOLOGI SINGKAT) | G2: TINDAKAN PERBAIKAN | H2: Due Date | I2: PIC | J2: Status | K2: Eviden Perbaikan
A3: 44665 | B3: KM 65 | C3: LNR | D3: Mario Salis Nanda | E3: Pada pukul 15.00 WIB, Operator DT 090 loading di WA 04 material gantungan GC 01, kemudian operator DT 090 menuju CSA Haju, sampai di Jembatan Bao - Bao, tiba2 rem tidak berfungsi, unit tidak dapat dikendalikan kemudian bagian vessel menyenggol jembatan Bao - Bao. | F3: Operator memaksakan mengoperasikan unit dalam kondisi tidak layak operasi | G3: Memberikan sanksi kepada Oprt DT 030-090 sesuai SPDK dan PKB | H3: 15 Mei 2022 | I3: Helmy | J3: CLOSED
G4: Melakukan refresh pengoperasian unit DT di jalan hauling kepada semua operator DT Hauling | H4: 31 Mei 2022 | I4: Bambang S | J4: CLOSED
F5: Operator tidak mengikuti rambu lalu lintas gear transmisi 7 yang telah di tetapkan di jalan Turunan LNR | G5: Memberikan sanksi kepada Oprt DT 030-090 sesuai SPDK dan PKB | H5: 15 Mei 2022 | I5: Helmy | J5: CLOSED
F6: Pengawas tidak melakukan kontrol ulang terhadap kesiapan unit pasca perbaikan | G6: Memberikan sanksi kepada Pengawas Plant dan Produksi sesuai SPDK dan PKB | H6: 15 Mei 2022 | I6: Helmy | J6: OPEN | K6: NO EVIDENCE
G7: Memberikan sanksi kepada Pengawas Plant dan Produksi sesuai SPDK dan PKB | H7: 15 Mei 2022 | I7: Roery | J7: CLOSED
F8: Indash camera untuk pemantauan perilaku operator saat mengemudi belum optimal | G8: Melakukan pemeriksaan dan perbaikan indash camera | H8: 31 Mei 2022 | I8: Roery | J8: CLOSED
G9: Melakukan evaluasi camera dengan merk lain/ menggunakan radar | H9: 44827 | I9: Roery | J9: PROGRESS
G10: Optimalisasi aplikasi volvo connect | H10: 30 Juni 2022 | I10: Roery | J10: OPEN
F11: Pengawas tidak melakukan validasi P2H | G11: Memberikan sanksi kepada Pengawas Produksi sesuai SPDK dan PKB | H11: 15 Mei 2022 | I11: Helmy | J11: OPEN
F12: Kurangnya Awareness Karyawan dalam memahami potensi bahaya dan resiko pengoperasian di jalan Hauling | G12: Melanjutkan pelatihan Basic Safety Awareness (BSA) kepada semua operator DT Hauling hingga 100% | H12: 31 Juli 2022 | I12: Benny Permana | J12: CLOSED
G13: Menjalankan kembali program custodian operator oleh pengawas dan menjadikan salah satu parameter penilaian Kinerja Operator dan pengawas | H13: 31 Mei 2022 | I13: Helmy | J13: CLOSED
F14: Belum dilakukan evaluasi kualitas dan efektifitas indash camera cabin | G14: Melakukan evaluasi efektifitas technologi indash camera | H14: 31 Mei 2022 | I14: Benny Permana | J14: PROGRESS
F15: Rasio Pengawas Manpower kurang | G15: Melakukan pemenuhan ratio manpower pengawas MPS | H15: 30 Juni 2022 | I15: Fadly | J15: PROGRESS
F16: Form P2H yang ada bisa digunakan untuk 2 unit tetapi tanda tangan pengawas hanya ada 1 kolom | G16: Melakukan revisi form P2H unit DT | H16: 15 Mei 2022 | I16: Bambang S | J16: OPEN | K16: Proses penggantian camera kabin
G17: Distribusi form P2H yang telah di revisi | H17: 44827 | I17: Helmy | J17: OPEN
F18: Rasio Instruktur Operation Kurang | G18: Melakukan pemenuhan ratio manpower instruktur Operation | H18: 44772 | I18: Fadly | J18: PROGRESS
I24: No | J24: Status Rekomendasi | K24: Jumlah | L24: % Ach
I25: 1 | J25: Closed | K25: 6 | L25: =K25/$K$28 -> 0.375
I26: 2 | J26: Progress | K26: 5 | L26: =K26/$K$28 -> 0.3125
I27: 3 | J27: Open | K27: 5 | L27: =K27/$K$28 -> 0.3125
I28: Total | K28: =SUM(K25:K27) -> 16

Sheet Summary Rekomendasi Open
B5: Bulan | C5: Insiden | D5: Rekomendasi Insiden | G5: PIC | H5: PJA | I5: Keterangan | J5: Status
D6: Jumlah | E6: Open | F6: % Presentase Open
B7: Maret | C7: Kabel Optik Putus di area timbangan port | D7: 5 | E7: 1 | F7: =E7/D7 -> 0.2 | G7: Dalim | H7: GA | I7: Pemasangan sign/informasi kabel tanam di port | J7: Overdue
B8: April | C8: DT 040-019 Mundur di tanjakan KM 3 sehingga amblas | D8: 6 | E8: 3 | F8: =E8/D8 -> 0.5 | G8: Helmy | H8: Hauling | I8: SPDK Sanksi administrasi Operator DT SPDK L2 | J8: Overdue
G9: Bambang S | H9: Training | I9: Refresh training pengoperasian unit | J9: Overdue
G10: Helmy | H10: Hauling | I10: Coaching operator DT | J10: Overdue
C11: DT 040 – 028 Amblas di KM 26 Simpang Kohong | D11: 4 | E11: 2 | F11: =E11/D11 -> 0.5 | G11: Helmy | H11: Hauling | I11: Pembinaan sesuai aturan yang berlaku | J11: Overdue
G12: Helmy | H12: Hauling | I12: Grounded operator | J12: Overdue
G13: Slamet W | H13: Hauling | I13: Refresh Inclass pengoperasian DT | J13: Overdue
C14: Cabel Terputus Saat Perapihan Drainage WS Haju | D14: 6 | E14: 2 | F14: =E14/D14 -> 0.33333333 | G14: Anggi Okta | H14: Hauling | I14: Sanksi kepada pengawas sesuai SPDK (Sarifudin,L2) | J14: Overdue
G15: Anggi Okta | H15: Hauling | I15: Sanksi kepada Supervisor sesuai SPDK (Helmy, L2) | J15: Overdue
C16: DT090 Menabrak Jembatan Bao-Bao Km 65 | D16: 16 | E16: 9 | F16: =E16/D16 -> 0.5625 | G16: Helmy | H16: Hauling | I16: Memberikan sanksi kepada Oprt DT 030-090 sesuai SPDK dan PKB | J16: Open
G17: Bambang S | H17: Hauling | I17: Melakukan refresh pengoperasian unit DT di jalan hauling kepada semua operator DT Hauling | J17: Open
G18: Helmy | H18: Hauling | I18: Memberikan sanksi kepada Oprt DT 030-090 sesuai SPDK dan PKB | J18: Open
G19: Helmy | H19: Hauling | I19: Memberikan sanksi kepada Pengawas Plant dan Produksi sesuai SPDK dan PKB | J19: Open
G20: Roery | H20: Hauling | I20: Memberikan sanksi kepada Pengawas Plant dan Produksi sesuai SPDK dan PKB | J20: Open
G21: Roery | H21: Hauling | I21: Melakukan pemeriksaan dan perbaikan indash camera | J21: Open
G22: Roery | H22: Hauling | I22: Melakukan evaluasi camera dengan merk lain/ menggunakan radar | J22: Open
G23: Roery | H23: Hauling | I23: Optimalisasi aplikasi volvo connect | J23: Open
G24: Helmy | H24: Hauling | I24: Memberikan sanksi kepada Pengawas Produksi sesuai SPDK dan PKB | J24: Open
G25: Helmy | H25: Hauling | I25: Menjalankan kembali program custodian operator oleh pengawas dan menjadikan salah satu parameter penilaian Kinerja Operator dan pengawas | J25: Open
G26: Benny Permana | H26: Hauling | I26: Melakukan evaluasi efektifitas technologi indash camera | J26: Open
G27: Fadly | H27: HRGA | I27: Melakukan pemenuhan ratio manpower pengawas MPS | J27: Open
G28: Fadly | H28: HRGA | I28: Melakukan pemenuhan ratio manpower instruktur Operation | J28: Open
B29: TOTAL | D29: =SUM(D7:D28) -> 37 | E29: =SUM(E7:E28) -> 17 | F29: =E29/D29 -> 0.45945946

Sheet Sheet4
A3: Count of Kategori Insiden | B3: Column Labels
A4: Row Labels | B4: ENVIRONMENTAL INCIDENT | C4: MEDICAL TREATMENT INJURY | D4: NEARMISS | E4: PROPERTY DAMAGE | F4: Grand Total
A5: HAULING | B5: 3 | C5: 1 | D5: 18 | E5: 24 | F5: 46
A6: MESS | E6: 1 | F6: 1
A7: MINING | B7: 1 | C7: 1 | D7: 3 | E7: 2 | F7: 7
A8: WORKSHOP | C8: 1 | E8: 1 | F8: 2
A9: Grand Total | B9: 4 | C9: 3 | D9: 21 | E9: 28 | F9: 56
C15: AREA | D15: ENVIRONMENTAL INCIDENT | E15: MEDICAL TREATMENT INJURY | F15: NEARMISS | G15: PROPERTY DAMAGE
C16: HAULING | D16: 4 | E16: 1 | F16: 22 | G16: 24 | H16: =SUM(D16:G16) -> 51
C17: MESS | G17: 1 | H17: =SUM(D17:G17) -> 1
C18: MINING | D18: 1 | E18: 1 | F18: 4 | G18: 2 | H18: =SUM(D18:G18) -> 8
C19: WORKSHOP | E19: 1 | G19: 1 | H19: =SUM(D19:G19) -> 2
C29: HAULING | D29: 46
C30: MESS | D30: 1
C31: MINING | D31: 7
C32: WORKSHOP | D32: 2

Sheet Sheet6
A3: Count of JENIS INSIDEN | B3: Column Labels
A4: Row Labels | B4: ENVIRONMENTAL INCIDENT | C4: MEDICAL TREATMENT INJURY | D4: NEARMISS | E4: PROPERTY DAMAGE | F4: Grand Total
A5: HAULING | B5: 4 | C5: 1 | D5: 22 | E5: 24 | F5: 51
A6: CHR | D6: 1 | E6: 1 | F6: 2
A7: LNR | B7: 1 | C7: 1 | D7: 4 | E7: 5 | F7: 11
A8: MINE ROAD | E8: 1 | F8: 1
A9: PARKIRAN TRANSKON | E9: 1 | F9: 1
A10: PORT | E10: 3 | F10: 3
A11: ROM RAW | D11: 1 | E11: 3 | F11: 4
A12: SHR | B12: 1 | D12: 16 | E12: 9 | F12: 26
A13: TIMBANGAN | E13: 1 | F13: 1
A14: WATERFILL | B14: 2 | F14: 2
A15: MESS | E15: 1 | F15: 1 | J15: HAULING | K15: 51
A16: MESS | E16: 1 | F16: 1 | J16: MINING | K16: 8
A17: MINING | B17: 1 | C17: 1 | D17: 4 | E17: 2 | F17: 8 | J17: WORKSHOP | K17: 2
A18: DISPOSAL | B18: 1 | D18: 2 | F18: 3 | J18: MESS | K18: 1
A19: MINE ROAD | D19: 1 | F19: 1
A20: PENCUCIAN LV | D20: 1 | F20: 1
A21: PIT | C21: 1 | E21: 2 | F21: 3
A22: WORKSHOP | C22: 1 | E22: 1 | F22: 2
A23: WORKSHOP | C23: 1 | E23: 1 | F23: 2
A24: Grand Total | B24: 5 | C24: 3 | D24: 26 | E24: 28 | F24: 62
D35: JUM
C36: SHR | D36: 26 | E36: =D36/$D$45 -> 0.50980392
C37: LNR | D37: 11 | E37: =D37/$D$45 -> 0.21568627
C38: ROM RAW | D38: 4 | E38: =D38/$D$45 -> 0.078431373
C39: PORT | D39: 3 | E39: =D39/$D$45 -> 0.058823529
C40: CHR | D40: 2 | E40: =D40/$D$45 -> 0.039215686
C41: WATERFILL | D41: 2 | E41: =D41/$D$45 -> 0.039215686
C42: MINE ROAD | D42: 1 | E42: =D42/$D$45 -> 0.019607843
C43: PARKIRAN TRANSKON | D43: 1 | E43: =D43/$D$45 -> 0.019607843
C44: TIMBANGAN | D44: 1 | E44: =D44/$D$45 -> 0.019607843
D45: =SUM(D36:D44) -> 51

Sheet Sheet9
A2: No | B2: Tahun | C2: Jobsite | D2: Perusahaan | E2: Bulan | F2: VAL | G2: Tanggal | H2: Hari | I2: Pukul | J2: Lokasi | M2: Nomor Insiden | N2: Kategori Insiden | O2: JENIS INSIDEN | P2: Insiden | Q2: PJA Terlibat | R2: Area PJA | S2: JENIS UNIT | T2: JENIS INSIDEN | U2: LOKASI INSIDEN | V2: LOKASI
A3: 1 | B3: 2022 | C3: MACO | D3: PT SIS | E3: 44562 | F3: JAN | G3: 44563 | H3: Minggu | I3: 09.00 WIB | J3: KM 2.5 | K3: SHR | L3: HAULING | M3: LPI-01-I-2022-MACO | N3: NM | O3: NON HPRI | P3: DT083 Amblas di Km 2.5 | Q3: PJA Hauling | R3: PJA Hauling | S3: DUMP TRUCK | T3: UNIT AMBLAS | U3: SHR | V3: HAULING
A4: =A3+1 -> 2 | B4: 2022 | C4: MACO | D4: PT SIS | E4: 44562 | F4: JAN | G4: 44569 | H4: Sabtu | I4: 12.14 WIB | J4: Jembatan Timbang | K4: PORT | L4: HAULING | M4: LPI-02-I-2022-MACO | N4: PD | O4: NON HPRI | P4: Atap timbangan tuhup tersenggol muffler DT Scania 005 | Q4: PJA Hauling | R4: PJA Hauling | S4: DUMP TRUCK | T4: UNIT MENABRAK | U4: PORT | V4: HAULING
A5: =A4+1 -> 3 | B5: 2022 | C5: MACO | D5: PT SIS | E5: 44562 | F5: JAN | G5: 44570 | H5: Minggu | I5: 06.00 WIB | J5: KM 53 Jembatan Briwit | K5: CHR | L5: HAULING | M5: LPI-03-I-2022-MACO | N5: EI | O5: NON HPRI | P5: MH 001 lepas tangki | Q5: PJA GA | R5: PJA Hauling | S5: MAN HAUL | T5: UNIT TIDAK LAYAK | U5: CHR | V5: HAULING
A6: =A5+1 -> 4 | B6: 2022 | C6: MACO | D6: PT SIS | E6: 44562 | F6: JAN | G6: 44571 | H6: Senin | I6: 12.00 WIB | J6: KM 69 - LNR | K6: LNR | L6: HAULING | M6: LPI-04-I-2022-MACO | N6: NM | O6: NON HPRI | P6: Compact CP010-001 Tergelincir | Q6: PJA Hauling | R6: PJA Hauling | S6: COMPACT | T6: UNIT SLIP | U6: LNR | V6: HAULING
A7: =A6+1 -> 5 | B7: 2022 | C7: MACO | D7: PT SIS | E7: 44562 | F7: JAN | G7: 44574 | H7: Kamis | I7: 22.10 WIB | J7: KM 16 - SHR | K7: SHR | L7: HAULING | M7: LPI-05-I-2022-MACO | N7: NM | O7: HPRI | P7: DT 040-022 , Mundur di tanjakan sehingga amblas | Q7: PJA Hauling | R7: PJA Hauling | S7: DUMP TRUCK | T7: UNIT MUNDUR | U7: SHR | V7: HAULING
A8: =A7+1 -> 6 | B8: 2022 | C8: MACO | D8: PT SIS | E8: 44562 | F8: JAN | G8: 44577 | H8: Minggu | I8: 14.00 WIB | J8: KM 65 - LNR | K8: LNR | L8: HAULING | M8: LPI-06-I-2022-MACO | N8: NM | O8: NON HPRI | P8: DT 030-0095, Tyre R1 Mengeluarkan asap | Q8: PJA Hauling | R8: PJA Hauling | S8: DUMP TRUCK | T8: UNIT MENGELUARKAN ASAP | U8: LNR | V8: HAULING
A9: =A8+1 -> 7 | B9: 2022 | C9: MACO | D9: PT BMC | E9: 44562 | F9: JAN | G9: 44581 | H9: Kamis | I9: 14.24 WIB | J9: Parkiran Dispenser Port Tuhup | K9: PORT | L9: HAULING | M9: LPI-07-I-2022-MACO | N9: PD | O9: NON HPRI | P9: LV BMC 01 Menyenggol tiang CCTV Port | Q9: PJA Mining | R9: PJA Hauling | S9: LV | T9: UNIT MENABRAK | U9: PORT | V9: HAULING
A10: =A9+1 -> 8 | B10: 2022 | C10: MACO | D10: PT SIS | E10: 44562 | F10: JAN | G10: 44582 | H10: Jumat | I10: 05.50 WIB | J10: KM 28 - SHR | K10: SHR | L10: HAULING | M10: LPI-08-I-2022-MACO | N10: NM | O10: NON HPRI | P10: DT 040-006 Amblas di tikungan km 28 | Q10: PJA Hauling | R10: PJA Hauling | S10: DUMP TRUCK | T10: UNIT AMBLAS | U10: SHR | V10: HAULING | W10: Count of LOKASI | X10: Column Labels
A11: =A10+1 -> 9 | B11: 2022 | C11: MACO | D11: PT SIS | E11: 44562 | F11: JAN | G11: 44583 | H11: Sabtu | I11: 03.40 WIB | J11: KM 4+800 - SHR | K11: SHR | L11: HAULING | M11: LPI-09-I-2022-MACO | N11: NM | O11: HPRI | P11: DT 040-013 Mundur di tanjakan KM 4+800 sehingga amblas | Q11: PJA Hauling | R11: PJA Hauling | S11: DUMP TRUCK | T11: UNIT MUNDUR | U11: SHR | V11: HAULING | W11: Row Labels | X11: AREA PENCUCIAN | Y11: CHR | Z11: CSA TRANSKON | AA11: DISPOSAL | AB11: LNR | AC11: MESS | AD11: MINE ROAD ACCESS | AE11: PIT NORTH | AF11: PORT | AG11: ROM PIT | AH11: ROM RAW | AI11: SHR | AJ11: WATERFILL | AK11: WORKSHOP | AL11: Grand Total
A12: =A11+1 -> 10 | B12: 2022 | C12: MACO | D12: PT SIS | E12: 44562 | F12: JAN | G12: 44588 | H12: Kamis | I12: 20:35 WIB | J12: Port - Dumpingan GC | K12: PORT | L12: HAULING | M12: LPI-10-I-2022-MACO | N12: PD | O12: HPRI | P12: DT 030-089, Rebah saat Dumping di Port | Q12: PJA Hauling | R12: PJA Hauling | S12: DUMP TRUCK | T12: UNIT REBAH | U12: PORT | V12: HAULING | W12: EI | Y12: 1 | AA12: 1 | AI12: 1 | AJ12: 2 | AL12: 5
A13: =A12+1 -> 11 | B13: 2022 | C13: MACO | D13: PT SIS | E13: 44562 | F13: JAN | G13: 44588 | H13: Kamis | I13: 15.45 WIB | J13: KM 77 - LNR | K13: LNR | L13: HAULING | M13: LPI-11-I-2022-MACO | N13: NM | O13: HPRI | P13: DT 020-0124 Menyenggol Median | Q13: PJA Hauling | R13: PJA Hauling | S13: DUMP TRUCK | T13: UNIT MENABRAK | U13: LNR | V13: HAULING | W13: MTI | AB13: 1 | AE13: 1 | AK13: 1 | AL13: 3
A14: =A13+1 -> 12 | B14: 2022 | C14: MACO | D14: PT SIS | E14: 44562 | F14: JAN | G14: 44592 | H14: Selasa | I14: 05.45 WIB | J14: KM 50 - LNR | K14: LNR | L14: HAULING | M14: LPI-12-I-2022- MACO | N14: PD | O14: HPRI | P14: DT 030 - 085 Rebah di KM 50 | Q14: PJA Hauling | R14: PJA Hauling | S14: DUMP TRUCK | T14: UNIT REBAH | U14: LNR | V14: HAULING | W14: NM | X14: 1 | Y14: 2 | AA14: 2 | AB14: 4 | AI14: 13 | AL14: 22
A15: =A14+1 -> 13 | B15: 2022 | C15: MACO | D15: PT SIS | E15: 44594 | F15: FEB | G15: 44597 | H15: Sabtu | I15: 10.15 WIB | J15: KM 15 -SHR | K15: SHR | L15: HAULING | M15: LPI-13-II-2022- MACO | N15: NM | O15: HPRI | P15: DT030-0114 Slip dan amblas saat mundur untuk memberikan prioritas ke DT AKT | Q15: PJA Hauling | R15: PJA Hauling | S15: DUMP TRUCK | T15: UNIT SLIP | U15: SHR | V15: HAULING | W15: PD | Y15: 1 | Z15: 1 | AB15: 5 | AC15: 1 | AD15: 1 | AE15: 2 | AF15: 4 | AG15: 1 | AH15: 2 | AI15: 9 | AK15: 1 | AL15: 28
A16: =A15+1 -> 14 | B16: 2022 | C16: MACO | D16: PT SIS | E16: 44594 | F16: FEB | G16: 44607 | H16: Selasa | I16: 22.04 WIB | J16: Seam D PIT North | K16: PIT NORTH | L16: MINING | M16: LPI-14-II-2022- MACO | N16: MTI | O16: HPRI | P16: Insiden MTI Pengawas terkena batu dibagian badan pada saat dumping | Q16: PJA Mining | R16: PJA Mining | S16: PENGAWAS | T16: PENGAWAS TERKENA LENTINGAN | U16: PIT NORTH | V16: MINING | W16: Grand Total | X16: 1 | Y16: 4 | Z16: 1 | AA16: 3 | AB16: 10 | AC16: 1 | AD16: 1 | AE16: 3 | AF16: 4 | AG16: 1 | AH16: 2 | AI16: 23 | AJ16: 2 | AK16: 2 | AL16: 58
A17: =A16+1 -> 15 | B17: 2022 | C17: MACO | D17: PT SIS | E17: 44594 | F17: FEB | G17: 44611 | H17: Sabtu | I17: 08.45 WIB | J17: KM 32 - SHR | K17: SHR | L17: HAULING | M17: LPI-15-II-2022- MACO | N17: PD | O17: HPRI | P17: DT030-087 Menabrak Tanggul di Hauling Road SHR KM 32 | Q17: PJA Hauling | R17: PJA Hauling | S17: DUMP TRUCK | T17: UNIT MENABRAK | U17: SHR | V17: HAULING
A18: =A17+1 -> 16 | B18: 2022 | C18: MACO | D18: PT SIS | E18: 44594 | F18: FEB | G18: 44614 | H18: Selasa | I18: 08.00 WIB | J18: KM 28 - SHR | K18: SHR | L18: HAULING | M18: LPI-16-II-2022- MACO | N18: NM | O18: NON HPRI | P18: DT 030-0012 Amblas | Q18: PJA Hauling | R18: PJA Hauling | S18: DUMP TRUCK | T18: UNIT AMBLAS | U18: SHR | V18: HAULING
A19: =A18+1 -> 17 | B19: 2022 | C19: MACO | D19: PT SIS | E19: 44594 | F19: FEB | G19: 44615 | H19: Rabu | I19: 15.20 WIB | J19: KM 02 - SHR | K19: SHR | L19: HAULING | M19: LPI-17-II-2022- MACO | N19: PD | O19: HPRI | P19: Fire Case DT 010 | Q19: PJA Hauling | R19: PJA Hauling | S19: DUMP TRUCK | T19: UNIT TERBAKAR | U19: SHR | V19: HAULING
A20: =A19+1 -> 18 | B20: 2022 | C20: MACO | D20: PT SIS | E20: 44622 | F20: MAR | G20: 44621 | H20: Selasa | I20: 00.30 WIB | J20: KM 51 - LNR | K20: LNR | L20: HAULING | M20: LPI-18-III-2022- MACO | N20: PD | O20: HPRI | P20: DT 030-0106, Rebah di KM 51 | Q20: PJA Hauling | R20: PJA Hauling | S20: DUMP TRUCK | T20: UNIT REBAH | U20: LNR | V20: HAULING
A21: =A20+1 -> 19 | B21: 2022 | C21: MACO | D21: PT SIS | E21: 44622 | F21: MAR | G21: 44627 | H21: Senin | I21: 10.15 WIB | J21: KM 13 - SHR | K21: SHR | L21: HAULING | M21: LPI-19-III-2022- MACO | N21: NM | O21: NON HPRI | P21: DT 104 Muatan Ambalas di km 12 | Q21: PJA Hauling | R21: PJA Hauling | S21: DUMP TRUCK | T21: UNIT AMBLAS | U21: SHR | V21: HAULING
A22: =A21+1 -> 20 | B22: 2022 | C22: MACO | D22: PT SIS | E22: 44622 | F22: MAR | G22: 44628 | H22: Selasa | I22: 09.39 WIB | J22: KM 14+500 -SHR | K22: SHR | L22: HAULING | M22: LPI-20-III-2022- MACO | N22: PD | O22: HPRI | P22: DT 030-103 Menabrak Belakang FT 083 di KM 14.500 | Q22: PJA Hauling | R22: PJA Hauling | S22: DUMP TRUCK | T22: UNIT MENABRAK | U22: SHR | V22: HAULING
A23: =A22+1 -> 21 | B23: 2022 | C23: MACO | D23: PT SIS | E23: 44622 | F23: MAR | G23: 44628 | H23: Selasa | I23: 21.15 WIB | J23: KM 34 - SHR | K23: SHR | L23: HAULING | M23: LPI-21-III-2022- MACO | N23: NM | O23: NON HPRI | P23: DT030- 013 Amblas jalur muatan melewati km 34 berselisihan dengan dt kosongan.Dt 013 | Q23: PJA Hauling | R23: PJA Hauling | S23: DUMP TRUCK | T23: UNIT AMBLAS | U23: SHR | V23: HAULING
A24: =A23+1 -> 22 | B24: 2022 | C24: MACO | D24: PT SIS | E24: 44622 | F24: MAR | G24: 44629 | H24: Rabu | I24: 10.15 WIB | J24: Timbangan Port Tuhup | K24: PORT | L24: HAULING | M24: LPI-22-III-2022- MACO | N24: PD | O24: NON HPRI | P24: Kabel Optik Putus di area timbangan port | Q24: PJA Hauling | R24: PJA Hauling | S24: KABEL | T24: KABEL TERGARUK | U24: PORT | V24: HAULING
A25: =A24+1 -> 23 | B25: 2022 | C25: MACO | D25: PT SIS | E25: 44622 | F25: MAR | G25: 44632 | H25: Sabtu | I25: 06.58 WIB | J25: Room Raw CHPP | K25: ROM RAW | L25: HAULING | M25: LPI-23-III-2022- MACO | N25: PD | O25: HPRI | P25: DT030-0135 di Room Raw CHPP | Q25: PJA Hauling | R25: PJA Mining | S25: DUMP TRUCK | T25: UNIT MENABRAK | U25: ROM RAW | V25: HAULING
A26: =A25+1 -> 24 | B26: 2022 | C26: MACO | D26: PT SIS | E26: 44622 | F26: MAR | G26: 44638 | H26: Jumat | I26: 08.00 WIB | J26: KM 37 - CHR | K26: CHR | L26: HAULING | M26: LPI-24-III-2022- MACO | N26: PD | O26: NON HPRI | P26: LV-111 Amblas Mengalami Lepas Bemper | Q26: PJA Hauling | R26: PJA Hauling | S26: LV | T26: UNIT AMBLAS | U26: CHR | V26: HAULING
A27: =A26+1 -> 25 | B27: 2022 | C27: MACO | D27: PT SIS | E27: 44653 | F27: APR | G27: 44653 | H27: Sabtu | I27: 15.50 WIB | J27: SHR - KM 3 | K27: SHR | L27: HAULING | M27: LPI-25-IV-2022- MACO | N27: PD | O27: HPRI | P27: DT 040-019 Mundur di tanjakan KM 3 sehingga amblas | Q27: PJA Hauling | R27: PJA Hauling | S27: DUMP TRUCK | T27: UNIT MUNDUR | U27: SHR | V27: HAULING
A28: =A27+1 -> 26 | B28: 2022 | C28: MACO | D28: PT SIS | E28: 44653 | F28: APR | G28: 44659 | H28: Jumat | I28: 08.30 WIB | J28: KM 26 - Simpang Kohong | K28: SHR | L28: HAULING | M28: LPI-26-IV-2022- MACO | N28: NM | O28: NON HPRI | P28: DT 040 – 028 Amblas di KM 26 Simpang Kohong | Q28: PJA Hauling | R28: PJA Hauling | S28: DUMP TRUCK | T28: UNIT AMBLAS | U28: SHR | V28: HAULING
... A45: =A44+1 -> 43 | B45: 2022 | C45: MACO | D45: PT SIS | E45: 44692 | F45: MEI | G45: 44709 | H45: Sabtu | I45: 22.00 WIB | J45: KM 34 | K45: CHR | L45: HAULING | M45: LPI-43-V-2022- MACO | N45: NM | O45: HPRI | P45: WST033 tergelincir dipinggir jalan di Km 34 | Q45: PJA Plant Haju | R45: PJA Hauling | S45: WASHING TRUCK | T45: UNIT SLIP | U45: CHR | V45: HAULING
A46: =A45+1 -> 44 | B46: 2022 | C46: MACO | D46: PT SIS | E46: 44723 | F46: JUN | G46: 44714 | H46: Kamis | I46: 19.05 WIB | J46: Room CHPP (Hopper) | K46: ROM RAW | L46: HAULING | M46: LPI-44-VI-2022- MACO | N46: PD | O46: NON HPRI | P46: Plate Stopper Hopper Lepas | Q46: PJA Hauling | R46: PJA Mining | S46: HOPPER | U46: ROM RAW | V46: HAULING
A47: =A46+1 -> 45 | B47: 2022 | C47: MACO | D47: PT SIS | E47: 44723 | F47: JUN | G47: 44721 | H47: Kamis | I47: 08.30 WIB | J47: Disposal Mud Cell RL 290 | K47: DISPOSAL | L47: MINING | M47: LPI-45-VI-2022- MACO | N47: NM | O47: NON HPRI | P47: HD535 Amblas di Disposal Mud Cell RL 290 | Q47: PJA Mining | R47: PJA Mining | S47: DUMP TRUCK | T47: UNIT AMBLAS | U47: DISPOSAL | V47: MINING
A48: =A47+1 -> 46 | B48: 2022 | C48: MACO | D48: PT SIS | E48: 44723 | F48: JUN | G48: 44721 | H48: Kamis | I48: 04.15 WIB | J48: KM 50 - LNR | K48: LNR | L48: HAULING | M48: LPI-46-VI-2022- MACO | N48: PD | O48: HPRI | P48: DT 151 menyisir bahu jalan di Km 50 | Q48: PJA Hauling | R48: PJA Hauling | S48: DUMP TRUCK | T48: UNIT MENABRAK | U48: LNR | V48: HAULING
A49: =A48+1 -> 47 | B49: 2022 | C49: MACO | D49: PT SIS | E49: 44723 | F49: JUN | G49: 44723 | H49: Sabtu | I49: 10.30 WIB | J49: KM 39 - CHR | K49: CHR | L49: HAULING | M49: LPI-47-VI-2022- MACO | N49: NM | O49: NON HPRI | P49: DT124 Muatan Menabrak Tanggul Kosongan di Km 39 | Q49: PJA Hauling | R49: PJA Hauling | S49: DUMP TRUCK | T49: UNIT MENABRAK | U49: CHR | V49: HAULING
A50: =A49+1 -> 48 | B50: 2022 | C50: MACO | D50: PT SIS | E50: 44723 | F50: JUN | G50: 44724 | H50: Minggu | I50: 07.50 WIB | J50: KM 21 - SHR | K50: SHR | L50: HAULING | M50: LPI-48-VI-2022- MACO | N50: PD | O50: HPRI | P50: DT 040-013 menabrak vassel belakang sebelah kiri DT 030-135 | Q50: PJA Hauling | R50: PJA Hauling | S50: DUMP TRUCK | T50: UNIT MENABRAK | U50: SHR | V50: HAULING
A51: =A50+1 -> 49 | B51: 2022 | C51: MACO | D51: PT SIS | E51: 44723 | F51: JUN | G51: 44724 | H51: Minggu | I51: 01.40 WIB | J51: Parkiran Transcon CHPP | K51: CSA TRANSKON | L51: HAULING | M51: LPI-49-VI-2022- MACO | N51: PD | O51: NON HPRI | P51: DT 040-28 melakukan manuver parkir mundur menyenggol DT 030-89 | Q51: PJA Hauling | R51: PJA Hauling | S51: DUMP TRUCK | T51: UNIT MENABRAK | U51: CSA TRANSKON | V51: HAULING
A52: =A51+1 -> 50 | B52: 2022 | C52: MACO | D52: PT SIS | E52: 44723 | F52: JUN | G52: 44736 | H52: Jumat | I52: 10.40 WIB | J52: KM 16 - SHR | K52: SHR | L52: HAULING | M52: LPI-50-VI-2022- MACO | N52: EI | O52: NON HPRI | P52: Oli Bekas tercecer ketanah dijalan hauling KM 16 + 500 | Q52: PJA Plant Haju | R52: PJA Hauling | S52: OLI | T52: OLI TERCECER | U52: SHR | V52: HAULING
A53: =A52+1 -> 51 | B53: 2022 | C53: MACO | D53: PT SIS | E53: 44723 | F53: JUN | G53: 44738 | H53: Minggu | I53: 01.15 WIB | J53: Akses Masuk Sump Pit North | K53: PIT NORTH | L53: MINING | M53: LPI-51-VI-2022- MACO | N53: PD | O53: HPRI | P53: HD093 menabrak vessel belakang DT1013 di akses masuk sump Pit North | Q53: PJA Mining | R53: PJA Mining | S53: DUMP TRUCK | T53: UNIT MENABRAK | U53: PIT NORTH | V53: MINING
A54: =A53+1 -> 52 | B54: 2022 | C54: MACO | D54: PT SIS | E54: 44753 | F54: JULI | G54: 44749 | H54: Kamis | I54: 23.00 WIB | J54: Workshop Lampunut | K54: WORKSHOP | L54: WORKSHOP | M54: LPI-52-VII-2022- MACO | N54: MTI | O54: NON HPRI | P54: Mekanik luka pada lengan kiri terkena lentingan palu tembaga di WS Lampunut | Q54: PJA Plant CHPP | R54: PJA Plant CHPP | S54: MEKANIK | T54: LENTINGAN MATERIAL | U54: WORKSHOP | V54: WORKSHOP
A55: =A54+1 -> 53 | B55: 2022 | C55: MACO | D55: PT SIS | E55: 44753 | F55: JULI | G55: 44749 | H55: Kamis | I55: 00.40 WIB | J55: KM 3+500 | K55: SHR | L55: HAULING | M55: LPI-53-VII-2022- MACO | N55: PD | O55: HPRI | P55: DT030-0083 muatan tidak kuat menanjak kemudian rebah di KM 03+500 | Q55: PJA Hauling | R55: PJA Hauling | S55: DUMP TRUCK | T55: UNIT MUNDUR | U55: SHR | V55: HAULING
A56: =A55+1 -> 54 | B56: 2022 | C56: MACO | D56: PT SIS | E56: 44753 | F56: JULI | G56: 44755 | H56: Rabu | I56: 04.00 WIB | J56: KM 30+000 | K56: SHR | L56: HAULING | M56: LPI-54-VII-2022- MACO | N56: PD | O56: NON HPRI | P56: DT030-0009 Rebah di KM 30+000 | Q56: PJA Hauling | R56: PJA Hauling | S56: DUMP TRUCK | T56: UNIT REBAH | U56: SHR | V56: HAULING
A57: =A56+1 -> 55 | B57: 2022 | C57: MACO | D57: PT SIS | E57: 44753 | F57: JULI | G57: 44758 | H57: Sabtu | I57: 19.50 WIB | J57: KM 75+500 | K57: LNR | L57: HAULING | M57: LPI-55-VII-2022- MACO | N57: MTI | O57: HPRI | P57: DT030-0109 Rebah Kekanan | Q57: PJA Hauling | R57: PJA Hauling | S57: DUMP TRUCK | T57: UNIT REBAH | U57: LNR | V57: HAULING
A58: =A57+1 -> 56 | B58: 2022 | C58: MACO | D58: PT SIS | E58: 44753 | F58: JULI | G58: 44763 | H58: Kamis | I58: 08.30 WIB | J58: ROM PIT 1 | K58: ROM PIT | L58: HAULING | M58: LPI-56-VII-2022- MACO | N58: PD | O58: HPRI | P58: DT030-1008 rebah ke kanan | Q58: PJA Hauling | R58: PJA Hauling | S58: DUMP TRUCK | T58: UNIT REBAH | U58: ROM PIT | V58: HAULING
... A60: =A59+1 -> 58 | B60: 2022 | C60: MACO | D60: PT SIS | E60: 44753 | F60: JULI | G60: 44770 | H60: Kamis | I60: 08.15 WIB | J60: Waterfill KM 6 | K60: WATERFILL | L60: HAULING | M60: LPI-58-VII-2022- MACO | N60: EI | O60: NON HPRI | P60: Ceceran Solar di Waterfill KM 6 | Q60: PJA Log Haju | R60: PJA Hauling | S60: WATERPUMP | T60: CECERAN | U60: WATERFILL | V60: HAULING

Sheet BASIC CAUSE INSIDEN
A1: No | B1: Tahun | C1: Jobsite | D1: Perusahaan | E1: Bulan | F1: VAL | G1: Tanggal | H1: Hari | I1: Pukul | J1: Detail Lokasi | K1: AREA_ | L1: LOKASI_ | M1: DETAIL LOKASI_ | N1: KATEGORI INSIDEN_ | O1: INSIDEN_ | P1: JENIS INSIDEN_ | Q1: PENYEBAB_ | R1: Nomor Insiden | S1: Kategori Insiden | T1: Jenis Insiden | U1: PJA Terlibat | V1: Area PJA | W1: Shift | X1: Nama Pelaku/Korban | Y1: NRP | Z1: Jabatan | AA1: Lama Kerja | AB1: Lama Kerja (Interval) | AC1: Umur | AD1: Umur (Interval) | AE1: Umur (Interval 2) | AF1: Tanggal Refresh Training Pelaku / Korban terakhir terkait teknis pekerjaannya | AG1: Tanggal Training SHE Pelaku / Korban terakhir | AH1: Tindakan Disiplin Pelaku | AI1: Pengawas On Duty | AJ1: Status Sertifikasi POP Pengawas | AK1: Masa Kerja Pengawas | AL1: Tindakan Disiplin Pengawas | AM1: Kategori Basic Cause | AN1: Basic Cause | AO1: Basic Cause 2 | AP1: Basic Cause 3
A2: 1 | B2: 2022 | C2: MACO | D2: PT SIS | E2: 44562 | F2: JAN | G2: 44563 | H2: Minggu | I2: 09.00 WIB | J2: KM 2.5 | K2: HAULING | L2: SHR | M2: KM 03 | N2: NM | O2: DT083 Amblas di Km 2.5 | P2: AMBLAS | Q2: MAINTENANCE JALAN BELUM MAKSIMAL | R2: LPI-01-I-2022-MACO | S2: NM | T2: NON HPRI | U2: PJA Hauling | V2: PJA Hauling | W2: Shift 1 | X2: Andi Kurniawan | Y2: 8000678 | Z2: Operator DT | AA2: 1 Tahun 9 Bulan | AB2: 1 - 2 Tahun | AC2: 28 Tahun | AD2: 26-30 Tahun | AE2: Gen "Mileneal" (27-40 Tahun) | AF2: 44591 | AG2: 44591 | AH2: Sanksi SPDK | AI2: Farid Nuruddin | AJ2: POP | AK2: 4 Tahun 7 Bulan | AL2: - | AM2: Supervisory Skill | AN2: Kurangnya Pengawasan | AO2: Pengawasan Area Kerja Tidak Memadai | AP2: Maintanance Jalan Tidak Maksimal
A3: =A2+1 -> 2 | B3: 2022 | C3: MACO | D3: PT SIS | E3: 44562 | F3: JAN | G3: 44569 | H3: Sabtu | I3: 12.14 WIB | J3: Jembatan Timbang | K3: HAULING | L3: PORT | M3: Jembatan Timbang | N3: PD | O3: Atap timbangan tuhup tersenggol muffler DT Scania 005 | P3: MENABRAK | Q3: TIDAK DEFENSIVE DRIVING | R3: LPI-02-I-2022-MACO | S3: PD | T3: NON HPRI | U3: PJA Hauling | V3: PJA Hauling | W3: Shift 1 | X3: Rendi Nata | Y3: 80000560 | Z3: Operator DT | AA3: 9 Bulan | AB3: 3 bulan - 1 Tahun | AC3: 34 Tahun | AD3: 31-35 Tahun | AE3: Gen "Mileneal" (27-40 Tahun) | AF3: 44594 | AG3: 44594 | AH3: Coaching & Counseling | AI3: Eko W | AJ3: POP | AK3: 07 Tahun 10 Bulan | AL3: - | AM3: Employee Awareness | AN3: Pelanggaran Prosedur | AO3: Pelanggaran Prosedur Jarak Aman Dengan Petugas Timbangan | AP3: Operator Merasa Jauh Untuk Menyerahkan Doket Ke Petugas Penimbangan
A4: =A3+1 -> 3 | B4: 2022 | C4: MACO | D4: PT SIS | E4: 44562 | F4: JAN | G4: 44570 | H4: Minggu | I4: 06.00 WIB | J4: KM 53 Jembatan Briwit | K4: HAULING | L4: LNR | M4: KM 53 | N4: EI | O4: MH 001 lepas tangki | P4: CECERAN | Q4: P2H UNIT TIDAK MAKSIMAL | R4: LPI-03-I-2022-MACO | S4: EI | T4: NON HPRI | U4: PJA GA | V4: PJA Hauling | W4: Shift 2 | X4: Yunus Santosa | Y4: 20090378 | Z4: Driver Support | AA4: 1 Tahun 9 Bulan | AB4: 1 - 2 Tahun | AC4: 35 Tahun | AD4: 31-35 Tahun | AE4: Gen "Mileneal" (27-40 Tahun) | AF4: 44575 | AG4: 44575 | AH4: SPDK | AI4: Dwi Wahyudi | AJ4: POP | AK4: 13 Tahun 1 Bulan | AL4: - | AM4: Employee Awareness | AN4: Pelanggaran Prosedur | AO4: Pelanggaran Prosedur P2H Unit | AP4: Operator Tidak Melakukan P2H Unit Secara Menyeluruh Bagian
A5: =A4+1 -> 4 | B5: 2022 | C5: MACO | D5: PT SIS | E5: 44562 | F5: JAN | G5: 44571 | H5: Senin | I5: 12.00 WIB | J5: KM 69 - LNR | K5: HAULING | L5: LNR | M5: KM 69 | N5: NM | O5: Compact CP010-001 Tergelincir | P5: AMBLAS | Q5: TIDAK DEFENSIVE DRIVING | R5: LPI-04-I-2022-MACO | S5: NM | T5: NON HPRI | U5: PJA Hauling | V5: PJA Hauling | W5: Shift 1 | X5: Amirudin | Y5: XXXX | Z5: Operator A2B | AA5: 19 Hari | AB5: < 3 bulan | AC5: 23 Tahun | AD5: 21-25 Tahun | AE5: Gen "Z" (19-26 Tahun) | AF5: 24 Des 2022 | AG5: 24 Des 2022 | AH5: Coaching & Counseling | AI5: Thasmiadi | AJ5: POP | AK5: 3 Tahun 7 Bulan | AL5: Coaching & Counseling | AM5: Supervisory Skill | AN5: Kurangnya Pengawasan | AO5: Pengawasan Kerja Tidak Memadai | AP5: Kurangnya Pendampingan / Pengawasan Kerja Karyawan Baru
A6: =A5+1 -> 5 | B6: 2022 | C6: MACO | D6: PT SIS | E6: 44562 | F6: JAN | G6: 44574 | H6: Kamis | I6: 22.10 WIB | J6: KM 16 - SHR | K6: HAULING | L6: SHR | M6: KM 16 | N6: NM | O6: DT 040-022 , Mundur di tanjakan sehingga amblas | P6: MUNDUR & AMBLAS | Q6: TIDAK DEFENSIVE DRIVING | R6: LPI-05-I-2022-MACO | S6: NM | T6: HPRI | U6: PJA Hauling | V6: PJA Hauling | W6: Shift 2 | X6: Fajar Setiawan | Y6: 80000985 | Z6: Operator DT | AA6: 7 Bulan | AB6: 3 bulan - 1 Tahun | AC6: 26 Tahun | AD6: 26-30 Tahun | AE6: Gen "Mileneal" (27-40 Tahun) | AF6: 7 Des 2021 | AG6: 7 Des 2021 | AH6: Coaching & Counseling | AI6: Nofiyanto | AJ6: POP | AK6: 2 Tahun 2 Bulan | AL6: - | AM6: Employee Awareness | AN6: Kurangnya Keterampilan | AO6: Kurangnya Keterampilan Operasi Unit | AP6: Operator Lupa materi training kondisi emergency operasi unit
A7: =A6+1 -> 6 | B7: 2022 | C7: MACO | D7: PT SIS | E7: 44562 | F7: JAN | G7: 44577 | H7: Minggu | I7: 14.00 WIB | J7: KM 65 - LNR | K7: HAULING | L7: LNR | M7: KM 65 | N7: PD | O7: DT 030-0095, Tyre R1 Mengeluarkan asap | P7: FIRE CASE | Q7: MAINTENANCE UNIT BELUM MAKSIMAL | R7: LPI-06-I-2022-MACO | S7: NM | T7: NON HPRI | U7: PJA Hauling | V7: PJA Hauling | W7: Shift 1 | X7: Aris Hidayat | Y7: 80000013 | Z7: Operator DT | AA7: 1 Tahun 4 Bulan | AB7: 1 - 2 Tahun | AC7: 32 Tahun | AD7: 31-35 Tahun | AE7: Gen "Mileneal" (27-40 Tahun) | AF7: 7 Des 2021 | AG7: 7 Des 2021 | AH7: - | AI7: Hendri Agustino | AJ7: POP | AK7: 7 Bulan | AL7: - | AM7: SOP Compliance | AN7: Prosedur Kerja Tidak Memadai | AO7: Standar Kerja (PI) Kurang Memadai | AP7: Adjust brake tidak dilakukan ke semua tyre saat penggantian linnig
A8: =A7+1 -> 7 | B8: 2022 | C8: MACO | D8: PT BMC | E8: 44562 | F8: JAN | G8: 44581 | H8: Kamis | I8: 14.24 WIB | J8: Parkiran Dispenser Port Tuhup | K8: HAULING | L8: PORT | M8: Parkiran Dispenser Port Tuhup | N8: PD | O8: LV BMC 01 Menyenggol tiang CCTV Port | P8: MENABRAK | Q8: TIDAK DEFENSIVE DRIVING | R8: LPI-07-I-2022-MACO | S8: PD | T8: NON HPRI | U8: PJA Mining | V8: PJA Hauling | W8: Shift 1 | X8: Joy Manris Manullang | Y8: 192276 | Z8: Helper Mekanik | AA8: 2 Tahun 4 Bulan | AB8: 2 - 3 Tahun | AC8: 22 Tahun | AD8: 21-25 Tahun | AE8: Gen "Z" (19-26 Tahun) | AF8: 44586 | AG8: 44586 | AH8: SPDK | AI8: Robby Surya | AJ8: POP | AK8: 3 Tahun | AL8: - | AM8: Employee Awareness | AN8: Kurangnya Keterampilan | AO8: Tidak memperhatikan area sekitar saat manuver mundur | AP8: Belum adanya rambu Parkir atau Larangan Parkir di area tersebut
A9: =A8+1 -> 8 | B9: 2022 | C9: MACO | D9: PT SIS | E9: 44562 | F9: JAN | G9: 44582 | H9: Jumat | I9: 05.50 WIB | J9: KM 28 - SHR | K9: HAULING | L9: SHR | M9: KM 28 | N9: NM | O9: DT 040-006 Amblas di tikungan km 28 | P9: AMBLAS | Q9: TIDAK DEFENSIVE DRIVING | R9: LPI-08-I-2022-MACO | S9: NM | T9: NON HPRI | U9: PJA Hauling | V9: PJA Hauling | W9: Shift 2 | X9: Eko Zulfikri | Y9: 80002375 | Z9: Operator DT | AA9: 1 Tahun | AB9: 3 bulan - 1 Tahun | AC9: 30 Tahun | AD9: 26-30 Tahun | AE9: Gen "Mileneal" (27-40 Tahun) | AF9: 44601 | AG9: 44601 | AH9: SPDK | AI9: Farid Nuruddin | AJ9: POP | AK9: 4 Tahun 7 Bulan | AL9: Coaching & Counseling | AM9: Employee Awareness | AN9: Kurangnya Keterampilan | AO9: Kurangnya Keterampilan Operasi Unit | AP9: Operator tidak fokus dalam melihat lubang kemudian membanting steering kesebelah kiri
A10: =A9+1 -> 9 | B10: 2022 | C10: MACO | D10: PT SIS | E10: 44562 | F10: JAN | G10: 44583 | H10: Sabtu | I10: 03.40 WIB | J10: KM 4+800 - SHR | K10: HAULING | L10: SHR | M10: KM 05 | N10: NM | O10: DT 040-013 Mundur di tanjakan KM 4+800 sehingga amblas | P10: MUNDUR & AMBLAS | Q10: TERLAMBAT SHIFTING TRANSMISI | R10: LPI-09-I-2022-MACO | S10: NM | T10: HPRI | U10: PJA Hauling | V10: PJA Hauling | W10: Shift 2 | X10: Hidayat Firman | Y10: 80002012 | Z10: Operator DT | AA10: 1 Tahun 4 Bulan | AB10: 1 - 2 Tahun | AC10: 36 Tahun | AD10: 36-40 Tahun | AE10: Gen "Mileneal" (27-40 Tahun) | AF10: 44567 | AG10: 44567 | AH10: Coaching & Counseling | AI10: Freddy | AJ10: POP | AK10: 1 Tahun 6 Bulan | AL10: - | AM10: Employee Awareness | AN10: Pelanggaran Prosedur | AO10: Operator Terlambat dalam melakukan shifting transmisi | AP10: Operator terbiasa melakukan berdasarkan pengalaman
A11: =A10+1 -> 10 | B11: 2022 | C11: MACO | D11: PT SIS | E11: 44562 | F11: JAN | G11: 44588 | H11: Kamis | I11: 20:35 WIB | J11: Port - Dumpingan GC | K11: HAULING | L11: PORT | M11: Port - Dumpingan GC | N11: PD | O11: DT 030-089, Rebah saat Dumping di Port | P11: REBAH | Q11: TIDAK DEFENSIVE DRIVING | R11: LPI-10-I-2022-MACO | S11: PD | T11: HPRI | U11: PJA Hauling | V11: PJA Hauling | W11: Shift 1 | X11: Daniel Duma | Y11: 80002036 | Z11: Operator DT | AA11: 1 Tahun | AB11: 3 bulan - 1 Tahun | AC11: 27 Tahun | AD11: 26-30 Tahun | AE11: Gen "Mileneal" (27-40 Tahun) | AF11: 44581 | AG11: 44581 | AH11: SPDK | AI11: Eko W | AJ11: POP | AK11: 07 Tahun 10 Bulan | AL11: - | AM11: Employee Awareness | AN11: Kurangnya Keterampilan | AO11: Menggerakan Unit Sebelum Menurunkan Vessel | AP11: Ingin Cepat Menyelesaikan Pekerjaan
A12: =A11+1 -> 11 | B12: 2022 | C12: MACO | D12: PT SIS | E12: 44562 | F12: JAN | G12: 44588 | H12: Kamis | I12: 15.45 WIB | J12: KM 77 - LNR | K12: HAULING | L12: LNR | M12: KM 77 | N12: PD | O12: DT 020-0124 Menyenggol Median | P12: MENABRAK | Q12: MAINTENANCE UNIT BELUM MAKSIMAL | R12: LPI-11-I-2022-MACO | S12: NM | T12: HPRI | U12: PJA Hauling | V12: PJA Hauling | W12: Shift 1 | X12: Catur Khoiriza | Y12: 80000930 | Z12: Operator DT | AA12: 7 Bulan 27 Hari | AB12: 3 bulan - 1 Tahun | AC12: 26 Tahun | AD12: 26-30 Tahun | AE12: Gen "Mileneal" (27-40 Tahun) | AF12: 44589 | AG12: 44589 | AH12: - | AI12: Rian Ardiansyah | AJ12: POP | AK12: 9 Tahun 6 Bulan | AL12: - | AM12: Supervisory Skill | AN12: Kurangnya Pengawasan | AO12: Standar Kerja (PI) Kurang Memadai | AP12: Tidak ada pemeriksaan kondisi lockpin balljoint di PS
A13: =A12+1 -> 12 | B13: 2022 | C13: MACO | D13: PT SIS | E13: 44562 | F13: JAN | G13: 44592 | H13: Selasa | I13: 05.45 WIB | J13: KM 50 - LNR | K13: HAULING | L13: LNR | M13: KM 50 | N13: PD | O13: DT 030 - 085 Rebah di KM 50 | P13: REBAH | Q13: FATIGUE | R13: LPI-12-I-2022- MACO | S13: PD | T13: HPRI | U13: PJA Hauling | V13: PJA Hauling | W13: Shift 2 | X13: Fenti Ari W | Y13: 80000501 | Z13: Operator DT | AA13: 11 Bulan | AB13: 3 bulan - 1 Tahun | AC13: 25 Tahun | AD13: 21-25 Tahun | AE13: Gen "Z" (19-26 Tahun) | AF13: 44578 | AG13: 44578 | AH13: SPDK | AI13: Dwi Istiawan | AJ13: POP | AK13: 6 Bulan | AL13: Coaching & Counseling | AM13: Employee Awareness | AN13: Pelanggaran Prosedur | AO13: Fatigue | AP13: Tidak Dapat Mengelola Istirahat dengan Baik
A14: =A13+1 -> 13 | B14: 2022 | C14: MACO | D14: PT SIS | E14: 44594 | F14: FEB | G14: 44597 | H14: Sabtu | I14: 10.15 WIB | J14: KM 15 -SHR | K14: HAULING | L14: SHR | M14: KM 15 | N14: NM | O14: DT030-0114 Slip dan amblas saat mundur untuk memberikan prioritas ke DT AKT | P14: MUNDUR & AMBLAS | Q14: TIDAK DEFENSIVE DRIVING | R14: LPI-13-II-2022- MACO | S14: NM | T14: HPRI | U14: PJA Hauling | V14: PJA Hauling | W14: Shift 1 | X14: Weldi | Y14: 80002252 | Z14: Operator DT | AA14: 4 Bulan | AB14: 3 bulan - 1 Tahun | AC14: 34 Tahun | AD14: 31-35 Tahun | AE14: Gen "Mileneal" (27-40 Tahun) | AF14: 44578 | AG14: 44578 | AH14: Coaching & Counseling | AI14: Farid Nuruddin | AJ14: POP | AK14: 4 Tahun 7 Bulan | AL14: - | AM14: Employee Awareness | AN14: Pelanggaran Prosedur | AO14: Jalan tidak standar | AP14: Tidak melakukan defensive driving training
A15: =A14+1 -> 14 | B15: 2022 | C15: MACO | D15: PT SIS | E15: 44594 | F15: FEB | G15: 44607 | H15: Selasa | I15: 22.04 WIB | J15: Seam D PIT North | K15: MINING | L15: PIT | M15: Seam D PIT North | N15: MTI | O15: Insiden MTI Pengawas terkena batu dibagian badan pada saat dumping | P15: LENTINGAN | Q15: TIDAK MENJAGA JARAK AMAN | R15: LPI-14-II-2022- MACO | S15: MTI | T15: HPRI | U15: PJA Mining | V15: PJA Mining | W15: Shift 2 | X15: Panni Sirait | Y15: 80002320 | Z15: Group Leader | AA15: 4 Bulan | AB15: 3 bulan - 1 Tahun | AC15: 47 Tahun | AD15: 46-50 Tahun | AE15: Gen "X" (41-56 Tahun) | AF15: 44586 | AG15: 44586 | AH15: Coaching & Counseling | AI15: Listianto | AJ15: POP | AK15: 4 Bulan | AL15: - | AM15: Employee Awareness | AN15: Kurangnya pengetahuan | AO15: Jarak pengawas terlalu dekat dengan titik dumping | AP15: Belum ada standar penempatan tower lamp
A16: =A15+1 -> 15 | B16: 2022 | C16: MACO | D16: PT SIS | E16: 44594 | F16: FEB | G16: 44611 | H16: Sabtu | I16: 08.45 WIB | J16: KM 32 - SHR | K16: HAULING | L16: SHR | M16: KM 32 | N16: PD | O16: DT030-087 Menabrak Tanggul di Hauling Road SHR KM 32 | P16: MENABRAK | Q16: OVERSPEED | R16: LPI-15-II-2022- MACO | S16: PD | T16: HPRI | U16: PJA Hauling | V16: PJA Hauling | W16: Shift 1 | X16: Davit septa hutomo | Y16: 8000124 | Z16: Operator DT | AA16: 8 Bulan | AB16: 3 bulan - 1 Tahun | AC16: 27 Tahun | AD16: 26-30 Tahun | AE16: Gen "Mileneal" (27-40 Tahun) | AF16: 06 Des 2021 | AG16: 06 Des 2021 | AH16: Sanksi SPDK | AI16: Noviyanto | AJ16: POP | AK16: 2 Tahun 2 Bulan | AL16: - | AM16: Employee Awareness | AN16: Pelanggaran Prosedur | AO16: Overspeed | AP16: Merasa aman dengan kecepatan berlebih (over confidence)
A17: =A16+1 -> 16 | B17: 2022 | C17: MACO | D17: PT SIS | E17: 44594 | F17: FEB | G17: 44614 | H17: Selasa | I17: 08.00 WIB | J17: KM 28 - SHR | K17: HAULING | L17: SHR | M17: KM 28 | N17: NM | O17: DT 030-0012 Amblas | P17: AMBLAS | Q17: TIDAK DEFENSIVE DRIVING | R17: LPI-16-II-2022- MACO | S17: NM | T17: NON HPRI | U17: PJA Hauling | V17: PJA Hauling | W17: Shift 1 | X17: Bambang Sugito | Y17: 8000859 | Z17: Operator DT | AA17: 10 Bulan | AB17: 3 bulan - 1 Tahun | AC17: 39 Tahun | AD17: 36-40 Tahun | AE17: Gen "Mileneal" (27-40 Tahun) | AF17: 44611 | AG17: 44611 | AH17: Sanksi SPDK | AI17: Aljary | AJ17: POM | AK17: 2 Tahun 8 Bulan | AL17: - | AM17: Employee Awareness | AN17: Kurangnya Keterampilan | AO17: Terlalu mengambil jalan ke sisi kiri | AP17: Tidak memastikan terdapat material spoil yang lembek di pinggir jalan
A18: =A17+1 -> 17 | B18: 2022 | C18: MACO | D18: PT SIS | E18: 44594 | F18: FEB | G18: 44615 | H18: Rabu | I18: 15.20 WIB | J18: KM 02 - SHR | K18: HAULING | L18: SHR | M18: KM 02 | N18: PD | O18: Fire Case DT 010 | P18: FIRE CASE | Q18: MAINTENANCE UNIT BELUM MAKSIMAL | R18: LPI-17-II-2022- MACO | S18: PD | T18: HPRI | U18: PJA Hauling | V18: PJA Hauling | W18: Shift 1 | X18: Sandy | Y18: 80002014 | Z18: Operator DT | AA18: 1 Tahun 6 Bulan | AB18: 1 - 2 Tahun | AC18: 29 Tahun | AD18: 26-30 Tahun | AE18: Gen "Mileneal" (27-40 Tahun) | AF18: 44562 | AG18: 44562 | AH18: Sanksi SPDK | AI18: Ervan | AJ18: POP | AK18: 1 tahun 9 bulan | AL18: - | AM18: SOP Compliance | AN18: Prosedur Kerja Tidak Memadai | AO18: Standar Kerja (PI) Kurang Memadai | AP18: Belum terdapat pemeriksaan Noise Absorben dalam checklist PI dan PS
A19: =A18+1 -> 18 | B19: 2022 | C19: MACO | D19: PT SIS | E19: 44622 | F19: MAR | G19: 44621 | H19: Selasa | I19: 00.30 WIB | J19: KM 51 - LNR | K19: HAULING | L19: LNR | M19: KM 51 | N19: PD | O19: DT 030-0106, Rebah di KM 51 | P19: REBAH | Q19: FATIGUE | R19: LPI-18-III-2022- MACO | S19: PD | T19: HPRI | U19: PJA Hauling | V19: PJA Hauling | W19: Shift 2 | X19: Hendra | Y19: 80000657 | Z19: Operator DT | AA19: 1 Tahun 11 Bulan | AB19: 1 - 2 Tahun | AC19: 32 Tahun | AD19: 31-35 Tahun | AE19: Gen "Mileneal" (27-40 Tahun) | AF19: 44609 | AG19: 44609 | AH19: Sanksi SPDK | AI19: Aljary | AJ19: POM | AK19: 2 Tahun 8 Bulan | AL19: Coaching & Counseling | AM19: Employee Awareness | AN19: Pelanggaran Prosedur | AO19: Fatigue | AP19: Tidak Dapat Mengelola Istirahat dengan Baik
A20: =A19+1 -> 19 | B20: 2022 | C20: MACO | D20: PT SIS | E20: 44622 | F20: MAR | G20: 44627 | H20: Senin | I20: 10.15 WIB | J20: KM 13 - SHR | K20: HAULING | L20: SHR | M20: KM 13 | N20: NM | O20: DT 104 Muatan Ambalas di km 12 | P20: AMBLAS | Q20: TIDAK DEFENSIVE DRIVING | R20: LPI-19-III-2022- MACO | S20: NM | T20: NON HPRI | U20: PJA Hauling | V20: PJA Hauling | W20: Shift 2 | X20: Abdul Haris | Y20: 80000498 | Z20: Operator DT | AA20: 1 Tahun 1 Bulan | AB20: 1 - 2 Tahun | AC20: 28 Tahun | AD20: 26-30 Tahun | AE20: Gen "Mileneal" (27-40 Tahun) | AF20: 44576 | AG20: 44576 | AH20: Coaching & Counseling | AI20: Ervan | AJ20: POP | AK20: 1 tahun 9 bulan | AL20: - | AM20: Employee Awareness | AN20: Pelanggaran Prosedur | AO20: Pelanggaran prosedur operasi jalan Non AWR | AP20: Tidak segera stop saat hujan turun
A21: =A20+1 -> 20 | B21: 2022 | C21: MACO | D21: PT SIS | E21: 44622 | F21: MAR | G21: 44628 | H21: Selasa | I21: 09.39 WIB | J21: KM 14+500 -SHR | K21: HAULING | L21: SHR | M21: KM 15 | N21: PD | O21: DT 030-103 Menabrak Belakang FT 083 di KM 14.500 | P21: MENABRAK | Q21: TIDAK DEFENSIVE DRIVING | R21: LPI-20-III-2022- MACO | S21: PD | T21: HPRI | U21: PJA Hauling | V21: PJA Hauling | W21: Shift 1 | X21: Suhermanto | Y21: 80002357 | Z21: Operator DT | AA21: 5 Bulan | AB21: 3 bulan - 1 Tahun | AC21: 27 Tahun | AD21: 26-30 Tahun | AE21: Gen "Mileneal" (27-40 Tahun) | AF21: 44596 | AG21: 44596 | AH21: Sanksi SPDK | AI21: Nofiyanto | AJ21: POP | AK21: 2 Tahun 2 Bulan | AL21: - | AM21: Employee Awareness | AN21: Pelanggaran Prosedur | AO21: Pelanggaran prosedur komunikasi 2 arah dan batas kecepatan | AP21: Tidak memastikan jalur aman ketika berada di area blindspot
A22: =A21+1 -> 21 | B22: 2022 | C22: MACO | D22: PT SIS | E22: 44622 | F22: MAR | G22: 44628 | H22: Selasa | I22: 21.15 WIB | J22: KM 34 - SHR | K22: HAULING | L22: SHR | M22: KM 34 | N22: NM | O22: DT030- 013 Amblas jalur muatan melewati km 34 berselisihan dengan dt kosongan.Dt 013 | P22: AMBLAS | Q22: TIDAK DEFENSIVE DRIVING | R22: LPI-21-III-2022- MACO | S22: NM | T22: NON HPRI | U22: PJA Hauling | V22: PJA Hauling | W22: Shift 2 | X22: Surtono | Y22: 80001273 | Z22: Operator DT | AA22: 9 Bulan | AB22: 3 bulan - 1 Tahun | AC22: 28 Tahun | AD22: 26-30 Tahun | AE22: Gen "Mileneal" (27-40 Tahun) | AF22: 44611 | AG22: 44611 | AH22: Sanksi SPDK | AI22: Ervan | AJ22: POP | AK22: 1 tahun 9 bulan | AL22: - | AM22: Employee Awareness | AN22: Kurangnya Keterampilan | AO22: Terlalu mengambil jalan ke sisi kiri saat akan parkir | AP22: Tidak memastikan base jalan yang lembek saat akan parkir
A23: =A22+1 -> 22 | B23: 2022 | C23: MACO | D23: PT SIS | E23: 44622 | F23: MAR | G23: 44629 | H23: Rabu | I23: 10.15 WIB | J23: Timbangan Port Tuhup | K23: HAULING | L23: PORT | M23: Timbangan Port Tuhup | N23: PD | O23: Kabel Optik Putus di area timbangan port | P23: KABEL PUTUS | Q23: INSPEKSI AREA & PENGAJUAN IJIN KERJA TIDAK DILAKUKAN | R23: LPI-22-III-2022- MACO | S23: PD | T23: NON HPRI | U23: PJA Hauling | V23: PJA Hauling | W23: Shift 1 | X23: Ifan Sibarani | Y23: 80002879 | Z23: Operator A2B | AA23: 1 Bulan | AB23: < 3 bulan | AC23: 33 Tahun | AD23: 31-35 Tahun | AE23: Gen "Mileneal" (27-40 Tahun) | AF23: 44593 | AG23: 44593 | AH23: - | AI23: M Gandhi | AJ23: Pembekalan POP Internal | AK23: 2 tahun 9 bulan | AL23: - | AM23: Supervisory Skill | AN23: Pelanggaran Prosedur | AO23: Ijin kerja penggalian tidak diajukan | AP23: Beranggapan pekerjaan penggalian tidak harus diproses
A24: =A23+1 -> 23 | B24: 2022 | C24: MACO | D24: PT SIS | E24: 44622 | F24: MAR | G24: 44632 | H24: Sabtu | I24: 06.58 WIB | J24: Room Raw CHPP | K24: HAULING | L24: ROM RAW | M24: Room Raw CHPP | N24: PD | O24: DT030-0135 menabrak tanggul di Room Raw CHPP | P24: MENABRAK | Q24: OVERSPEED | R24: LPI-23-III-2022- MACO | S24: PD | T24: HPRI | U24: PJA Hauling | V24: PJA Mining | W24: Shift 1 | X24: Willy Sukmana | Y24: 80002043 | Z24: Operator DT | AA24: 1 Tahun 6 Bulan | AB24: 1 - 2 Tahun | AC24: 33 Tahun | AD24: 31-35 Tahun | AE24: Gen "Mileneal" (27-40 Tahun) | AF24: 44578 | AG24: 44578 | AH24: Sanksi SPDK | AI24: Ervan | AJ24: POP | AK24: 1 tahun 9 bulan | AL24: Coaching & Counseling | AM24: Employee Awareness | AN24: Pelanggaran Prosedur | AO24: Overspeed | AP24: Fokus melihat DT lain yang ada didepan unit
A25: =A24+1 -> 24 | B25: 2022 | C25: MACO | D25: PT SIS | E25: 44622 | F25: MAR | G25: 44638 | H25: Jumat | I25: 08.00 WIB | J25: KM 37 - CHR | K25: HAULING | L25: CHR | M25: KM 40 | N25: PD | O25: LV-111 Amblas Mengalami Lepas Bemper | P25: AMBLAS | Q25: TIDAK DEFENSIVE DRIVING | R25: LPI-24-III-2022- MACO | S25: PD | T25: NON HPRI | U25: PJA Hauling | V25: PJA Hauling | W25: Shift 1 | X25: Sukarianto | Y25: 80001449 | Z25: Group Leader | AA25: 1 Tahun | AB25: 3 bulan - 1 Tahun | AC25: 40 Tahun | AD25: 36-40 Tahun | AE25: Gen "Mileneal" (27-40 Tahun) | AF25: 44606 | AG25: 44528 | AH25: Coaching & Counseling | AI25: Aljary | AJ25: POM | AK25: 2 Tahun 8 Bulan | AL25: - | AM25: Employee Awareness | AN25: Kurangnya Keterampilan | AO25: Kurangnya Keterampilan Operasi Unit | AP25: Tidak melakukan defensive driving training saat mengoperasikan unit
A26: =A25+1 -> 25 | B26: 2022 | C26: MACO | D26: PT SIS | E26: 44653 | F26: APR | G26: 44653 | H26: Sabtu | I26: 15.50 WIB | J26: SHR - KM 3 | K26: HAULING | L26: SHR | M26: KM 03 | N26: PD | O26: DT 040-019 Mundur di tanjakan KM 3 sehingga amblas | P26: MUNDUR & AMBLAS | Q26: TERLAMBAT SHIFTING TRANSMISI | R26: LPI-25-IV-2022- MACO | S26: PD | T26: HPRI | U26: PJA Hauling | V26: PJA Hauling | W26: Shift 1 | X26: Iswahyudi | Y26: 80002772 | Z26: Operator DT | AA26: 1 Tahun 4 Bulan | AB26: 1 - 2 Tahun | AC26: 26 Tahun | AD26: 26-30 Tahun | AE26: Gen "Mileneal" (27-40 Tahun) | AF26: 44581 | AG26: 44581 | AH26: Sanksi SPDK | AI26: Freddy | AJ26: POP | AK26: 1 Tahun 6 Bulan | AL26: - | AM26: Employee Awareness | AN26: Kurangnya Keterampilan | AO26: Terlambat melakukan shifting transmisi rendah saat menanjak | AP26: Tidak memperhatikan panel indikator transmisi
A27: =A26+1 -> 26 | B27: 2022 | C27: MACO | D27: PT SIS | E27: 44653 | F27: APR | G27: 44659 | H27: Jumat | I27: 08.30 WIB | J27: KM 26 - Simpang Kohong | K27: HAULING | L27: SHR | M27: KM 26 | N27: NM | O27: DT 040 – 028 Amblas di KM 26 Simpang Kohong | P27: AMBLAS | Q27: TIDAK DEFENSIVE DRIVING | R27: LPI-26-IV-2022- MACO | S27: NM | T27: NON HPRI | U27: PJA Hauling | V27: PJA Hauling | W27: Shift 1 | X27: Elsano Harapandie | Y27: 80003035 | Z27: Operator DT | AA27: 1 Tahun 3 Bulan | AB27: 1 - 2 Tahun | AC27: 26 Tahun | AD27: 26-30 Tahun | AE27: Gen "Mileneal" (27-40 Tahun) | AF27: 44605 | AG27: 44605 | AH27: Sanksi SPDK | AI27: Farid Nuruddin | AJ27: POP | AK27: 4 Tahun 7 Bulan | AL27: - | AM27: Employee Awareness | AN27: Kurangnya Keterampilan | AO27: Mengambil jalur terlalu kekiri saat menepi | AP27: Perencanaan menepi yang tidak tepat
A28: =A27+1 -> 27 | B28: 2022 | C28: MACO | D28: PT SIS | E28: 44653 | F28: APR | G28: 44660 | H28: Sabtu | I28: 11.45 WIB | J28: Pencucian LV Area CHPP | K28: MINING | L28: PENCUCIAN LV | M28: Pencucian LV Area CHPP | N28: NM | O28: Tyre Depan Sebelah Kanan LV S-113 Jatuh Disela-sela ramdor pencucian CHPP | P28: AMBLAS | Q28: TIDAK ADA SPOTER | R28: LPI-27-IV-2022- MACO | S28: NM | T28: NON HPRI | U28: PJA Pit Control | V28: PJA Mining | W28: Shift 1 | X28: R. Muhamad Mumin M. | Y28: 0111117 | Z28: Senior Officer Procon & Pitcon | AA28: 11 Tahun 2 Bulan | AB28: > 5 Tahun | AC28: 40 Tahun | AD28: 36-40 Tahun | AE28: Gen "Mileneal" (27-40 Tahun) | AF28: 44491 | AG28: 44642 | AH28: Sanksi SPDK | AI28: Budi Gangsar | AJ28: POM | AK28: 17 Tahun | AL28: - | AM28: Employee Awareness | AN28: Pelanggaran Prosedur | AO28: Pelanggaran prosedur pencucian | AP28: Tidak menggunakan spoter saat mencuci
A29: =A28+1 -> 28 | B29: 2022 | C29: MACO | D29: PT SIS | E29: 44653 | F29: APR | G29: 44662 | H29: Senin | I29: 14.00 WIB | J29: Waterfill KM 70 | K29: HAULING | L29: LNR | M29: KM 70 | N29: EI | O29: Ceceran Oli di Waterfill KM 70 | P29: CECERAN | Q29: KEBOCORAN POMPA SPAYER | R29: LPI-28-IV-2022- MACO | S29: EI | T29: NON HPRI | U29: PJA Plant CHPP | V29: PJA Mining | W29: Shift 1 | X29: Ismail | Y29: 8002399 | Z29: Jr. Mekanik | AA29: 6 Bulan | AB29: 3 bulan - 1 Tahun | AC29: 34 Tahun | AD29: 31-35 Tahun | AE29: Gen "Mileneal" (27-40 Tahun) | AF29: 44548 | AG29: 44634 | AH29: Coaching & Counseling | AI29: Hokgista | AJ29: Pembekalan POP Internal | AK29: 8 Bulan | AL29: - | AM29: Employee Awareness | AN29: Kurangnya Keterampilan | AO29: Terdapat kebocoran pada area pompa spayer | AP29: Kondisi seal pompa belum teridentifikasi pada saat PI
A30: =A29+1 -> 29 | B30: 2022 | C30: MACO | D30: PT SIS | E30: 44653 | F30: APR | G30: 44665 | H30: Kamis | I30: 14.50 WIB | J30: Parit Depan WS Haju | K30: WORKSHOP | L30: WORKSHOP | M30: Parit Depan WS Haju | N30: PD | O30: Cabel Terputus Saat Perapihan Drainage WS Haju | P30: KABEL PUTUS | Q30: INSPEKSI AREA & PENGAJUAN IJIN KERJA TIDAK DILAKUKAN | R30: LPI-29-IV-2022- MACO | S30: PD | T30: NON HPRI | U30: PJA Hauling | V30: PJA Hauling | W30: Shift 1 | X30: Muhlis | Y30: 8002613 | Z30: Operator Exca | AA30: 4 Bulan | AB30: 3 bulan - 1 Tahun | AC30: 27 Tahun | AD30: 26-30 Tahun | AE30: Gen "Mileneal" (27-40 Tahun) | AF30: 44546 | AG30: 44650 | AH30: - | AI30: Arman | AJ30: POP | AK30: 3 Bulan | AL30: Coaching & Counseling | AM30: Employee Awareness | AN30: Kurangnya pengetahuan | AO30: Tidak terdapat ijin kerja | AP30: rencana perbaikan insiden sebelumnya tidak dilaksanakan
A31: =A30+1 -> 30 | B31: 2022 | C31: MACO | D31: PT SIS | E31: 44653 | F31: APR | G31: 44665 | H31: Kamis | I31: 16.50 WIB | J31: Jembatan Bao - Bao | K31: HAULING | L31: LNR | M31: KM 65 | N31: PD | O31: DT090 Menabrak Jembatan Bao-Bao Km 65 | P31: MENABRAK | Q31: TIDAK DEFENSIVE DRIVING | R31: LPI-30-IV-2022- MACO | S31: PD | T31: HPRI | U31: PJA Hauling | V31: PJA Hauling | W31: Shift 1 | X31: Mario Salis Nanda | Y31: 8000937 | Z31: Operator DT | AA31: 1 Tahun | AB31: 3 bulan - 1 Tahun | AC31: 21 Tahun | AD31: 21-25 Tahun | AE31: Gen "Z" (19-26 Tahun) | AF31: 44646 | AG31: 44608 | AH31: PHK | AI31: Nofianto | AJ31: POP | AK31: 2 Tahun 2 Bulan | AL31: SPDK Lubang 2 | AM31: Employee Awareness | AN31: Pelanggaran Prosedur | AO31: Pelanggaran Prosedur Pengoperasian Unit | AP31: Tidak menggunakan gear transmisi 7 sesuai rambu yang ditetapkan
A32: =A31+1 -> 31 | B32: 2022 | C32: MACO | D32: PT SIS | E32: 44653 | F32: APR | G32: 44668 | H32: Minggu | I32: 04.20 WIB | J32: KM 24 | K32: HAULING | L32: SHR | M32: KM 24 | N32: PD | O32: DT088 Menyerempet tanggul Km 24 Arah Kosongan | P32: MENABRAK | Q32: OVERSPEED | R32: LPI-31-IV-2022- MACO | S32: PD | T32: NON HPRI | U32: PJA Hauling | V32: PJA Hauling | W32: Shift 1 | X32: Doni Damara | Y32: 8002220 | Z32: Operator DT | AA32: 8 Bulan | AB32: 3 bulan - 1 Tahun | AC32: 29 Tahun | AD32: 26-30 Tahun | AE32: Gen "Mileneal" (27-40 Tahun) | AF32: 44505 | AG32: 44616 | AH32: Sanksi SPDK | AI32: Farid Nurrudin | AJ32: POP | AK32: 4 Tahun 7 Bulan | AL32: - | AM32: Employee Awareness | AN32: Pelanggaran Prosedur | AO32: Pelanggaran batas kecepatan | AP32: Mengambil Jalur terlalu Kekiri
A33: =A32+1 -> 32 | B33: 2022 | C33: MACO | D33: PT SIS | E33: 44653 | F33: APR | G33: 44672 | H33: Kamis | I33: 04.40 WIB | J33: LNR KM 66 | K33: HAULING | L33: LNR | M33: KM 66 | N33: PD | O33: DT040-0019 Mundur Tersandar di Tanggul di Km 66 | P33: MUNDUR & AMBLAS | Q33: MAINTENANCE UNIT BELUM MAKSIMAL | R33: LPI-32-IV-2022- MACO | S33: PD | T33: HPRI | U33: PJA Hauling | V33: PJA Hauling | W33: Shift 1 | X33: Alfian Hidayat | Y33: 8002462 | Z33: Operator DT | AA33: 5 Bulan | AB33: 3 bulan - 1 Tahun | AC33: 32 Tahun | AD33: 31-35 Tahun | AE33: Gen "Mileneal" (27-40 Tahun) | AF33: 44544 | AG33: 44639 | AH33: - | AI33: Nofianto | AJ33: POP | AK33: 2 Tahun 2 Bulan | AL33: - | AM33: SOP Compliance | AN33: Prosedur Kerja Tidak Memadai | AO33: Belum ditentukan batas masa pakai slack adjuster | AP33: Tidak dimasukkan dalam item PS HM 5000
A34: =A33+1 -> 33 | B34: 2022 | C34: MACO | D34: PT SIS | E34: 44653 | F34: APR | G34: 44676 | H34: Senin | I34: 11.15 WIB | J34: KM 19.500 | K34: HAULING | L34: SHR | M34: KM 20 | N34: PD | O34: DT040-0011 Rebah di Km 19+500 | P34: REBAH | Q34: OVERSPEED | R34: LPI-33-IV-2022- MACO | S34: PD | T34: HPRI | U34: PJA Hauling | V34: PJA Hauling | W34: Shift 1 | X34: Syahrial Afandi | Y34: 8003034 | Z34: Operator DT | AA34: 1 Tahun 2 bulan | AB34: 1 - 2 Tahun | AC34: 42 Tahun | AD34: 41-45 Tahun | AE34: Gen "X" (41-56 Tahun) | AF34: 44577 | AG34: 44639 | AH34: PHK | AI34: Safiudin | AJ34: POP | AK34: 3 Bulan | AL34: - | AM34: Employee Awareness | AN34: Pelanggaran Prosedur | AO34: Overspeed | AP34: Masuk tikungan dengan kecepatan 45 km/jam
A35: =A34+1 -> 34 | B35: 2022 | C35: MACO | D35: PT SIS | E35: 44692 | F35: MEI | G35: 44692 | H35: Rabu | I35: 09.30 WIB | J35: KM 5 | K35: HAULING | L35: SHR | M35: KM 05 | N35: NM | O35: DT - 027 Mundur di tanjakan KM 5 | P35: MUNDUR & AMBLAS | Q35: TERLAMBAT SHIFTING TRANSMISI | R35: LPI-34-V-2022- MACO | S35: NM | T35: HPRI | U35: PJA Hauling | V35: PJA Hauling | W35: Shift 1 | X35: Sugi Wahyudi | Y35: 80002483 | Z35: Operator DT | AA35: 5 Bulan | AB35: 3 bulan - 1 Tahun | AC35: 32 Tahun | AD35: 31-35 Tahun | AE35: Gen "Mileneal" (27-40 Tahun) | AF35: 44689 | AG35: 44625 | AH35: Coaching & Counseling | AI35: Safiudin | AJ35: POP | AK35: 3 Bulan | AL35: - | AM35: Employee Awareness | AN35: Kurangnya Keterampilan | AO35: Terlambat melakukan shifting transmisi rendah saat menanjak | AP35: Operator kurang memahami pengoperasian unit saat di jalan tanjakan Km 5
A36: =A35+1 -> 35 | B36: 2022 | C36: MACO | D36: PT SIS | E36: 44692 | F36: MEI | G36: 44692 | H36: Rabu | I36: 15.12 WIB | J36: KM 5 | K36: HAULING | L36: SHR | M36: KM 05 | N36: NM | O36: DT - 013 Mundur di tanjakan KM 5 | P36: MUNDUR & AMBLAS | Q36: TERLAMBAT SHIFTING TRANSMISI | R36: LPI-35-V-2022- MACO | S36: NM | T36: HPRI | U36: PJA Hauling | V36: PJA Hauling | W36: Shift 1 | X36: Iksan Mawardi | Y36: 80002471 | Z36: Operator DT | AA36: 6 Bulan | AB36: 3 bulan - 1 Tahun | AC36: 31 Tahun | AD36: 31-35 Tahun | AE36: Gen "Mileneal" (27-40 Tahun) | AF36: 44689 | AG36: 44627 | AH36: Sanksi SPDK | AI36: Safiudin | AJ36: POP | AK36: 3 Bulan | AL36: - | AM36: Employee Awareness | AN36: Kurangnya Keterampilan | AO36: Terlambat melakukan shifting transmisi rendah saat menanjak | AP36: Operator kurang memahami pengoperasian unit saat di jalan tanjakan Km 5
A37: =A36+1 -> 36 | B37: 2022 | C37: MACO | D37: PT SIS | E37: 44692 | F37: MEI | G37: 44696 | H37: Minggu | I37: 02.09 WIB | J37: Front EXC 037 SEAM CM PIT NORTH | K37: MINING | L37: PIT | M37: Front EXC 037 SEAM CM PIT NORTH | N37: PD | O37: DT - 1012 Rebah ke kiri di area front loading Exc 37 | P37: REBAH | Q37: INSPEKSI AWAL SHIFT PENGAWAS TIDAK MAKSIMAL DILAKUKAN | R37: LPI-36-V-2022- MACO | S37: PD | T37: HPRI | U37: PJA Mining | V37: PJA Mining | W37: Shift 2 | X37: Saiful Ulum | Y37: 80002651 | Z37: Operator DT | AA37: 4 Bulan 27 Hari | AB37: 3 bulan - 1 Tahun | AC37: 32 Tahun | AD37: 31-35 Tahun | AE37: Gen "Mileneal" (27-40 Tahun) | AF37: 44578 | AG37: 44664 | AH37: - | AI37: Dance Tangga | AJ37: POP | AK37: 8 Bulan | AL37: Coaching & Counseling | AM37: Supervisory Skill | AN37: Pelanggaran Prosedur | AO37: Inspeksi awal shift belum dilakukan | AP37: Superviser area belum melakukan kontrol terhadap kewajiban inspeksi
A38: =A37+1 -> 37 | B38: 2022 | C38: MACO | D38: PT SIS | E38: 44692 | F38: MEI | G38: 44702 | H38: Sabtu | I38: 09.30 WIB | J38: Road 1 D | K38: HAULING | L38: PTR ROAD | M38: Road 1 D | N38: PD | O38: DT 030– 096 Menabrak tanggul di Road 1D | P38: MENABRAK | Q38: OVERSPEED | R38: LPI-37-V-2022- MACO | S38: PD | T38: HPRI | U38: PJA Mining | V38: PJA Mining | W38: Shift 1 | X38: Leo Wardi | Y38: 80002716 | Z38: Operator DT | AA38: 4 Bulan 17 Hari | AB38: 3 bulan - 1 Tahun | AC38: 29 Tahun | AD38: 26-30 Tahun | AE38: Gen "Mileneal" (27-40 Tahun) | AF38: 44578 | AG38: 44671 | AH38: Sanksi SPDK | AI38: Dance Tangga | AJ38: POP | AK38: 8 Bulan | AL38: Sanksi SPDK | AM38: Employee Awareness | AN38: Pelanggaran Prosedur | AO38: Overspeed | AP38: Masuk tikungan dengan kecepatan yang salah
A39: =A38+1 -> 38 | B39: 2022 | C39: MACO | D39: PT SIS | E39: 44692 | F39: MEI | G39: 44702 | H39: Sabtu | I39: 18.40 WIB | J39: LNR KM 78 | K39: HAULING | L39: LNR | M39: KM 78 | N39: PD | O39: DT040-0015 Amblas di KM 78 | P39: AMBLAS | Q39: TIDAK DEFENSIVE DRIVING | R39: LPI-38-V-2022- MACO | S39: NM | T39: NON HPRI | U39: PJA Hauling | V39: PJA Hauling | W39: Shift 2 | X39: Rody | Y39: 80002248 | Z39: Operator DT | AA39: 8 Bulan | AB39: 3 bulan - 1 Tahun | AC39: 28 Tahun | AD39: 26-30 Tahun | AE39: Gen "Mileneal" (27-40 Tahun) | AF39: 44636 | AG39: 44636 | AH39: Sanksi SPDK | AI39: Hendri Agustino | AJ39: POP | AK39: 6 Bulan | AL39: - | AM39: Employee Awareness | AN39: Kurangnya Keterampilan | AO39: Terlalu mengambil jalan ke sisi kiri | AP39: Tidak memastikan terdapat material spoil yang lembek di pinggir jalan
A40: =A39+1 -> 39 | B40: 2022 | C40: MACO | D40: PT SIS | E40: 44692 | F40: MEI | G40: 44704 | H40: Senin | I40: 09.40 WIB | J40: Disposal RL 340 | K40: MINING | L40: DISPOSAL | M40: Disposal RL 340 | N40: EI | O40: DT020-0158 rebah ke kiri disposal 340 | P40: REBAH | Q40: INSPEKSI AWAL SHIFT PENGAWAS TIDAK MAKSIMAL DILAKUKAN | R40: LPI-39-V-2022- MACO | S40: EI | T40: HPRI | U40: PJA Mining | V40: PJA Mining | W40: Shift 1 | X40: Rubian Fauzi | Y40: 80003519 | Z40: Operator DT | AA40: 2 Bulan | AB40: < 3 bulan | AC40: 33 Tahun | AD40: 31-35 Tahun | AE40: Gen "Mileneal" (27-40 Tahun) | AF40: 44669 | AG40: 44653 | AH40: - | AI40: M Ramadhani A | AJ40: POP | AK40: 6 Bulan | AL40: Sanksi SPDK | AM40: Supervisory Skill | AN40: Pelanggaran Prosedur | AO40: Belum terdapat bendera batas aman dumping di area disposal | AP40: Tidak melakukan observasi awal shift pada saat pekerjaan dumping disposal
A41: =A40+1 -> 40 | B41: 2022 | C41: MACO | D41: PT SIS | E41: 44692 | F41: MEI | G41: 44706 | H41: Rabu | I41: 09.00 WIB | J41: Disposal RL 345 | K41: MINING | L41: DISPOSAL | M41: Disposal RL 345 | N41: NM | O41: Tyre Kiri HD-058 Amblas di Disposal RL 345 | P41: AMBLAS | Q41: TIDAK DEFENSIVE DRIVING | R41: LPI-40-V-2022- MACO | S41: NM | T41: NON HPRI | U41: PJA Mining | V41: PJA Mining | W41: Shift 1 | X41: Roni Efendi | Y41: 80002023 | Z41: Operator HDT | AA41: 1 Tahun 8 bulan | AB41: 1 - 2 Tahun | AC41: 29 Tahun | AD41: 26-30 Tahun | AE41: Gen "Mileneal" (27-40 Tahun) | AF41: 44602 | AG41: 44602 | AH41: Sanksi SPDK | AI41: M Ramadhani A | AJ41: POP | AK41: 6 Bulan | AL41: - | AM41: Employee Awareness | AN41: Pelanggaran Prosedur | AO41: Operator HD tidak mengikuti bendera batas dumping | AP41: Inisiatif dari operator memilih sendiri area dumping point (Over confidence karena merasa masih aman)
A42: =A41+1 -> 41 | B42: 2022 | C42: MACO | D42: PT SIS | E42: 44692 | F42: MEI | G42: 44707 | H42: Kamis | I42: 20.30 WIB | J42: KM 12.500 | K42: HAULING | L42: SHR | M42: KM 12 | N42: NM | O42: DT030-0098 Amblas di KM 12.500 | P42: AMBLAS | Q42: TIDAK MENJAGA JARAK AMAN | R42: LPI-41-V-2022- MACO | S42: NM | T42: NON HPRI | U42: PJA Hauling | V42: PJA Hauling | W42: Shift 2 | X42: Hariyono S P | Y42: 80002568 | Z42: Operator DT | AA42: 5 Bulan | AB42: 3 bulan - 1 Tahun | AC42: 33 Tahun | AD42: 31-35 Tahun | AE42: Gen "Mileneal" (27-40 Tahun) | AF42: 44689 | AG42: 44628 | AH42: Sanksi SPDK | AI42: Nofiyanto | AJ42: POP | AK42: 2 Tahun 2 Bulan | AL42: - | AM42: Employee Awareness | AN42: Pelanggaran Prosedur | AO42: Tidak menjaga jarak aman beriringan dengan unit DT lainnya | AP42: Ingin segera istirahat
A43: =A42+1 -> 42 | B43: 2022 | C43: MACO | D43: PT SIS | E43: 44692 | F43: MEI | G43: 44709 | H43: Sabtu | I43: 17.50 WIB | J43: Mess Haju | K43: MESS | L43: MESS | M43: Mess Haju | N43: PD | O43: CT 007 menabrak mundur tiang walk way | P43: MENABRAK | Q43: TIDAK DEFENSIVE DRIVING | R43: LPI-42-V-2022- MACO | S43: PD | T43: HPRI | U43: PJA Plant Haju | V43: PJA Plant Haju | W43: Shift 1 | X43: Surja | Y43: 80002752 | Z43: Tireman | AA43: 1 Tahun | AB43: 3 bulan - 1 Tahun | AC43: 22 Tahun | AD43: 21-25 Tahun | AE43: Gen "Z" (19-26 Tahun) | AF43: 44597 | AG43: 44581 | AH43: PHK | AI43: Wahyu Utomo | AJ43: Pembekalan POP Internal | AK43: 7 Bulan | AL43: Sanksi SPDK | AM43: Employee Awareness | AN43: Pelanggaran Prosedur | AO43: Mengoperasikan unit tanpa kewenangan | AP43: Inisiatif driver mengoperasikan unit ke area Mess
A44: =A43+1 -> 43 | B44: 2022 | C44: MACO | D44: PT SIS | E44: 44692 | F44: MEI | G44: 44709 | H44: Sabtu | I44: 22.00 WIB | J44: KM 34 | K44: HAULING | L44: SHR | M44: KM 34 | N44: NM | O44: WST033 tergelincir dipinggir jalan di Km 34 | P44: AMBLAS | Q44: TIDAK DEFENSIVE DRIVING | R44: LPI-43-V-2022- MACO | S44: NM | T44: HPRI | U44: PJA Plant Haju | V44: PJA Hauling | W44: Shift 2 | X44: Tri Ageng Ibnu | Y44: 80002598 | Z44: Jr. Mekanik | AA44: 5 Bulan | AB44: 3 bulan - 1 Tahun | AC44: 26 Tahun | AD44: 26-30 Tahun | AE44: Gen "Mileneal" (27-40 Tahun) | AF44: 44576 | AG44: 44576 | AH44: PHK | AI44: Andik Erwanto | AJ44: POP | AK44: 3 Bulan | AL44: Sanksi SPDK | AM44: Employee Awareness | AN44: Pelanggaran Prosedur | AO44: Mengoperasikan unit tanpa kewenangan | AP44: Inisiatif driver mengoperasikan unit ke Km 30 untuk berbelanja
A45: =A44+1 -> 44 | B45: 2022 | C45: MACO | D45: PT SIS | E45: 44723 | F45: JUN | G45: 44714 | H45: Kamis | I45: 19.05 WIB | J45: Room CHPP (Hopper) | K45: HAULING | L45: ROM RAW | M45: Room CHPP (Hopper) | N45: PD | O45: Plate Stopper Hopper Lepas | P45: MENABRAK | Q45: INSPEKSI AWAL SHIFT PENGAWAS TIDAK MAKSIMAL DILAKUKAN | R45: LPI-44-VI-2022- MACO | S45: PD | T45: NON HPRI | U45: PJA Hauling | V45: PJA Mining | W45: Shift 2 | X45: Frenky Fernando | Y45: 80001819 | Z45: Operator WL | AA45: 8 Bulan | AB45: 3 bulan - 1 Tahun | AC45: 24 Tahun | AD45: 21-25 Tahun | AE45: Gen "Z" (19-26 Tahun) | AF45: 44706 | AG45: 44706 | AH45: Coaching & Counseling | AI45: Yerry Fernando | AJ45: POP | AK45: 5 Bulan | AL45: Coaching & Counseling | AM45: Supervisory Skill | AN45: Pelanggaran Prosedur | AO45: Tidak segera melakukan pemasangan barikade pada area plate stopper | AP45: Mengira kondisi plate stopper masih aman
A46: =A45+1 -> 45 | B46: 2022 | C46: MACO | D46: PT SIS | E46: 44723 | F46: JUN | G46: 44721 | H46: Kamis | I46: 08.30 WIB | J46: Disposal Mud Cell RL 290 | K46: MINING | L46: DISPOSAL | M46: Disposal Mud Cell RL 290 | N46: NM | O46: HD535 Amblas di Disposal Mud Cell RL 290 | P46: AMBLAS | Q46: INSPEKSI AWAL SHIFT PENGAWAS TIDAK MAKSIMAL DILAKUKAN | R46: LPI-45-VI-2022- MACO | S46: NM | T46: NON HPRI | U46: PJA Mining | V46: PJA Mining | W46: Shift 1 | X46: Fery Eko Prasetyo | Y46: 80001117 | Z46: Operator HDT | AA46: 1 Tahun 11 bulan | AB46: 1 - 2 Tahun | AC46: 38 Tahun | AD46: 36-40 Tahun | AE46: Gen "Mileneal" (27-40 Tahun) | AF46: 44710 | AG46: 44710 | AH46: - | AI46: Sugiarto | AJ46: POP | AK46: 15 Tahun | AL46: Sanksi SPDK | AM46: Supervisory Skill | AN46: Pelanggaran Prosedur | AO46: Gagal melakukan identifikasi jarak dumping aman di disposal mudcell | AP46: Belum terdapat JSA pekerjaan dumping di area disposal mudcell
A47: =A46+1 -> 46 | B47: 2022 | C47: MACO | D47: PT SIS | E47: 44723 | F47: JUN | G47: 44721 | H47: Kamis | I47: 04.15 WIB | J47: KM 50 - LNR | K47: HAULING | L47: LNR | M47: KM 50 | N47: PD | O47: DT 151 menyisir bahu jalan di Km 50 | P47: MENABRAK | Q47: FATIGUE | R47: LPI-46-VI-2022- MACO | S47: PD | T47: HPRI | U47: PJA Hauling | V47: PJA Hauling | W47: Shift 2 | X47: Roni Saputra | Y47: 80001826 | Z47: Operator DT | AA47: 1 Tahun | AB47: 3 bulan - 1 Tahun | AC47: 32 Tahun | AD47: 31-35 Tahun | AE47: Gen "Mileneal" (27-40 Tahun) | AF47: 44704 | AG47: 44604 | AH47: PHK | AI47: Farid Nurrudin | AJ47: POP | AK47: 4 Tahun 7 Bulan | AL47: - | AM47: Employee Awareness | AN47: Pelanggaran Prosedur | AO47: Fatigue | AP47: Tidak Dapat Mengelola Istirahat dengan Baik
A48: =A47+1 -> 47 | B48: 2022 | C48: MACO | D48: PT SIS | E48: 44723 | F48: JUN | G48: 44723 | H48: Sabtu | I48: 10.30 WIB | J48: KM 39 - CHR | K48: HAULING | L48: CHR | M48: KM 41 | N48: NM | O48: DT124 Muatan Menabrak Tanggul Kosongan di Km 39 | P48: MENABRAK | Q48: MAINTENANCE UNIT BELUM MAKSIMAL | R48: LPI-47-VI-2022- MACO | S48: NM | T48: NON HPRI | U48: PJA Hauling | V48: PJA Hauling | W48: Shift 1 | X48: Mamat | Y48: 80002889 | Z48: Operator DT | AA48: 6 Bulan | AB48: 3 bulan - 1 Tahun | AC48: 38 Tahun | AD48: 36-40 Tahun | AE48: Gen "Mileneal" (27-40 Tahun) | AF48: 44719 | AG48: 44646 | AH48: Sanksi SPDK | AI48: Freddy | AJ48: POP | AK48: 1 Tahun 6 Bulan | AL48: - | AM48: SOP Compliance | AN48: Prosedur Kerja Tidak Memadai | AO48: Belum ditentukan batas masa pakai O Ring | AP48: Tidak dimasukkan dalam item PS HM 2000
A49: =A48+1 -> 48 | B49: 2022 | C49: MACO | D49: PT SIS | E49: 44723 | F49: JUN | G49: 44724 | H49: Minggu | I49: 07.50 WIB | J49: KM 21 - SHR | K49: HAULING | L49: SHR | M49: KM 21 | N49: PD | O49: DT 040-013 menabrak vassel belakang sebelah kiri DT 030-135 | P49: MENABRAK | Q49: TIDAK DEFENSIVE DRIVING | R49: LPI-48-VI-2022- MACO | S49: PD | T49: HPRI | U49: PJA Hauling | V49: PJA Hauling | W49: Shift 1 | X49: Eko Suroyo | Y49: 80002889 | Z49: Operator DT | AA49: 1 Tahun 4 bulan | AB49: 1 - 2 Tahun | AC49: 40 Tahun | AD49: 36-40 Tahun | AE49: Gen "Mileneal" (27-40 Tahun) | AF49: 44569 | AG49: 44569 | AH49: PHK | AI49: Dwi Istiawan | AJ49: POP | AK49: 6 Bulan | AL49: - | AM49: Employee Awareness | AN49: Pelanggaran Prosedur | AO49: Tidak siap mengurangi kecepatan saat beriringan dengan unit lain | AP49: Melakukan aktivitas lain saat mengoperasikan unit
A50: =A49+1 -> 49 | B50: 2022 | C50: MACO | D50: PT SIS | E50: 44723 | F50: JUN | G50: 44724 | H50: Minggu | I50: 01.40 WIB | J50: Parkiran Transcon CHPP | K50: HAULING | L50: PARKIRAN | M50: Parkiran Transcon CHPP | N50: PD | O50: DT 040-28 melakukan manuver parkir mundur menyenggol DT 030-89 | P50: MENABRAK | Q50: TIDAK DEFENSIVE DRIVING | R50: LPI-49-VI-2022- MACO | S50: PD | T50: NON HPRI | U50: PJA Hauling | V50: PJA Hauling | W50: Shift 2 | X50: Lalianto | Y50: 80003614 | Z50: Operator DT | AA50: 1 Tahun 3 bulan | AB50: 1 - 2 Tahun | AC50: 23 Tahun | AD50: 21-25 Tahun | AE50: Gen "Z" (19-26 Tahun) | AF50: 44661 | AG50: 44661 | AH50: Sanksi SPDK | AI50: Yerry Fernando | AJ50: POP | AK50: 5 Bulan | AL50: - | AM50: Employee Awareness | AN50: Pelanggaran Prosedur | AO50: Pelanggaran prosedur parkir unit | AP50: Tidak memastikan panjng unit saat manuver
A51: =A50+1 -> 50 | B51: 2022 | C51: MACO | D51: PT SIS | E51: 44723 | F51: JUN | G51: 44736 | H51: Jumat | I51: 10.40 WIB | J51: KM 16 - SHR | K51: HAULING | L51: SHR | M51: KM 16 | N51: EI | O51: Oli Bekas tercecer ketanah dijalan hauling KM 16 + 500 | P51: CECERAN | Q51: KEBOCORAN IBC OLI BEKAS | R51: LPI-50-VI-2022- MACO | S51: EI | T51: NON HPRI | U51: PJA Plant Haju | V51: PJA Hauling | W51: Shift 1 | X51: Erik Ruswidiansyah | Y51: 80000982 | Z51: Operator CT | AA51: 4 bulan | AB51: 3 bulan - 1 Tahun | AC51: 39 Tahun | AD51: 36-40 Tahun | AE51: Gen "Mileneal" (27-40 Tahun) | AF51: 44713 | AG51: 44713 | AH51: Sanksi SPDK | AI51: Dwy Fitrianor | AJ51: POP | AK51: 8 Bulan | AL51: Sanksi SPDK | AM51: Supervisory Skill | AN51: Pelanggaran Prosedur | AO51: Tidak memastikan kelengkapan Manifest limbah | AP51: Tidak memastikan kondisi IBC saat pengangkutan
A52: =A51+1 -> 51 | B52: 2022 | C52: MACO | D52: PT SIS | E52: 44723 | F52: JUN | G52: 44738 | H52: Minggu | I52: 01.15 WIB | J52: Akses Masuk Sump Pit North | K52: MINING | L52: PIT | M52: Akses Masuk Sump Pit North | N52: PD | O52: HD093 menabrak vessel belakang DT1013 di akses masuk sump Pit North | P52: MENABRAK | Q52: FATIGUE | R52: LPI-51-VI-2022- MACO | S52: PD | T52: HPRI | U52: PJA Mining | V52: PJA Mining | W52: Shift 2 | X52: Fitriadi | Y52: 80001108 | Z52: Operator HDT | AA52: 3 Tahun 7 hari | AB52: 3 - 4 thn | AC52: 35 Tahun | AD52: 31-35 Tahun | AE52: Gen "Mileneal" (27-40 Tahun) | AF52: 44356 | AG52: 44724 | AH52: PHK | AI52: Sinaga Frakas | AJ52: Pembekalan POP Internal | AK52: 4 Bulan | AL52: - | AM52: Employee Awareness | AN52: Pelanggaran Prosedur | AO52: Fatigue | AP52: Tidak Dapat Mengelola Istirahat dengan Baik
A53: =A52+1 -> 52 | B53: 2022 | C53: MACO | D53: PT SIS | E53: 44753 | F53: JULI | G53: 44749 | H53: Kamis | I53: 23.00 WIB | J53: Workshop Lampunut | K53: WORKSHOP | L53: WORKSHOP | M53: Workshop Lampunut | N53: MTI | O53: Mekanik luka pada lengan kiri terkena lentingan palu tembaga di WS Lampunut | P53: LENTINGAN | Q53: TOOLS TIDAK LAYAK MASIH DIGUNAKAN | R53: LPI-52-VII-2022- MACO | S53: MTI | T53: NON HPRI | U53: PJA Plant CHPP | V53: PJA Plant CHPP | W53: Shift 2 | X53: Vinsa Cahyo Hadi Saputro | Y53: 80002254 | Z53: Mekanik | AA53: 9 Bulan | AB53: 3 bulan - 1 Tahun | AC53: 22 Tahun | AD53: 21-25 Tahun | AE53: Gen "Z" (19-26 Tahun) | AF53: 44648 | AG53: 44648 | AH53: - | AI53: Alif Aulya Nur F | AJ53: Pembekalan POP Internal | AK53: 8 Bulan | AL53: Sanksi SPDK | AM53: Employee Awareness | AN53: Pelanggaran Prosedur | AO53: Menggunakan peralatan kerja tidak layak | AP53: Tool keeper tidak memahami standar alat bantu kerja
A54: =A53+1 -> 53 | B54: 2022 | C54: MACO | D54: PT SIS | E54: 44753 | F54: JULI | G54: 44749 | H54: Kamis | I54: 00.40 WIB | J54: KM 3+500 | K54: HAULING | L54: SHR | M54: KM 04 | N54: PD | O54: DT030-0083 muatan tidak kuat menanjak kemudian rebah di KM 03+500 | P54: MUNDUR & REBAH | Q54: TIDAK DEFENSIVE DRIVING | R54: LPI-53-VII-2022- MACO | S54: PD | T54: HPRI | U54: PJA Hauling | V54: PJA Hauling | W54: Shift 2 | X54: Akhmad Firdaus | Y54: 80003024 | Z54: Operator DT | AA54: 1 Tahun 5 bulan | AB54: 1 - 2 Tahun | AC54: 28 Tahun | AD54: 26-30 Tahun | AE54: Gen "Mileneal" (27-40 Tahun) | AF54: 44575 | AG54: 44579 | AH54: Sanksi SPDK | AI54: Farid Nurrudin | AJ54: POP | AK54: 4 Tahun 7 Bulan | AL54: - | AM54: Employee Awareness | AN54: Pelanggaran Prosedur | AO54: Operator terbiasa menggunakan mode driving standart di jalan tanjakan | AP54: Operator terbiasa melewati tanjakan dengan gear 11 atau 9 karena merasa mampu
A55: =A54+1 -> 54 | B55: 2022 | C55: MACO | D55: PT SIS | E55: 44753 | F55: JULI | G55: 44755 | H55: Rabu | I55: 04.00 WIB | J55: KM 30+000 | K55: HAULING | L55: SHR | M55: KM 30 | N55: PD | O55: DT040-0009 Rebah di KM 30+000 | P55: REBAH | Q55: MENGONSUMSI ALKOHOL | R55: LPI-54-VII-2022- MACO | S55: PD | T55: HPRI | U55: PJA Hauling | V55: PJA Hauling | W55: Shift 2 | X55: Agoeng Adhi Kurniawan | Y55: 80000502 | Z55: Operator DT | AA55: 1 Tahun 4 Bulan | AB55: 1 - 2 Tahun | AC55: 33 Tahun | AD55: 31-35 Tahun | AE55: Gen "Mileneal" (27-40 Tahun) | AF55: 44555 | AG55: 44555 | AH55: PHK | AI55: Dwi Istiawan | AJ55: POP | AK55: 6 Bulan | AL55: - | AM55: Employee Awareness | AN55: Pelanggaran Prosedur | AO55: Operator dalam pengaruh alkohol pada saat operasi (Hasil pemeriksaan medis) | AP55: Kurangnya Kontrol Pengawasan pada saat jam kerja
A56: =A55+1 -> 55 | B56: 2022 | C56: MACO | D56: PT SIS | E56: 44753 | F56: JULI | G56: 44758 | H56: Sabtu | I56: 19.50 WIB | J56: KM 75+500 | K56: HAULING | L56: LNR | M56: KM 75 | N56: MTI | O56: DT030-0109 Rebah Kekanan | P56: REBAH | Q56: OVERSPEED | R56: LPI-55-VII-2022- MACO | S56: MTI | T56: HPRI | U56: PJA Hauling | V56: PJA Hauling | W56: Shift 2 | X56: Agusta Hendika | Y56: 80002361 | Z56: Operator DT | AA56: 10 Bulan | AB56: 1 - 2 Tahun | AC56: 27 Tahun | AD56: 26-30 Tahun | AE56: Gen "Mileneal" (27-40 Tahun) | AF56: 44509 | AG56: 44692 | AH56: PHK | AI56: Dwi Istiawan | AJ56: POP | AK56: 6 Bulan | AL56: - | AM56: Employee Awareness | AN56: Pelanggaran Prosedur | AO56: Operator DT 109 beroperasi pada kecepatan berlebih saat turunan (rambu kecepatan 30 km/jam & Wajib Gear 7 di jalan LNR) | AP56: Evaluasi perilaku mengemudi operator DT belum optimal dilakukan oleh Management PT SIS
A57: =A56+1 -> 56 | B57: 2022 | C57: MACO | D57: PT SIS | E57: 44753 | F57: JULI | G57: 44763 | H57: Kamis | I57: 08.30 WIB | J57: ROM PIT 1 | K57: HAULING | L57: ROM RAW | M57: ROM PIT 1 | N57: PD | O57: DT030-1008 rebah ke kanan ROM Pit 1 | P57: REBAH | Q57: TIDAK DEFENSIVE DRIVING | R57: LPI-56-VII-2022- MACO | S57: PD | T57: HPRI | U57: PJA Hauling | V57: PJA Hauling | W57: Shift 1 | X57: Aldi | Y57: 91221043 | Z57: Operator DT | AA57: 2 Tahun | AB57: 1 - 2 Tahun | AC57: 23 Tahun | AD57: 21-25 Tahun | AE57: Gen "Z" (19-26 Tahun) | AF57: 44621 | AG57: 44621 | AH57: Sanksi SPDK | AI57: Joni Palinggi | AJ57: POP | AK57: 1 Tahun | AL57: - | AM57: Employee Awareness | AN57: Kurangnya Keterampilan | AO57: Operator Kurang skill (Fakta Operator DT 1008 merupakan operator OJT dengan HM 392) | AP57: Kurangnya pengawasan dari instruktur terhadap kegiatan pelatihan OJT (Fakta Dalam SOP Pelatihan kegiatan OJT tidak memerlukan pendampingan namun aktual Instruktur menugaskan operator settingan unit sebagai pendamping / tidak masuk dalam kriteria operator pendamping)
A58: =A57+1 -> 57 | B58: 2022 | C58: MACO | D58: PT SIS | E58: 44753 | F58: JULI | G58: 44764 | H58: Jumat | I58: 15.30 WIB | J58: SHR - KM 34 | K58: HAULING | L58: SHR | M58: KM 34 | N58: NM | O58: DT030-0111 Muatan Amblas/sandar pada tanggul jalur Kosongan. | P58: AMBLAS | Q58: OVERSPEED | R58: LPI-57-VII-2022- MACO | S58: NM | T58: NON HPRI | U58: PJA Hauling | V58: PJA Hauling | W58: Shift 1 | X58: Rio Palinggi | Y58: 80002614 | Z58: Operator DT | AA58: 7 Bulan | AB58: 3 bulan - 1 Tahun | AC58: 35 Tahun | AD58: 31-35 Tahun | AE58: Gen "Mileneal" (27-40 Tahun) | AF58: 44576 | AG58: 44576 | AH58: Sanksi SPDK | AI58: Kaharuddin Eppe | AJ58: Pembekalan POP Internal | AK58: 6 Bulan | AL58: - | AM58: Employee Awareness | AN58: Pelanggaran Prosedur | AO58: Operator mengendarai unit dengan kecepatan lebih dari 50 km/jam (overspeed) | AP58: Operator kurang defensif saat mengoperasikan unit
A59: =A58+1 -> 58 | B59: 2022 | C59: MACO | D59: PT SIS | E59: 44753 | F59: JULI | G59: 44770 | H59: Kamis | I59: 08.15 WIB | J59: Waterfill KM 6 | K59: HAULING | L59: SHR | M59: KM 06 | N59: EI | O59: Ceceran Solar di Waterfill KM 6 | P59: CECERAN | Q59: P2H UNIT TIDAK MAKSIMAL | R59: LPI-58-VII-2022- MACO | S59: EI | T59: NON HPRI | U59: PJA Log Haju | V59: PJA Hauling | W59: Shift 1 | X59: M. Arjuni | Y59: 80004593 | Z59: Operator FT | AA59: 3 Bulan | AB59: 3 bulan - 1 Tahun | AC59: 30 Tahun | AD59: 26-30 Tahun | AE59: Gen "Mileneal" (27-40 Tahun) | AF59: 44735 | AG59: 44735 | AH59: - | AI59: Fachry Abdel Sardam | AJ59: Pembekalan POP Internal | AK59: 6 Bulan | AL59: - | AM59: Supervisory Skill | AN59: Pelanggaran Prosedur | AO59: Pengawas tidak melakukan pengecekan kondisi ponton waterfill yang miring | AP59: Pengisian solar tidak sesuai sesuai prosedur dikarenakan ponton waterfill tidak level/miring
A60: =A59+1 -> 59 | B60: 2022 | C60: MACO | D60: PT BMC | E60: 44784 | F60: AGST | G60: 44777 | H60: Kamis | I60: 17.04 WIB | J60: HW 1 | K60: MINING | L60: MINE ROAD | M60: HW 1 | N60: NM | O60: DT 1154 Tersandar kekiri di HW 1 | P60: MENABRAK | Q60: TIDAK DEFENSIVE DRIVING | R60: LPI-59-VIII-2022- MACO | S60: NM | T60: NON HPRI | U60: PJA Hauling | V60: PJA Hauling | W60: Shift 1 | X60: Benteng Andi Saputra | Y60: 222431 | Z60: Operator DT | AA60: 1 Bulan | AB60: < 3 bulan | AC60: 35 Tahun | AD60: 31-35 Tahun | AE60: Gen "Mileneal" (27-40 Tahun) | AF60: 44737 | AG60: 44737 | AH60: Sanksi SPDK | AI60: Imam Mustofa | AJ60: Pembekalan POP Internal | AK60: 8 Bulan | AL60: - | AM60: Employee Awareness | AN60: Pelanggaran Prosedur | AO60: operator memaksakan dumping dengan posisi yang salah | AP60: operator beberapa kali tidak melakukan prosedur kerja
A61: =A60+1 -> 60 | B61: 2022 | C61: MACO | D61: PT SIS | E61: 44784 | F61: AGST | G61: 44780 | H61: Minggu | I61: 08.00 WIB | J61: ROM Product | K61: HAULING | L61: ROM RAW | M61: ROM Product | N61: NM | O61: Nearmis DT040-0008 Tyre F1 lepas di ROM Product | P61: PART LEPAS | Q61: P2H UNIT TIDAK MAKSIMAL | R61: LPI-60-VIII-2022- MACO | S61: NM | T61: NON HPRI | U61: PJA Hauling | V61: PJA Hauling | W61: Shift 1 | X61: M Fahrurazi | Y61: 80002480 | Z61: Operator DT | AA61: 11 Bulan | AB61: 3 bulan - 1 Tahun | AC61: 34 Tahun | AD61: 31-35 Tahun | AE61: Gen "Mileneal" (27-40 Tahun) | AF61: 44637 | AG61: 44637 | AH61: Coaching & Counseling | AI61: Nofiyanto | AJ61: POP | AK61: 2 Tahun 2 Bulan | AL61: - | AM61: Employee Awareness | AN61: Kurangnya pengetahuan | AO61: Tidak detail saat pelaksanaan P2H | AP61: Tidak memastikan dengan detail kondisi Tyre unit
A62: =A61+1 -> 61 | B62: 2022 | C62: MACO | D62: PT SIS | E62: 44784 | F62: AGST | G62: 44787 | H62: Minggu | I62: 10.15 WIB | J62: SHR KM 15 | K62: HAULING | L62: SHR | M62: KM 15 | N62: NM | O62: Neamiss CT 010 - 0016 muatan tyre amblas di KM 15 | P62: AMBLAS | Q62: MAINTENANCE JALAN BELUM MAKSIMAL | R62: LPI-61-VIII-2022- MACO | S62: NM | T62: NON HPRI | U62: PJA Log Haju | V62: PJA Hauling | W62: Shift 1 | X62: Wandi | Y62: 80003199 | Z62: Operator CT | AA62: 1 Tahun 5 Bulan | AB62: 1 - 2 Tahun | AC62: 29 Tahun | AD62: 26-30 Tahun | AE62: Gen "Mileneal" (27-40 Tahun) | AF62: 44771 | AG62: 44771 | AH62: - | AI62: Imron Mashadi | AJ62: POP | AK62: 12 Tahun | AL62: - | AM62: SOP Compliance | AN62: Prosedur Kerja Tidak Memadai | AO62: Maintenance jalan tidak maksimal dilakukan | AP62: Jadwal maintenance jalan hauling tidak ada
A63: =A62+1 -> 62 | B63: 2022 | C63: MACO | D63: PT SIS | E63: 44784 | F63: AGST | G63: 44788 | H63: Senin | I63: 16.00 WIB | J63: KM 26 | K63: HAULING | L63: SHR | M63: KM 26 | N63: NM | O63: Neamiss DT 030 - 00104 amblas di KM 26 | P63: AMBLAS | Q63: TIDAK DEFENSIVE DRIVING | R63: LPI-62-VIII-2022- MACO | S63: NM | T63: NON HPRI | U63: PJA Hauling | V63: PJA Hauling | W63: Shift 1 | X63: Emanuel Naga | Y63: 800021819 | Z63: Operator CT | AA63: 1 Tahun | AB63: 1 - 2 Tahun | AC63: 24 Tahun | AD63: 21-25 Tahun | AE63: Gen "Z" (19-26 Tahun) | AF63: 44728 | AG63: 44728 | AH63: Sanksi SPDK | AI63: Farid Nurrudin | AJ63: POP | AK63: 4 Tahun 7 Bulan | AL63: Sanksi SPDK | AM63: Employee Awareness | AN63: Kurangnya Keterampilan | AO63: Mengambil jalur terlalu kekiri | AP63: menghindari 2 unit truck loging bermuatan
A64: =A63+1 -> 63 | B64: 2022 | C64: MACO | D64: PT CBML | E64: 44784 | F64: AGST | G64: 44794 | H64: Minggu | I64: 06.00 WIB | J64: TIA (Tuhup Integrated Area) | K64: HAULING | L64: PORT | M64: TIA (Tuhup Integrated Area) | N64: EI | O64: Ceceran Oli Pelumas Mesin di TIA (Tuhup Integrated Area) | P64: CECERAN | Q64: PENEMPATAN BARANG TIDAK PADA TEMPATNYA | R64: LPI-63-VIII-2022- MACO | S64: EI | T64: NON HPRI | U64: PJA Hauling | V64: PJA Hauling | W64: Shift 1 | X64: Ronny Carter | Y64: MP/CBML 22070003 | Z64: Pengawas | AA64: 1 Bulan | AB64: < 3 bulan | AC64: 37 Tahun | AD64: 36-40 Tahun | AE64: Gen "Mileneal" (27-40 Tahun) | AF64: 44789 | AG64: 44789 | AH64: Sanksi SPDK | AI64: Ronny Carter | AJ64: Pembekalan POP Internal | AK64: 2 bulan | AL64: Sanksi SPDK | AM64: Employee Awareness | AN64: Kurangnya pengetahuan | AO64: Penempatan drum tidak pada tempatnya yang berpotensi benturan drum | AP64: Merasa aman karena kemasan drum oli baru
A65: =A64+1 -> 64 | B65: 2022 | C65: MACO | D65: PT SIS | E65: 44784 | F65: AGST | G65: 44796 | H65: Selasa | I65: 16.50 WIB | J65: Yard Vendor WS MIA | K65: WORKSHOP | L65: WORKSHOP | M65: Yard Vendor WS MIA | N65: NM | O65: CT003-0009 Amblas di area Yard Vendor WS MIA | P65: AMBLAS | Q65: TIDAK DEFENSIVE DRIVING | R65: LPI-64-VIII-2022- MACO | S65: NM | T65: NON HPRI | U65: PJA Plant CHPP | V65: PJA Plant CHPP | W65: Shift 1 | X65: Alpikanor | Y65: 80002750 | Z65: Tyreman | AA65: 7 Bulan | AB65: 3 bulan - 1 Tahun | AC65: 26 Tahun | AD65: 26-30 Tahun | AE65: Gen "Mileneal" (27-40 Tahun) | AF65: 44635 | AG65: 44635 | AH65: - | AI65: Moh Ferian D C | AJ65: Pembekalan POP Internal | AK65: 1 tahun | AL65: - | AM65: Employee Awareness | AN65: Kurangnya pengetahuan | AO65: gagal dalam mengindentifikasi bahaya saat melewati area vendor | AP65: belum terbiasa melewati area tersebut
A66: =A65+1 -> 65 | B66: 2022 | C66: MACO | D66: PT SIS | E66: 44784 | F66: AGST | G66: 44797 | H66: Rabu | I66: 14.15 WIB | J66: KM 53 | K66: HAULING | L66: LNR | M66: KM 53 | N66: PD | O66: DT030-0144 muatan menyisir ke jalur kosongan di turunan KM 53 | P66: MENABRAK | Q66: TIDAK DEFENSIVE DRIVING | R66: LPI-65-VIII-2022- MACO | S66: PD | T66: HPRI | U66: PJA Hauling | V66: PJA Hauling | W66: Shift 1 | X66: Arif Hidayat | Y66: 80003008 | Z66: Operator DT | AA66: 2 Tahun 5 Bulan | AB66: 2 - 3 Tahun | AC66: 28 Tahun | AD66: 26-30 Tahun | AE66: Gen "Mileneal" (27-40 Tahun) | AF66: 44757 | AG66: 44757 | AH66: Sanksi SPDK | AI66: Ervan | AJ66: POP | AK66: 1 tahun 9 bulan | AL66: - | AM66: Employee Awareness | AN66: Pelanggaran Prosedur | AO66: Operator bermuatan mengambil jalur sisi kosongan | AP66: Motivasi yang salah saat menghindari jalan berdebu masuk di jalur muatan
A67: =A66+1 -> 66 | B67: 2022 | C67: MACO | D67: PT SIS | E67: 44784 | F67: AGST | G67: 44799 | H67: Jumat | I67: 19.50 WIB | J67: KM 46 | K67: HAULING | L67: LNR | M67: KM 46 | N67: PD | O67: DT040-0020 terperosok dan tersandar di bundwall Km 46 | P67: MENABRAK | Q67: TIDAK DEFENSIVE DRIVING | R67: LPI-66-VIII-2022- MACO | S67: NM | T67: NON HPRI | U67: PJA Hauling | V67: PJA Hauling | W67: Shift 2 | X67: Reza Falevi | Y67: 80002352 | Z67: Operator DT | AA67: 11 Bulan | AB67: 3 bulan - 1 Tahun | AC67: 30 Tahun | AD67: 26-30 Tahun | AE67: Gen "Mileneal" (27-40 Tahun) | AF67: 44767 | AG67: 44767 | AH67: Sanksi SPDK | AI67: Kaharuddin Eppe | AJ67: Pembekalan POP Internal | AK67: 6 Bulan | AL67: - | AM67: Employee Awareness | AN67: Kurangnya Keterampilan | AO67: Pandangan saat mengoperasikan unit teralihkan ke bawah untuk sementara waktu | AP67: Menempatkan PPT radio setelah lapor ke dispatch
A68: =A67+1 -> 67 | B68: 2022 | C68: MACO | D68: PT SIS | E68: 44784 | F68: AGST | G68: 44800 | H68: Sabtu | I68: 07.50 WIB | J68: KM 75+500 | K68: HAULING | L68: LNR | M68: KM 75 | N68: PD | O68: DT030-0084 muatan rebah di Km 75.500 | P68: REBAH | Q68: OVERSPEED | R68: LPI-67-VIII-2022- MACO | S68: PD | T68: HPRI | U68: PJA Hauling | V68: PJA Hauling | W68: Shift 1 | X68: Rafli Rahmat Dianur | Y68: 80002649 | Z68: Operator DT | AA68: 8 Bulan | AB68: 3 bulan - 1 Tahun | AC68: 24 Tahun | AD68: 21-25 Tahun | AE68: Gen "Z" (19-26 Tahun) | AF68: 44752 | AG68: 44752 | AH68: Sanksi SPDK | AI68: Ervan | AJ68: POP | AK68: 1 tahun 9 bulan | AL68: - | AM68: Employee Awareness | AN68: Pelanggaran Prosedur | AO68: Operator mengendarai unit dengan kecepatan lebih dari 50 km/jam (overspeed) | AP68: Menggunakan gear automatic & beranggapan agar tidak over runninng
A69: =A68+1 -> 68 | B69: 2022 | C69: MACO | D69: PT SIS | E69: 44805 | F69: SEPT | G69: 44826 | H69: Kamis | I69: 10.01 WIB | J69: Disposal Elv. 330 | K69: MINING | L69: PIT | M69: DISPOSAL 330 | N69: PD | O69: LV S - 114 Kemunduran Ripper Unit Grader 078 | P69: MENABRAK | Q69: PARKIR UNIT PADA RADIUS MANUVER UNIT | R69: LPI-68-IX-2022- MACO | S69: PD | T69: NON HPRI | U69: PJA Mining | V69: PJA Mining | W69: Shift 1 | X69: Ihsan | Y69: 80005328 | Z69: Group Leader | AA69: 2 Bulan | AB69: < 3 bulan | AC69: 35 Tahun | AD69: 31-35 Tahun | AE69: Gen "Mileneal" (27-40 Tahun) | AF69: 44781 | AG69: 44781 | AH69: Sanksi SPDK | AI69: Hadran | AJ69: POP | AK69: 1 Tahun | AL69: - | AM69: Employee Awareness | AN69: Pelanggaran Prosedur | AO69: Parkir unit berada di radius kerja unit grader | AP69: Kegagalan pengawas dan operator dalam melakukan komunikasi 2 arah
A70: =A69+1 -> 69 | B70: 2022 | C70: MACO | D70: PT SIS | E70: 44805 | F70: SEPT | G70: 44831 | H70: Senin | I70: 04.00 WIB | J70: KM 10 | K70: HAULING | L70: SHR | M70: KM 10 | N70: PD | O70: DT 159 Menyisir tanggul dan keluar jalur | P70: MENABRAK | Q70: FATIGUE | R70: LPI-69-IX-2022- MACO | S70: PD | T70: HPRI | U70: PJA Hauling | V70: PJA Hauling | W70: Shift 2 | X70: Renu Kuswoyo | Y70: 8000693 | Z70: Operator DT | AA70: 2 Tahun 6 Bulan | AB70: 2 - 3 Tahun | AC70: 32 Tahun | AD70: 31-35 Tahun | AE70: Gen "Mileneal" (27-40 Tahun) | AF70: 44498 | AG70: 44863 | AH70: Sanksi SPDK | AI70: Aljary | AJ70: POP | AK70: 3 Tahun 1 Bulan | AL70: - | AM70: Employee Awareness | AN70: Pelanggaran Prosedur | AO70: Fatigue | AP70: Tidak Dapat Mengelola Istirahat dengan Baik
A71: =A70+1 -> 70 | B71: 2022 | C71: MACO | D71: PT SIS | E71: 44805 | F71: SEPT | G71: 44829 | H71: Minggu | I71: 14.15 WIB | J71: KM 65 - LNR | K71: HAULING | L71: LNR | M71: KM 65 | N71: NM | O71: DT 1003 Brake Failure di KM 65 Jembatan Bau-bau | P71: OVERSPEED | Q71: OVERSPEED | R71: LPI-70-IX-2022- MACO | S71: NM | T71: NON HPRI | U71: PJA Hauling | V71: PJA Hauling | W71: Shift 1 | X71: Nurhadi | Y71: 80003780 | Z71: Operator DT | AA71: 5 Bulan | AB71: 3 bulan - 1 Tahun | AC71: 23 Tahun | AD71: 21-25 Tahun | AE71: Gen "Z" (19-26 Tahun) | AF71: 44699 | AG71: 44699 | AH71: Sanksi SPDK | AI71: Aljary | AJ71: POP | AK71: 3 Tahun 1 Bulan | AL71: - | AM71: Employee Awareness | AN71: Pelanggaran Prosedur | AO71: Metode Operasi Yang salah mengemudikan kecepatan melebihi batas rambu 30 km/jam saat turunan - Actual transmisi 6L 950 km/jam)_(Kurangnya pengetahuan operator dalam pengoperasian unit di jalan turunan karena baru sebulan beroperasi di area hauling) | AP71: Kurangnya pengetahuan operator terhadap bahaya kategori (AA)
A72: =A71+1 -> 71 | B72: 2022 | C72: MACO | D72: PT SIS | E72: 44835 | F72: OKT | G72: 44842 | H72: Minggu | I72: 02.45 WIB | J72: KM 66 | K72: HAULING | L72: LNR | M72: KM 65 | N72: PD | O72: DT 128 Menyisir tanggul dari arah muatan ke kosongan di KM 66 | P72: MENABRAK | Q72: FATIGUE | R72: LPI-71-X-2022- MACO | S72: PD | T72: HPRI | U72: PJA Hauling | V72: PJA Hauling | W72: Shift 1 | X72: Elsano Harapandie | Y72: 80003035 | Z72: Operator DT | AA72: 1 Tahun 8 Bulan | AB72: 1 - 2 Tahun | AC72: 26 Tahun | AD72: 26-30 Tahun | AE72: Gen "Mileneal" (27-40 Tahun) | AI72: Kaharuddin Eppe | AJ72: Pembekalan POP Internal | AK72: 6 Bulan
A73: =A72+1 -> 72 | B73: 2022 | C73: MACO | D73: PT SIS | E73: 44835 | F73: OKT | G73: 44845 | H73: Selasa | I73: 20.00 WIB | J73: Workshop MIA CHPP | K73: WORKSHOP | L73: WORKSHOP | M73: Workshop MIA CHPP | N73: PD | O73: HD 513 Menyenggol Canopy Atap Bays 1 Saat Dumping Untuk Pengukuran PPM | P73: MENABRAK | R73: LPI-72-X-2022- MACO | S73: PD | T73: NON HPRI | U73: PJA Plant CHPP | V73: PJA Plant CHPP | W73: Shift 2 | X73: Muhammad Puguh Khuirul Umam | Y73: 80000429 | Z73: Mekanik | AA73: 1 Tahun 8 Bulan | AB73: 1 - 2 Tahun | AI73: Rudianto | AJ73: Pembekalan POP Internal
A74: =A73+1 -> 73 | B74: 2022 | C74: MACO | D74: PT SIS | E74: 44835 | F74: OKT | G74: 44845 | H74: Selasa | I74: 09.30 WIB | J74: KM 01 | K74: HAULING | L74: SHR | M74: KM 01 | N74: EI | O74: Ceceran Oli Hidrolik WT044 ke Tanah Km 01 | P74: CECERAN | R74: LPI-73-X-2022- MACO | S74: EI | T74: NON HPRI | U74: PJA Hauling | V74: PJA Hauling | W74: Shift 1 | X74: Muhammad Surahman | Y74: 80004987 | Z74: Operator WT | AA74: 2 Bulan | AB74: < 3 bulan | AI74: Eko W | AJ74: POP | AK74: 07 Tahun 10 Bulan
A75: =A74+1 -> 74 | B75: 2022 | C75: MACO | D75: PT SIS | E75: 44835 | F75: OKT | G75: 44849 | H75: Sabtu | I75: 04.00 WIB | J75: KM 26 | K75: HAULING | L75: SHR | M75: KM 26 | N75: NM | O75: DT040-0025 Amblas KM 26 | P75: AMBLAS | R75: LPI-74-X-2022- MACO | S75: NM | T75: NON HPRI | U75: PJA Hauling | V75: PJA Hauling | W75: Shift 2 | X75: Ferdy Pranata | Y75: 80002566 | Z75: Operator DT | AA75: 10 Bulan | AB75: 3 bulan - 1 Tahun | AI75: Kaharuddin Eppe | AJ75: Pembekalan POP Internal | AK75: 6 Bulan

Sheet ANALISA INSIDEN
